nohup: ignoring input
make: Nothing to be done for 'run'.
******* testar.sh 280  ********
analise80.sh: line 22: ./testar.sh: Permission denied


*** determinar crescimento de RS em relacao 280 robos ****


Experimento numero 1


mv: cannot stat 'logs': No such file or directory
/home/andersoney/algoritmotcc
Stage 4.3.0 [GUI disabled]
 [Loading automatic1.world][Include map.inc][Include sick.inc][Include pioneer.inc]
Destroyed robot240!
Destroyed robot271!
Destroyed robot36!
Destroyed robot110!
Destroyed robot245!
Destroyed robot151!
Destroyed robot6!
Destroyed robot126!
Destroyed robot226!
Destroyed robot197!
Destroyed robot43!
Destroyed robot23!
Destroyed robot68!
Destroyed robot27!
Destroyed robot229!
Destroyed robot239!
Destroyed robot145!
Destroyed robot87!
Destroyed robot190!
Destroyed robot58!
Destroyed robot103!
Destroyed robot51!
Destroyed robot47!
Destroyed robot78!
Destroyed robot74!
Destroyed robot210!
Destroyed robot235!
Destroyed robot34!
Destroyed robot114!
Destroyed robot45!
Destroyed robot14!
Destroyed robot106!
Destroyed robot73!
Destroyed robot61!
Destroyed robot98!
Destroyed robot221!
Destroyed robot37!
Destroyed robot5!
Destroyed robot207!
Destroyed robot10!
Destroyed robot274!
Destroyed robot224!
Destroyed robot131!
Destroyed robot159!
Destroyed robot2!
Destroyed robot200!
Destroyed robot82!
Destroyed robot264!
Destroyed robot272!
Destroyed robot72!
Destroyed robot50!
Destroyed robot157!
Destroyed robot102!
Destroyed robot30!
Destroyed robot208!
Destroyed robot203!
Destroyed robot132!
Destroyed robot250!
Destroyed robot227!
Destroyed robot53!
Destroyed robot194!
Destroyed robot213!
Destroyed robot105!
Destroyed robot11!
Destroyed robot113!
Destroyed robot64!
Destroyed robot171!
Destroyed robot146!
Destroyed robot120!
Destroyed robot83!
Destroyed robot116!
Destroyed robot148!
Destroyed robot241!
Destroyed robot147!
Destroyed robot218!
Destroyed robot254!
Destroyed robot38!
Destroyed robot133!
Destroyed robot26!
Destroyed robot35!
Destroyed robot75!
Destroyed robot19!
Destroyed robot137!
Destroyed robot100!
Destroyed robot52!
Destroyed robot128!
Destroyed robot29!
Destroyed robot155!
Destroyed robot186!
Destroyed robot169!
Destroyed robot266!
Destroyed robot168!
Destroyed robot63!
Destroyed robot104!
Destroyed robot219!
Destroyed robot231!
Destroyed robot163!
Destroyed robot95!
Destroyed robot158!
Destroyed robot276!
Destroyed robot108!
Destroyed robot32!
Destroyed robot141!
Destroyed robot204!
Destroyed robot187!
Destroyed robot238!
Destroyed robot81!
Destroyed robot39!
Destroyed robot109!
Destroyed robot177!
Destroyed robot252!
Destroyed robot112!
Destroyed robot117!
Destroyed robot85!
Destroyed robot4!
Destroyed robot216!
Destroyed robot54!
Destroyed robot255!
Destroyed robot259!
Destroyed robot175!
Destroyed robot142!
Destroyed robot268!
Destroyed robot160!
Destroyed robot140!
Destroyed robot71!
Destroyed robot62!
Destroyed robot220!
Destroyed robot198!
Destroyed robot76!
Destroyed robot223!
Destroyed robot119!
Destroyed robot195!
Destroyed robot139!
Destroyed robot127!
Destroyed robot9!
Destroyed robot188!
Destroyed robot167!
Destroyed robot269!
Destroyed robot124!
Destroyed robot150!
Destroyed robot135!
Destroyed robot202!
Destroyed robot196!
Destroyed robot3!
Destroyed robot67!
Destroyed robot16!
Destroyed robot193!
Destroyed robot260!
Destroyed robot79!
Destroyed robot183!
Destroyed robot99!
Destroyed robot48!
Destroyed robot56!
Destroyed robot13!
Destroyed robot96!
Destroyed robot278!
Destroyed robot212!
Destroyed robot265!
Destroyed robot256!
Destroyed robot65!
Destroyed robot118!
Destroyed robot154!
Destroyed robot185!
Destroyed robot217!
Destroyed robot149!
Destroyed robot92!
Destroyed robot162!
Destroyed robot178!
Destroyed robot248!
Destroyed robot233!
Destroyed robot236!
Destroyed robot181!
Destroyed robot18!
Destroyed robot107!
Destroyed robot15!
Destroyed robot121!
Destroyed robot44!
Destroyed robot249!
Destroyed robot222!
Destroyed robot101!
Destroyed robot234!
Destroyed robot173!
Destroyed robot7!
Destroyed robot275!
Destroyed robot182!
Destroyed robot24!
Destroyed robot267!
Destroyed robot214!
Destroyed robot279!
Destroyed robot225!
Destroyed robot69!
Destroyed robot42!
Destroyed robot55!
Destroyed robot170!
Destroyed robot66!
Destroyed robot199!
Destroyed robot192!
Destroyed robot22!
Destroyed robot209!
Destroyed robot89!
Destroyed robot70!
Destroyed robot166!
Destroyed robot40!
Destroyed robot91!
Destroyed robot253!
Destroyed robot111!
Destroyed robot21!
Destroyed robot125!
Destroyed robot49!
Destroyed robot31!
Destroyed robot94!
Destroyed robot33!
Destroyed robot176!
Destroyed robot84!
Destroyed robot205!
Destroyed robot246!
Destroyed robot277!
Destroyed robot180!
Destroyed robot17!
Destroyed robot247!
Destroyed robot115!
Destroyed robot243!
Destroyed robot179!
Destroyed robot97!
Destroyed robot41!
Destroyed robot211!
Destroyed robot12!
Destroyed robot57!
Destroyed robot270!
Destroyed robot46!
Destroyed robot25!
Destroyed robot273!
Destroyed robot134!
Destroyed robot191!
Destroyed robot129!
Destroyed robot130!
Destroyed robot251!
Destroyed robot86!
Destroyed robot228!
Destroyed robot77!
Destroyed robot20!
Destroyed robot90!
Destroyed robot262!
Destroyed robot156!
Destroyed robot242!
Destroyed robot230!
Destroyed robot215!
Destroyed robot161!
Destroyed robot263!
Destroyed robot261!
Destroyed robot189!
Destroyed robot138!
Destroyed robot152!
Destroyed robot172!
Destroyed robot174!
Destroyed robot244!
Destroyed robot8!
Destroyed robot237!
Destroyed robot122!
Destroyed robot80!
Destroyed robot184!
Destroyed robot59!
Destroyed robot88!
Destroyed robot0!
Destroyed robot136!
Destroyed robot201!
Destroyed robot93!
Destroyed robot206!
Destroyed robot123!
Destroyed robot232!
Destroyed robot60!
Destroyed robot28!
Destroyed robot165!
Destroyed robot257!
Destroyed robot143!
Destroyed robot1!
Destroyed robot144!
Destroyed robot164!
Destroyed robot258!
******* testar.sh 280  ********


*** determinar crescimento de RS em relacao 280 robos ****


Experimento numero 2


analise80.sh: line 22: ./testar.sh: Permission denied
mv: cannot stat 'logs': No such file or directory
/home/andersoney/algoritmotcc
Stage 4.3.0 [GUI disabled]
 [Loading automatic1.world][Include map.inc][Include sick.inc][Include pioneer.inc]
Destroyed robot53!
Destroyed robot239!
Destroyed robot109!
Destroyed robot224!
Destroyed robot275!
Destroyed robot22!
Destroyed robot21!
Destroyed robot225!
Destroyed robot52!
Destroyed robot69!
Destroyed robot115!
Destroyed robot40!
Destroyed robot188!
Destroyed robot148!
Destroyed robot164!
Destroyed robot44!
Destroyed robot199!
Destroyed robot7!
Destroyed robot254!
Destroyed robot50!
Destroyed robot79!
Destroyed robot73!
Destroyed robot49!
Destroyed robot126!
Destroyed robot3!
Destroyed robot276!
Destroyed robot2!
Destroyed robot18!
Destroyed robot122!
Destroyed robot273!
Destroyed robot101!
Destroyed robot58!
Destroyed robot137!
Destroyed robot134!
Destroyed robot195!
Destroyed robot110!
Destroyed robot81!
Destroyed robot64!
Destroyed robot241!
Destroyed robot170!
Destroyed robot67!
Destroyed robot251!
Destroyed robot253!
Destroyed robot131!
Destroyed robot223!
Destroyed robot138!
Destroyed robot238!
Destroyed robot202!
Destroyed robot106!
Destroyed robot166!
Destroyed robot250!
Destroyed robot235!
Destroyed robot32!
Destroyed robot149!
Destroyed robot219!
Destroyed robot45!
Destroyed robot12!
Destroyed robot186!
Destroyed robot41!
Destroyed robot15!
Destroyed robot269!
Destroyed robot68!
Destroyed robot130!
Destroyed robot233!
Destroyed robot62!
Destroyed robot167!
Destroyed robot242!
Destroyed robot249!
Destroyed robot154!
Destroyed robot78!
Destroyed robot196!
Destroyed robot216!
Destroyed robot169!
Destroyed robot136!
Destroyed robot198!
Destroyed robot87!
Destroyed robot177!
Destroyed robot255!
Destroyed robot277!
Destroyed robot42!
Destroyed robot100!
Destroyed robot54!
Destroyed robot279!
Destroyed robot145!
Destroyed robot259!
Destroyed robot180!
Destroyed robot244!
Destroyed robot80!
Destroyed robot246!
Destroyed robot189!
Destroyed robot258!
Destroyed robot70!
Destroyed robot77!
Destroyed robot0!
Destroyed robot155!
Destroyed robot211!
Destroyed robot56!
Destroyed robot214!
Destroyed robot71!
Destroyed robot48!
Destroyed robot237!
Destroyed robot139!
Destroyed robot262!
Destroyed robot132!
Destroyed robot9!
Destroyed robot98!
Destroyed robot161!
Destroyed robot171!
Destroyed robot265!
Destroyed robot194!
Destroyed robot85!
Destroyed robot113!
Destroyed robot105!
Destroyed robot201!
Destroyed robot5!
Destroyed robot187!
Destroyed robot88!
Destroyed robot245!
Destroyed robot119!
Destroyed robot168!
Destroyed robot144!
Destroyed robot193!
Destroyed robot264!
Destroyed robot124!
Destroyed robot221!
Destroyed robot218!
Destroyed robot141!
Destroyed robot272!
Destroyed robot123!
Destroyed robot117!
Destroyed robot150!
Destroyed robot205!
Destroyed robot43!
Destroyed robot192!
Destroyed robot10!
Destroyed robot82!
Destroyed robot157!
Destroyed robot140!
Destroyed robot173!
Destroyed robot6!
Destroyed robot271!
Destroyed robot248!
Destroyed robot90!
Destroyed robot185!
Destroyed robot210!
Destroyed robot135!
Destroyed robot182!
Destroyed robot226!
Destroyed robot268!
Destroyed robot39!
Destroyed robot26!
Destroyed robot212!
Destroyed robot99!
Destroyed robot266!
Destroyed robot165!
Destroyed robot47!
Destroyed robot17!
Destroyed robot57!
Destroyed robot116!
Destroyed robot112!
Destroyed robot121!
Destroyed robot72!
Destroyed robot231!
Destroyed robot8!
Destroyed robot204!
Destroyed robot228!
Destroyed robot163!
Destroyed robot263!
Destroyed robot103!
Destroyed robot114!
Destroyed robot28!
Destroyed robot162!
Destroyed robot143!
Destroyed robot174!
Destroyed robot61!
Destroyed robot120!
Destroyed robot152!
Destroyed robot208!
Destroyed robot256!
Destroyed robot92!
Destroyed robot278!
Destroyed robot36!
Destroyed robot227!
Destroyed robot209!
Destroyed robot97!
Destroyed robot11!
Destroyed robot93!
Destroyed robot261!
Destroyed robot229!
Destroyed robot178!
Destroyed robot30!
Destroyed robot133!
Destroyed robot125!
Destroyed robot27!
Destroyed robot102!
Destroyed robot197!
Destroyed robot146!
Destroyed robot252!
Destroyed robot91!
Destroyed robot232!
Destroyed robot172!
Destroyed robot46!
Destroyed robot35!
Destroyed robot63!
Destroyed robot96!
Destroyed robot55!
Destroyed robot34!
Destroyed robot207!
Destroyed robot37!
Destroyed robot111!
Destroyed robot108!
Destroyed robot76!
Destroyed robot184!
Destroyed robot59!
Destroyed robot220!
Destroyed robot51!
Destroyed robot89!
Destroyed robot160!
Destroyed robot190!
Destroyed robot23!
Destroyed robot142!
Destroyed robot75!
Destroyed robot156!
Destroyed robot33!
Destroyed robot118!
Destroyed robot230!
Destroyed robot179!
Destroyed robot181!
Destroyed robot236!
Destroyed robot19!
Destroyed robot65!
Destroyed robot222!
Destroyed robot175!
Destroyed robot153!
Destroyed robot31!
Destroyed robot274!
Destroyed robot95!
Destroyed robot24!
Destroyed robot247!
Destroyed robot203!
Destroyed robot260!
Destroyed robot74!
Destroyed robot60!
Destroyed robot104!
Destroyed robot86!
Destroyed robot1!
Destroyed robot213!
Destroyed robot183!
Destroyed robot128!
Destroyed robot270!
Destroyed robot215!
Destroyed robot38!
Destroyed robot159!
Destroyed robot129!
Destroyed robot158!
Destroyed robot84!
Destroyed robot267!
Destroyed robot200!
Destroyed robot107!
Destroyed robot29!
Destroyed robot94!
Destroyed robot20!
Destroyed robot127!
Destroyed robot25!
Destroyed robot243!
Destroyed robot151!
Destroyed robot217!
Destroyed robot257!
Destroyed robot66!
Destroyed robot16!
Destroyed robot83!
Destroyed robot147!
Destroyed robot206!
Destroyed robot13!
Destroyed robot191!
Destroyed robot234!
Destroyed robot4!
Destroyed robot176!
Destroyed robot14!
******* testar.sh 280  ********


*** determinar crescimento de RS em relacao 280 robos ****


Experimento numero 3


analise80.sh: line 22: ./testar.sh: Permission denied
mv: cannot stat 'logs': No such file or directory
/home/andersoney/algoritmotcc
Stage 4.3.0 [GUI disabled]
 [Loading automatic1.world][Include map.inc][Include sick.inc][Include pioneer.inc]
Destroyed robot162!
Destroyed robot85!
Destroyed robot72!
Destroyed robot47!
Destroyed robot20!
Destroyed robot17!
Destroyed robot61!
Destroyed robot169!
Destroyed robot206!
Destroyed robot39!
Destroyed robot68!
Destroyed robot203!
Destroyed robot258!
Destroyed robot255!
Destroyed robot108!
Destroyed robot62!
Destroyed robot11!
Destroyed robot152!
Destroyed robot136!
Destroyed robot187!
Destroyed robot117!
Destroyed robot3!
Destroyed robot195!
Destroyed robot44!
Destroyed robot13!
Destroyed robot66!
Destroyed robot171!
Destroyed robot106!
Destroyed robot242!
Destroyed robot112!
Destroyed robot189!
Destroyed robot55!
Destroyed robot58!
Destroyed robot234!
Destroyed robot63!
Destroyed robot240!
Destroyed robot236!
Destroyed robot12!
Destroyed robot133!
Destroyed robot124!
Destroyed robot233!
Destroyed robot18!
Destroyed robot49!
Destroyed robot212!
Destroyed robot248!
Destroyed robot143!
Destroyed robot89!
Destroyed robot221!
Destroyed robot192!
Destroyed robot21!
Destroyed robot6!
Destroyed robot227!
Destroyed robot198!
Destroyed robot186!
Destroyed robot23!
Destroyed robot77!
Destroyed robot1!
Destroyed robot29!
Destroyed robot272!
Destroyed robot191!
Destroyed robot9!
Destroyed robot246!
Destroyed robot142!
Destroyed robot207!
Destroyed robot123!
Destroyed robot50!
Destroyed robot75!
Destroyed robot41!
Destroyed robot146!
Destroyed robot46!
Destroyed robot121!
Destroyed robot45!
Destroyed robot118!
Destroyed robot268!
Destroyed robot178!
Destroyed robot74!
Destroyed robot243!
Destroyed robot103!
Destroyed robot48!
Destroyed robot214!
Destroyed robot125!
Destroyed robot176!
Destroyed robot16!
Destroyed robot8!
Destroyed robot264!
Destroyed robot196!
Destroyed robot184!
Destroyed robot164!
Destroyed robot252!
Destroyed robot73!
Destroyed robot241!
Destroyed robot199!
Destroyed robot185!
Destroyed robot107!
Destroyed robot113!
Destroyed robot64!
Destroyed robot137!
Destroyed robot140!
Destroyed robot179!
Destroyed robot244!
Destroyed robot111!
Destroyed robot155!
Destroyed robot180!
Destroyed robot211!
Destroyed robot183!
Destroyed robot273!
Destroyed robot216!
Destroyed robot230!
Destroyed robot0!
Destroyed robot247!
Destroyed robot194!
Destroyed robot33!
Destroyed robot222!
Destroyed robot100!
Destroyed robot40!
Destroyed robot150!
Destroyed robot153!
Destroyed robot105!
Destroyed robot15!
Destroyed robot38!
Destroyed robot239!
Destroyed robot126!
Destroyed robot267!
Destroyed robot114!
Destroyed robot182!
Destroyed robot271!
Destroyed robot145!
Destroyed robot28!
Destroyed robot166!
Destroyed robot37!
Destroyed robot177!
Destroyed robot35!
Destroyed robot237!
Destroyed robot116!
Destroyed robot43!
Destroyed robot208!
Destroyed robot24!
Destroyed robot174!
Destroyed robot83!
Destroyed robot275!
Destroyed robot231!
Destroyed robot25!
Destroyed robot95!
Destroyed robot54!
Destroyed robot228!
Destroyed robot190!
Destroyed robot27!
Destroyed robot193!
Destroyed robot163!
Destroyed robot151!
Destroyed robot265!
Destroyed robot101!
Destroyed robot88!
Destroyed robot210!
Destroyed robot97!
Destroyed robot188!
Destroyed robot14!
Destroyed robot5!
Destroyed robot128!
Destroyed robot90!
Destroyed robot78!
Destroyed robot104!
Destroyed robot130!
Destroyed robot279!
Destroyed robot86!
Destroyed robot127!
Destroyed robot84!
Destroyed robot238!
Destroyed robot245!
Destroyed robot135!
Destroyed robot60!
Destroyed robot149!
Destroyed robot276!
Destroyed robot274!
Destroyed robot159!
Destroyed robot115!
Destroyed robot181!
Destroyed robot132!
Destroyed robot197!
Destroyed robot170!
Destroyed robot257!
Destroyed robot79!
Destroyed robot69!
Destroyed robot22!
Destroyed robot266!
Destroyed robot165!
Destroyed robot94!
Destroyed robot67!
Destroyed robot154!
Destroyed robot175!
Destroyed robot92!
Destroyed robot87!
Destroyed robot4!
Destroyed robot109!
Destroyed robot98!
Destroyed robot56!
Destroyed robot158!
Destroyed robot173!
Destroyed robot156!
Destroyed robot36!
Destroyed robot26!
Destroyed robot141!
Destroyed robot232!
Destroyed robot256!
Destroyed robot261!
Destroyed robot157!
Destroyed robot2!
Destroyed robot225!
Destroyed robot71!
Destroyed robot253!
Destroyed robot251!
Destroyed robot201!
Destroyed robot223!
Destroyed robot138!
Destroyed robot270!
Destroyed robot161!
Destroyed robot93!
Destroyed robot102!
Destroyed robot147!
Destroyed robot213!
Destroyed robot249!
Destroyed robot57!
Destroyed robot82!
Destroyed robot134!
Destroyed robot277!
Destroyed robot10!
Destroyed robot217!
Destroyed robot215!
Destroyed robot42!
Destroyed robot250!
Destroyed robot269!
Destroyed robot167!
Destroyed robot254!
Destroyed robot278!
Destroyed robot120!
Destroyed robot129!
Destroyed robot131!
Destroyed robot226!
Destroyed robot34!
Destroyed robot81!
Destroyed robot144!
Destroyed robot259!
Destroyed robot168!
Destroyed robot139!
Destroyed robot218!
Destroyed robot204!
Destroyed robot209!
Destroyed robot172!
Destroyed robot96!
Destroyed robot202!
Destroyed robot7!
Destroyed robot99!
Destroyed robot110!
Destroyed robot65!
Destroyed robot31!
Destroyed robot52!
Destroyed robot53!
Destroyed robot263!
Destroyed robot229!
Destroyed robot219!
Destroyed robot220!
Destroyed robot76!
Destroyed robot122!
Destroyed robot200!
Destroyed robot262!
Destroyed robot51!
Destroyed robot91!
Destroyed robot160!
Destroyed robot32!
Destroyed robot260!
Destroyed robot59!
Destroyed robot19!
Destroyed robot148!
Destroyed robot235!
Destroyed robot80!
Destroyed robot70!
Destroyed robot119!
Destroyed robot30!
Destroyed robot224!
******* testar.sh 280  ********


*** determinar crescimento de RS em relacao 280 robos ****


Experimento numero 4


analise80.sh: line 22: ./testar.sh: Permission denied
mv: cannot stat 'logs': No such file or directory
/home/andersoney/algoritmotcc
Stage 4.3.0 [GUI disabled]
 [Loading automatic1.world][Include map.inc][Include sick.inc][Include pioneer.inc]
Destroyed robot162!
Destroyed robot216!
Destroyed robot140!
Destroyed robot110!
Destroyed robot206!
Destroyed robot84!
Destroyed robot132!
Destroyed robot119!
Destroyed robot238!
Destroyed robot88!
Destroyed robot136!
Destroyed robot184!
Destroyed robot31!
Destroyed robot267!
Destroyed robot47!
Destroyed robot169!
Destroyed robot77!
Destroyed robot52!
Destroyed robot256!
Destroyed robot78!
Destroyed robot220!
Destroyed robot96!
Destroyed robot59!
Destroyed robot108!
Destroyed robot275!
Destroyed robot26!
Destroyed robot230!
Destroyed robot104!
Destroyed robot205!
Destroyed robot278!
Destroyed robot6!
Destroyed robot178!
Destroyed robot19!
Destroyed robot17!
Destroyed robot143!
Destroyed robot255!
Destroyed robot70!
Destroyed robot215!
Destroyed robot276!
Destroyed robot3!
Destroyed robot225!
Destroyed robot258!
Destroyed robot60!
Destroyed robot246!
Destroyed robot67!
Destroyed robot51!
Destroyed robot125!
Destroyed robot18!
Destroyed robot7!
Destroyed robot81!
Destroyed robot25!
Destroyed robot200!
Destroyed robot257!
Destroyed robot232!
Destroyed robot124!
Destroyed robot107!
Destroyed robot85!
Destroyed robot44!
Destroyed robot167!
Destroyed robot229!
Destroyed robot261!
Destroyed robot49!
Destroyed robot64!
Destroyed robot118!
Destroyed robot109!
Destroyed robot43!
Destroyed robot2!
Destroyed robot55!
Destroyed robot1!
Destroyed robot23!
Destroyed robot71!
Destroyed robot270!
Destroyed robot137!
Destroyed robot80!
Destroyed robot120!
Destroyed robot210!
Destroyed robot191!
Destroyed robot13!
Destroyed robot10!
Destroyed robot157!
Destroyed robot127!
Destroyed robot86!
Destroyed robot105!
Destroyed robot234!
Destroyed robot219!
Destroyed robot65!
Destroyed robot24!
Destroyed robot14!
Destroyed robot202!
Destroyed robot130!
Destroyed robot5!
Destroyed robot102!
Destroyed robot54!
Destroyed robot224!
Destroyed robot150!
Destroyed robot155!
Destroyed robot62!
Destroyed robot186!
Destroyed robot83!
Destroyed robot146!
Destroyed robot175!
Destroyed robot156!
Destroyed robot103!
Destroyed robot16!
Destroyed robot48!
Destroyed robot188!
Destroyed robot243!
Destroyed robot211!
Destroyed robot249!
Destroyed robot39!
Destroyed robot265!
Destroyed robot164!
Destroyed robot91!
Destroyed robot145!
Destroyed robot247!
Destroyed robot245!
Destroyed robot87!
Destroyed robot142!
Destroyed robot38!
Destroyed robot98!
Destroyed robot173!
Destroyed robot228!
Destroyed robot66!
Destroyed robot92!
Destroyed robot129!
Destroyed robot126!
Destroyed robot194!
Destroyed robot15!
Destroyed robot231!
Destroyed robot204!
Destroyed robot115!
Destroyed robot100!
Destroyed robot201!
Destroyed robot128!
Destroyed robot68!
Destroyed robot41!
Destroyed robot226!
Destroyed robot32!
Destroyed robot272!
Destroyed robot198!
Destroyed robot0!
Destroyed robot168!
Destroyed robot73!
Destroyed robot264!
Destroyed robot123!
Destroyed robot260!
Destroyed robot74!
Destroyed robot268!
Destroyed robot30!
Destroyed robot251!
Destroyed robot4!
Destroyed robot177!
Destroyed robot72!
Destroyed robot141!
Destroyed robot46!
Destroyed robot61!
Destroyed robot133!
Destroyed robot193!
Destroyed robot144!
Destroyed robot63!
Destroyed robot22!
Destroyed robot114!
Destroyed robot117!
Destroyed robot237!
Destroyed robot197!
Destroyed robot27!
Destroyed robot112!
Destroyed robot241!
Destroyed robot57!
Destroyed robot176!
Destroyed robot36!
Destroyed robot45!
Destroyed robot235!
Destroyed robot33!
Destroyed robot28!
Destroyed robot34!
Destroyed robot121!
Destroyed robot183!
Destroyed robot185!
Destroyed robot222!
Destroyed robot239!
Destroyed robot116!
Destroyed robot69!
Destroyed robot154!
Destroyed robot134!
Destroyed robot274!
Destroyed robot189!
Destroyed robot253!
Destroyed robot75!
Destroyed robot187!
Destroyed robot8!
Destroyed robot233!
Destroyed robot82!
Destroyed robot131!
Destroyed robot149!
Destroyed robot76!
Destroyed robot174!
Destroyed robot182!
Destroyed robot29!
Destroyed robot151!
Destroyed robot165!
Destroyed robot207!
Destroyed robot40!
Destroyed robot236!
Destroyed robot279!
Destroyed robot135!
Destroyed robot122!
Destroyed robot99!
Destroyed robot147!
Destroyed robot259!
Destroyed robot97!
Destroyed robot50!
Destroyed robot159!
Destroyed robot244!
Destroyed robot138!
Destroyed robot262!
Destroyed robot53!
Destroyed robot195!
Destroyed robot240!
Destroyed robot12!
Destroyed robot163!
Destroyed robot254!
Destroyed robot172!
Destroyed robot89!
Destroyed robot221!
Destroyed robot171!
Destroyed robot148!
Destroyed robot20!
Destroyed robot181!
Destroyed robot101!
Destroyed robot250!
Destroyed robot113!
Destroyed robot273!
Destroyed robot212!
Destroyed robot223!
Destroyed robot160!
Destroyed robot209!
Destroyed robot90!
Destroyed robot95!
Destroyed robot213!
Destroyed robot190!
Destroyed robot242!
Destroyed robot42!
Destroyed robot153!
Destroyed robot161!
Destroyed robot79!
Destroyed robot170!
Destroyed robot217!
Destroyed robot269!
Destroyed robot11!
Destroyed robot37!
Destroyed robot263!
Destroyed robot94!
Destroyed robot199!
Destroyed robot248!
Destroyed robot158!
Destroyed robot139!
Destroyed robot203!
Destroyed robot208!
Destroyed robot196!
Destroyed robot93!
Destroyed robot111!
Destroyed robot166!
Destroyed robot192!
Destroyed robot56!
Destroyed robot179!
Destroyed robot35!
Destroyed robot266!
Destroyed robot21!
Destroyed robot214!
Destroyed robot252!
Destroyed robot152!
Destroyed robot180!
Destroyed robot271!
Destroyed robot58!
Destroyed robot218!
Destroyed robot9!
Destroyed robot227!
Destroyed robot277!
******* testar.sh 280  ********


*** determinar crescimento de RS em relacao 280 robos ****


Experimento numero 5


analise80.sh: line 22: ./testar.sh: Permission denied
mv: cannot stat 'logs': No such file or directory
/home/andersoney/algoritmotcc
Stage 4.3.0 [GUI disabled]
 [Loading automatic1.world][Include map.inc][Include sick.inc][Include pioneer.inc]
Destroyed robot276!
Destroyed robot86!
Destroyed robot197!
Destroyed robot203!
Destroyed robot229!
Destroyed robot225!
Destroyed robot277!
Destroyed robot33!
Destroyed robot39!
Destroyed robot96!
Destroyed robot38!
Destroyed robot205!
Destroyed robot74!
Destroyed robot44!
Destroyed robot206!
Destroyed robot55!
Destroyed robot18!
Destroyed robot271!
Destroyed robot64!
Destroyed robot232!
Destroyed robot190!
Destroyed robot256!
Destroyed robot246!
Destroyed robot198!
Destroyed robot249!
Destroyed robot108!
Destroyed robot63!
Destroyed robot93!
Destroyed robot202!
Destroyed robot40!
Destroyed robot68!
Destroyed robot130!
Destroyed robot146!
Destroyed robot218!
Destroyed robot273!
Destroyed robot274!
Destroyed robot184!
Destroyed robot135!
Destroyed robot194!
Destroyed robot94!
Destroyed robot123!
Destroyed robot223!
Destroyed robot141!
Destroyed robot216!
Destroyed robot100!
Destroyed robot21!
Destroyed robot173!
Destroyed robot121!
Destroyed robot210!
Destroyed robot111!
Destroyed robot25!
Destroyed robot134!
Destroyed robot162!
Destroyed robot183!
Destroyed robot70!
Destroyed robot54!
Destroyed robot67!
Destroyed robot201!
Destroyed robot207!
Destroyed robot241!
Destroyed robot221!
Destroyed robot208!
Destroyed robot250!
Destroyed robot222!
Destroyed robot151!
Destroyed robot28!
Destroyed robot129!
Destroyed robot234!
Destroyed robot124!
Destroyed robot83!
Destroyed robot270!
Destroyed robot5!
Destroyed robot34!
Destroyed robot75!
Destroyed robot144!
Destroyed robot233!
Destroyed robot50!
Destroyed robot259!
Destroyed robot237!
Destroyed robot187!
Destroyed robot148!
Destroyed robot61!
Destroyed robot72!
Destroyed robot73!
Destroyed robot165!
Destroyed robot164!
Destroyed robot204!
Destroyed robot266!
Destroyed robot199!
Destroyed robot166!
Destroyed robot247!
Destroyed robot26!
Destroyed robot113!
Destroyed robot245!
Destroyed robot10!
Destroyed robot98!
Destroyed robot66!
Destroyed robot32!
Destroyed robot178!
Destroyed robot81!
Destroyed robot154!
Destroyed robot193!
Destroyed robot8!
Destroyed robot89!
Destroyed robot159!
Destroyed robot132!
Destroyed robot239!
Destroyed robot136!
Destroyed robot143!
Destroyed robot102!
Destroyed robot30!
Destroyed robot49!
Destroyed robot90!
Destroyed robot31!
Destroyed robot243!
Destroyed robot240!
Destroyed robot23!
Destroyed robot13!
Destroyed robot84!
Destroyed robot272!
Destroyed robot79!
Destroyed robot191!
Destroyed robot186!
Destroyed robot171!
Destroyed robot155!
Destroyed robot213!
Destroyed robot12!
Destroyed robot118!
Destroyed robot149!
Destroyed robot231!
Destroyed robot182!
Destroyed robot188!
Destroyed robot7!
Destroyed robot174!
Destroyed robot214!
Destroyed robot209!
Destroyed robot200!
Destroyed robot109!
Destroyed robot219!
Destroyed robot137!
Destroyed robot275!
Destroyed robot263!
Destroyed robot11!
Destroyed robot152!
Destroyed robot29!
Destroyed robot110!
Destroyed robot99!
Destroyed robot19!
Destroyed robot258!
Destroyed robot253!
Destroyed robot6!
Destroyed robot212!
Destroyed robot176!
Destroyed robot175!
Destroyed robot62!
Destroyed robot58!
Destroyed robot268!
Destroyed robot87!
Destroyed robot244!
Destroyed robot160!
Destroyed robot167!
Destroyed robot278!
Destroyed robot14!
Destroyed robot139!
Destroyed robot168!
Destroyed robot41!
Destroyed robot117!
Destroyed robot180!
Destroyed robot267!
Destroyed robot51!
Destroyed robot220!
Destroyed robot9!
Destroyed robot71!
Destroyed robot125!
Destroyed robot122!
Destroyed robot15!
Destroyed robot88!
Destroyed robot150!
Destroyed robot27!
Destroyed robot262!
Destroyed robot101!
Destroyed robot228!
Destroyed robot236!
Destroyed robot158!
Destroyed robot126!
Destroyed robot248!
Destroyed robot177!
Destroyed robot147!
Destroyed robot161!
Destroyed robot215!
Destroyed robot92!
Destroyed robot82!
Destroyed robot230!
Destroyed robot104!
Destroyed robot78!
Destroyed robot179!
Destroyed robot103!
Destroyed robot59!
Destroyed robot114!
Destroyed robot195!
Destroyed robot224!
Destroyed robot128!
Destroyed robot156!
Destroyed robot196!
Destroyed robot170!
Destroyed robot35!
Destroyed robot211!
Destroyed robot2!
Destroyed robot227!
Destroyed robot140!
Destroyed robot131!
Destroyed robot169!
Destroyed robot106!
Destroyed robot91!
Destroyed robot181!
Destroyed robot52!
Destroyed robot127!
Destroyed robot3!
Destroyed robot95!
Destroyed robot238!
Destroyed robot255!
Destroyed robot172!
Destroyed robot116!
Destroyed robot264!
Destroyed robot142!
Destroyed robot138!
Destroyed robot112!
Destroyed robot46!
Destroyed robot17!
Destroyed robot36!
Destroyed robot226!
Destroyed robot1!
Destroyed robot77!
Destroyed robot48!
Destroyed robot254!
Destroyed robot37!
Destroyed robot20!
Destroyed robot260!
Destroyed robot217!
Destroyed robot133!
Destroyed robot120!
Destroyed robot265!
Destroyed robot107!
Destroyed robot105!
Destroyed robot119!
Destroyed robot76!
Destroyed robot257!
Destroyed robot43!
Destroyed robot185!
Destroyed robot189!
Destroyed robot261!
Destroyed robot80!
Destroyed robot22!
Destroyed robot252!
Destroyed robot4!
Destroyed robot269!
Destroyed robot192!
Destroyed robot47!
Destroyed robot69!
Destroyed robot157!
Destroyed robot242!
Destroyed robot153!
Destroyed robot85!
Destroyed robot56!
Destroyed robot115!
Destroyed robot97!
Destroyed robot0!
Destroyed robot53!
Destroyed robot45!
Destroyed robot24!
Destroyed robot163!
Destroyed robot42!
Destroyed robot235!
Destroyed robot145!
Destroyed robot57!
Destroyed robot16!
Destroyed robot60!
Destroyed robot65!
Destroyed robot251!
******* testar.sh 280  ********


*** determinar crescimento de RS em relacao 280 robos ****


Experimento numero 6


analise80.sh: line 22: ./testar.sh: Permission denied
mv: cannot stat 'logs': No such file or directory
/home/andersoney/algoritmotcc
Stage 4.3.0 [GUI disabled]
 [Loading automatic1.world][Include map.inc][Include sick.inc][Include pioneer.inc]
Destroyed robot105!
Destroyed robot143!
Destroyed robot114!
Destroyed robot264!
Destroyed robot215!
Destroyed robot2!
Destroyed robot9!
Destroyed robot1!
Destroyed robot79!
Destroyed robot179!
Destroyed robot48!
Destroyed robot158!
Destroyed robot134!
Destroyed robot195!
Destroyed robot104!
Destroyed robot94!
Destroyed robot16!
Destroyed robot49!
Destroyed robot220!
Destroyed robot273!
Destroyed robot261!
Destroyed robot183!
Destroyed robot58!
Destroyed robot278!
Destroyed robot180!
Destroyed robot60!
Destroyed robot237!
Destroyed robot136!
Destroyed robot212!
Destroyed robot162!
Destroyed robot93!
Destroyed robot81!
Destroyed robot267!
Destroyed robot182!
Destroyed robot82!
Destroyed robot151!
Destroyed robot242!
Destroyed robot265!
Destroyed robot227!
Destroyed robot274!
Destroyed robot33!
Destroyed robot152!
Destroyed robot75!
Destroyed robot141!
Destroyed robot86!
Destroyed robot159!
Destroyed robot238!
Destroyed robot135!
Destroyed robot107!
Destroyed robot47!
Destroyed robot156!
Destroyed robot10!
Destroyed robot117!
Destroyed robot257!
Destroyed robot191!
Destroyed robot214!
Destroyed robot279!
Destroyed robot131!
Destroyed robot98!
Destroyed robot177!
Destroyed robot84!
Destroyed robot171!
Destroyed robot146!
Destroyed robot263!
Destroyed robot218!
Destroyed robot91!
Destroyed robot69!
Destroyed robot65!
Destroyed robot149!
Destroyed robot139!
Destroyed robot30!
Destroyed robot147!
Destroyed robot63!
Destroyed robot251!
Destroyed robot262!
Destroyed robot178!
Destroyed robot217!
Destroyed robot197!
Destroyed robot168!
Destroyed robot145!
Destroyed robot128!
Destroyed robot271!
Destroyed robot216!
Destroyed robot15!
Destroyed robot144!
Destroyed robot36!
Destroyed robot109!
Destroyed robot270!
Destroyed robot45!
Destroyed robot153!
Destroyed robot235!
Destroyed robot74!
Destroyed robot205!
Destroyed robot27!
Destroyed robot241!
Destroyed robot31!
Destroyed robot244!
Destroyed robot54!
Destroyed robot66!
Destroyed robot219!
Destroyed robot55!
Destroyed robot77!
Destroyed robot122!
Destroyed robot232!
Destroyed robot249!
Destroyed robot256!
Destroyed robot243!
Destroyed robot176!
Destroyed robot6!
Destroyed robot71!
Destroyed robot167!
Destroyed robot26!
Destroyed robot19!
Destroyed robot155!
Destroyed robot190!
Destroyed robot129!
Destroyed robot106!
Destroyed robot192!
Destroyed robot119!
Destroyed robot23!
Destroyed robot213!
Destroyed robot161!
Destroyed robot88!
Destroyed robot254!
Destroyed robot67!
Destroyed robot87!
Destroyed robot165!
Destroyed robot126!
Destroyed robot275!
Destroyed robot188!
Destroyed robot230!
Destroyed robot252!
Destroyed robot174!
Destroyed robot203!
Destroyed robot186!
Destroyed robot148!
Destroyed robot133!
Destroyed robot38!
Destroyed robot154!
Destroyed robot187!
Destroyed robot95!
Destroyed robot35!
Destroyed robot210!
Destroyed robot37!
Destroyed robot24!
Destroyed robot225!
Destroyed robot52!
Destroyed robot185!
Destroyed robot157!
Destroyed robot224!
Destroyed robot111!
Destroyed robot0!
Destroyed robot100!
Destroyed robot42!
Destroyed robot222!
Destroyed robot247!
Destroyed robot142!
Destroyed robot208!
Destroyed robot51!
Destroyed robot120!
Destroyed robot172!
Destroyed robot39!
Destroyed robot17!
Destroyed robot72!
Destroyed robot138!
Destroyed robot97!
Destroyed robot61!
Destroyed robot202!
Destroyed robot255!
Destroyed robot268!
Destroyed robot269!
Destroyed robot166!
Destroyed robot121!
Destroyed robot164!
Destroyed robot276!
Destroyed robot266!
Destroyed robot207!
Destroyed robot150!
Destroyed robot206!
Destroyed robot181!
Destroyed robot193!
Destroyed robot102!
Destroyed robot233!
Destroyed robot92!
Destroyed robot137!
Destroyed robot211!
Destroyed robot99!
Destroyed robot44!
Destroyed robot246!
Destroyed robot85!
Destroyed robot118!
Destroyed robot11!
Destroyed robot112!
Destroyed robot140!
Destroyed robot41!
Destroyed robot96!
Destroyed robot229!
Destroyed robot83!
Destroyed robot76!
Destroyed robot5!
Destroyed robot78!
Destroyed robot200!
Destroyed robot29!
Destroyed robot113!
Destroyed robot234!
Destroyed robot25!
Destroyed robot22!
Destroyed robot198!
Destroyed robot62!
Destroyed robot125!
Destroyed robot7!
Destroyed robot13!
Destroyed robot221!
Destroyed robot239!
Destroyed robot18!
Destroyed robot196!
Destroyed robot110!
Destroyed robot32!
Destroyed robot248!
Destroyed robot64!
Destroyed robot204!
Destroyed robot199!
Destroyed robot4!
Destroyed robot173!
Destroyed robot90!
Destroyed robot184!
Destroyed robot43!
Destroyed robot250!
Destroyed robot189!
Destroyed robot245!
Destroyed robot194!
Destroyed robot236!
Destroyed robot57!
Destroyed robot14!
Destroyed robot163!
Destroyed robot21!
Destroyed robot12!
Destroyed robot277!
Destroyed robot253!
Destroyed robot46!
Destroyed robot101!
Destroyed robot130!
Destroyed robot259!
Destroyed robot70!
Destroyed robot123!
Destroyed robot169!
Destroyed robot226!
Destroyed robot231!
Destroyed robot175!
Destroyed robot40!
Destroyed robot20!
Destroyed robot53!
Destroyed robot28!
Destroyed robot115!
Destroyed robot103!
Destroyed robot201!
Destroyed robot160!
Destroyed robot209!
Destroyed robot56!
Destroyed robot258!
Destroyed robot73!
Destroyed robot228!
Destroyed robot68!
Destroyed robot170!
Destroyed robot223!
Destroyed robot124!
Destroyed robot50!
Destroyed robot59!
Destroyed robot240!
Destroyed robot80!
Destroyed robot34!
Destroyed robot127!
Destroyed robot260!
Destroyed robot116!
Destroyed robot8!
Destroyed robot3!
Destroyed robot272!
Destroyed robot89!
Destroyed robot132!
******* testar.sh 280  ********


*** determinar crescimento de RS em relacao 280 robos ****


Experimento numero 7


analise80.sh: line 22: ./testar.sh: Permission denied
mv: cannot stat 'logs': No such file or directory
/home/andersoney/algoritmotcc
Stage 4.3.0 [GUI disabled]
 [Loading automatic1.world][Include map.inc][Include sick.inc][Include pioneer.inc]
Destroyed robot279!
Destroyed robot34!
Destroyed robot112!
Destroyed robot231!
Destroyed robot63!
Destroyed robot55!
Destroyed robot36!
Destroyed robot140!
Destroyed robot200!
Destroyed robot23!
Destroyed robot72!
Destroyed robot150!
Destroyed robot26!
Destroyed robot100!
Destroyed robot58!
Destroyed robot66!
Destroyed robot143!
Destroyed robot198!
Destroyed robot223!
Destroyed robot80!
Destroyed robot155!
Destroyed robot101!
Destroyed robot71!
Destroyed robot111!
Destroyed robot83!
Destroyed robot265!
Destroyed robot227!
Destroyed robot237!
Destroyed robot76!
Destroyed robot185!
Destroyed robot108!
Destroyed robot104!
Destroyed robot69!
Destroyed robot3!
Destroyed robot12!
Destroyed robot27!
Destroyed robot178!
Destroyed robot176!
Destroyed robot136!
Destroyed robot234!
Destroyed robot250!
Destroyed robot191!
Destroyed robot85!
Destroyed robot196!
Destroyed robot113!
Destroyed robot209!
Destroyed robot262!
Destroyed robot236!
Destroyed robot222!
Destroyed robot94!
Destroyed robot277!
Destroyed robot98!
Destroyed robot123!
Destroyed robot82!
Destroyed robot38!
Destroyed robot46!
Destroyed robot47!
Destroyed robot50!
Destroyed robot29!
Destroyed robot15!
Destroyed robot230!
Destroyed robot124!
Destroyed robot214!
Destroyed robot270!
Destroyed robot60!
Destroyed robot195!
Destroyed robot225!
Destroyed robot180!
Destroyed robot135!
Destroyed robot154!
Destroyed robot81!
Destroyed robot14!
Destroyed robot258!
Destroyed robot21!
Destroyed robot103!
Destroyed robot145!
Destroyed robot249!
Destroyed robot160!
Destroyed robot73!
Destroyed robot74!
Destroyed robot216!
Destroyed robot149!
Destroyed robot31!
Destroyed robot114!
Destroyed robot271!
Destroyed robot207!
Destroyed robot241!
Destroyed robot183!
Destroyed robot13!
Destroyed robot257!
Destroyed robot239!
Destroyed robot272!
Destroyed robot28!
Destroyed robot276!
Destroyed robot24!
Destroyed robot269!
Destroyed robot64!
Destroyed robot256!
Destroyed robot158!
Destroyed robot65!
Destroyed robot4!
Destroyed robot202!
Destroyed robot35!
Destroyed robot238!
Destroyed robot153!
Destroyed robot89!
Destroyed robot267!
Destroyed robot0!
Destroyed robot172!
Destroyed robot102!
Destroyed robot164!
Destroyed robot110!
Destroyed robot226!
Destroyed robot215!
Destroyed robot243!
Destroyed robot174!
Destroyed robot228!
Destroyed robot22!
Destroyed robot156!
Destroyed robot1!
Destroyed robot134!
Destroyed robot39!
Destroyed robot167!
Destroyed robot144!
Destroyed robot199!
Destroyed robot217!
Destroyed robot19!
Destroyed robot247!
Destroyed robot165!
Destroyed robot129!
Destroyed robot88!
Destroyed robot268!
Destroyed robot273!
Destroyed robot10!
Destroyed robot259!
Destroyed robot128!
Destroyed robot93!
Destroyed robot2!
Destroyed robot252!
Destroyed robot97!
Destroyed robot142!
Destroyed robot251!
Destroyed robot146!
Destroyed robot131!
Destroyed robot86!
Destroyed robot42!
Destroyed robot137!
Destroyed robot254!
Destroyed robot204!
Destroyed robot245!
Destroyed robot43!
Destroyed robot118!
Destroyed robot87!
Destroyed robot162!
Destroyed robot264!
Destroyed robot182!
Destroyed robot75!
Destroyed robot188!
Destroyed robot201!
Destroyed robot45!
Destroyed robot190!
Destroyed robot194!
Destroyed robot67!
Destroyed robot211!
Destroyed robot181!
Destroyed robot133!
Destroyed robot96!
Destroyed robot120!
Destroyed robot117!
Destroyed robot109!
Destroyed robot30!
Destroyed robot186!
Destroyed robot139!
Destroyed robot159!
Destroyed robot125!
Destroyed robot138!
Destroyed robot95!
Destroyed robot224!
Destroyed robot126!
Destroyed robot261!
Destroyed robot203!
Destroyed robot197!
Destroyed robot212!
Destroyed robot107!
Destroyed robot244!
Destroyed robot122!
Destroyed robot166!
Destroyed robot263!
Destroyed robot91!
Destroyed robot233!
Destroyed robot163!
Destroyed robot37!
Destroyed robot115!
Destroyed robot278!
Destroyed robot151!
Destroyed robot246!
Destroyed robot116!
Destroyed robot232!
Destroyed robot169!
Destroyed robot175!
Destroyed robot248!
Destroyed robot121!
Destroyed robot193!
Destroyed robot210!
Destroyed robot253!
Destroyed robot106!
Destroyed robot266!
Destroyed robot168!
Destroyed robot78!
Destroyed robot9!
Destroyed robot260!
Destroyed robot32!
Destroyed robot220!
Destroyed robot275!
Destroyed robot40!
Destroyed robot6!
Destroyed robot51!
Destroyed robot11!
Destroyed robot240!
Destroyed robot132!
Destroyed robot206!
Destroyed robot130!
Destroyed robot61!
Destroyed robot119!
Destroyed robot152!
Destroyed robot17!
Destroyed robot33!
Destroyed robot219!
Destroyed robot90!
Destroyed robot79!
Destroyed robot157!
Destroyed robot208!
Destroyed robot218!
Destroyed robot59!
Destroyed robot147!
Destroyed robot179!
Destroyed robot274!
Destroyed robot7!
Destroyed robot187!
Destroyed robot56!
Destroyed robot221!
Destroyed robot213!
Destroyed robot5!
Destroyed robot173!
Destroyed robot184!
Destroyed robot170!
Destroyed robot127!
Destroyed robot105!
Destroyed robot68!
Destroyed robot8!
Destroyed robot242!
Destroyed robot92!
Destroyed robot235!
Destroyed robot255!
Destroyed robot84!
Destroyed robot229!
Destroyed robot148!
Destroyed robot161!
Destroyed robot205!
Destroyed robot70!
Destroyed robot189!
Destroyed robot192!
Destroyed robot49!
Destroyed robot77!
Destroyed robot52!
Destroyed robot41!
Destroyed robot25!
Destroyed robot54!
Destroyed robot53!
Destroyed robot177!
Destroyed robot20!
Destroyed robot18!
Destroyed robot48!
Destroyed robot141!
Destroyed robot171!
Destroyed robot44!
Destroyed robot62!
Destroyed robot57!
Destroyed robot99!
******* testar.sh 280  ********


*** determinar crescimento de RS em relacao 280 robos ****


Experimento numero 8


analise80.sh: line 22: ./testar.sh: Permission denied
mv: cannot stat 'logs': No such file or directory
/home/andersoney/algoritmotcc
Stage 4.3.0 [GUI disabled]
 [Loading automatic1.world][Include map.inc][Include sick.inc][Include pioneer.inc]
Destroyed robot239!
Destroyed robot55!
Destroyed robot62!
Destroyed robot197!
Destroyed robot268!
Destroyed robot48!
Destroyed robot217!
Destroyed robot183!
Destroyed robot27!
Destroyed robot76!
Destroyed robot11!
Destroyed robot8!
Destroyed robot171!
Destroyed robot269!
Destroyed robot15!
Destroyed robot83!
Destroyed robot254!
Destroyed robot264!
Destroyed robot66!
Destroyed robot88!
Destroyed robot134!
Destroyed robot137!
Destroyed robot131!
Destroyed robot258!
Destroyed robot100!
Destroyed robot163!
Destroyed robot160!
Destroyed robot265!
Destroyed robot130!
Destroyed robot10!
Destroyed robot208!
Destroyed robot37!
Destroyed robot39!
Destroyed robot175!
Destroyed robot262!
Destroyed robot101!
Destroyed robot51!
Destroyed robot188!
Destroyed robot43!
Destroyed robot121!
Destroyed robot235!
Destroyed robot115!
Destroyed robot60!
Destroyed robot263!
Destroyed robot128!
Destroyed robot44!
Destroyed robot105!
Destroyed robot211!
Destroyed robot139!
Destroyed robot151!
Destroyed robot117!
Destroyed robot238!
Destroyed robot156!
Destroyed robot108!
Destroyed robot22!
Destroyed robot252!
Destroyed robot84!
Destroyed robot116!
Destroyed robot203!
Destroyed robot98!
Destroyed robot17!
Destroyed robot259!
Destroyed robot205!
Destroyed robot86!
Destroyed robot46!
Destroyed robot242!
Destroyed robot232!
Destroyed robot202!
Destroyed robot118!
Destroyed robot64!
Destroyed robot103!
Destroyed robot195!
Destroyed robot12!
Destroyed robot194!
Destroyed robot240!
Destroyed robot9!
Destroyed robot81!
Destroyed robot198!
Destroyed robot91!
Destroyed robot109!
Destroyed robot20!
Destroyed robot112!
Destroyed robot181!
Destroyed robot227!
Destroyed robot169!
Destroyed robot244!
Destroyed robot273!
Destroyed robot65!
Destroyed robot229!
Destroyed robot189!
Destroyed robot95!
Destroyed robot19!
Destroyed robot142!
Destroyed robot25!
Destroyed robot249!
Destroyed robot42!
Destroyed robot50!
Destroyed robot7!
Destroyed robot152!
Destroyed robot24!
Destroyed robot218!
Destroyed robot49!
Destroyed robot36!
Destroyed robot253!
Destroyed robot164!
Destroyed robot279!
Destroyed robot213!
Destroyed robot114!
Destroyed robot124!
Destroyed robot143!
Destroyed robot231!
Destroyed robot233!
Destroyed robot199!
Destroyed robot99!
Destroyed robot216!
Destroyed robot207!
Destroyed robot248!
Destroyed robot191!
Destroyed robot135!
Destroyed robot53!
Destroyed robot45!
Destroyed robot82!
Destroyed robot184!
Destroyed robot107!
Destroyed robot180!
Destroyed robot63!
Destroyed robot251!
Destroyed robot58!
Destroyed robot40!
Destroyed robot243!
Destroyed robot260!
Destroyed robot145!
Destroyed robot256!
Destroyed robot59!
Destroyed robot80!
Destroyed robot119!
Destroyed robot224!
Destroyed robot141!
Destroyed robot104!
Destroyed robot210!
Destroyed robot132!
Destroyed robot16!
Destroyed robot161!
Destroyed robot93!
Destroyed robot23!
Destroyed robot201!
Destroyed robot34!
Destroyed robot28!
Destroyed robot271!
Destroyed robot182!
Destroyed robot138!
Destroyed robot32!
Destroyed robot221!
Destroyed robot237!
Destroyed robot274!
Destroyed robot77!
Destroyed robot18!
Destroyed robot21!
Destroyed robot200!
Destroyed robot90!
Destroyed robot267!
Destroyed robot162!
Destroyed robot159!
Destroyed robot234!
Destroyed robot219!
Destroyed robot246!
Destroyed robot168!
Destroyed robot113!
Destroyed robot147!
Destroyed robot26!
Destroyed robot225!
Destroyed robot67!
Destroyed robot13!
Destroyed robot154!
Destroyed robot146!
Destroyed robot209!
Destroyed robot56!
Destroyed robot87!
Destroyed robot176!
Destroyed robot177!
Destroyed robot47!
Destroyed robot275!
Destroyed robot190!
Destroyed robot54!
Destroyed robot257!
Destroyed robot2!
Destroyed robot167!
Destroyed robot73!
Destroyed robot126!
Destroyed robot255!
Destroyed robot68!
Destroyed robot157!
Destroyed robot70!
Destroyed robot185!
Destroyed robot3!
Destroyed robot41!
Destroyed robot158!
Destroyed robot31!
Destroyed robot35!
Destroyed robot14!
Destroyed robot5!
Destroyed robot72!
Destroyed robot206!
Destroyed robot179!
Destroyed robot153!
Destroyed robot127!
Destroyed robot79!
Destroyed robot228!
Destroyed robot33!
Destroyed robot0!
Destroyed robot187!
Destroyed robot245!
Destroyed robot89!
Destroyed robot78!
Destroyed robot178!
Destroyed robot71!
Destroyed robot196!
Destroyed robot155!
Destroyed robot123!
Destroyed robot29!
Destroyed robot223!
Destroyed robot92!
Destroyed robot166!
Destroyed robot193!
Destroyed robot30!
Destroyed robot97!
Destroyed robot110!
Destroyed robot277!
Destroyed robot186!
Destroyed robot212!
Destroyed robot106!
Destroyed robot140!
Destroyed robot192!
Destroyed robot148!
Destroyed robot57!
Destroyed robot38!
Destroyed robot172!
Destroyed robot136!
Destroyed robot85!
Destroyed robot261!
Destroyed robot230!
Destroyed robot96!
Destroyed robot174!
Destroyed robot250!
Destroyed robot74!
Destroyed robot214!
Destroyed robot272!
Destroyed robot75!
Destroyed robot1!
Destroyed robot204!
Destroyed robot129!
Destroyed robot111!
Destroyed robot266!
Destroyed robot69!
Destroyed robot170!
Destroyed robot4!
Destroyed robot6!
Destroyed robot173!
Destroyed robot120!
Destroyed robot52!
Destroyed robot149!
Destroyed robot215!
Destroyed robot241!
Destroyed robot150!
Destroyed robot133!
Destroyed robot236!
Destroyed robot247!
Destroyed robot122!
Destroyed robot94!
Destroyed robot144!
Destroyed robot270!
Destroyed robot226!
Destroyed robot61!
Destroyed robot220!
Destroyed robot102!
Destroyed robot125!
Destroyed robot222!
Destroyed robot276!
Destroyed robot165!
******* testar.sh 280  ********


*** determinar crescimento de RS em relacao 280 robos ****


Experimento numero 9


analise80.sh: line 22: ./testar.sh: Permission denied
mv: cannot stat 'logs': No such file or directory
/home/andersoney/algoritmotcc
Stage 4.3.0 [GUI disabled]
 [Loading automatic1.world][Include map.inc][Include sick.inc][Include pioneer.inc]
Destroyed robot157!
Destroyed robot96!
Destroyed robot143!
Destroyed robot180!
Destroyed robot102!
Destroyed robot3!
Destroyed robot205!
Destroyed robot13!
Destroyed robot56!
Destroyed robot73!
Destroyed robot6!
Destroyed robot182!
Destroyed robot154!
Destroyed robot271!
Destroyed robot184!
Destroyed robot236!
Destroyed robot0!
Destroyed robot22!
Destroyed robot130!
Destroyed robot242!
Destroyed robot235!
Destroyed robot212!
Destroyed robot64!
Destroyed robot241!
Destroyed robot61!
Destroyed robot245!
Destroyed robot122!
Destroyed robot162!
Destroyed robot165!
Destroyed robot246!
Destroyed robot167!
Destroyed robot181!
Destroyed robot176!
Destroyed robot45!
Destroyed robot114!
Destroyed robot270!
Destroyed robot80!
Destroyed robot217!
Destroyed robot238!
Destroyed robot31!
Destroyed robot134!
Destroyed robot133!
Destroyed robot74!
Destroyed robot63!
Destroyed robot110!
Destroyed robot268!
Destroyed robot131!
Destroyed robot113!
Destroyed robot19!
Destroyed robot252!
Destroyed robot34!
Destroyed robot195!
Destroyed robot36!
Destroyed robot251!
Destroyed robot37!
Destroyed robot151!
Destroyed robot269!
Destroyed robot101!
Destroyed robot171!
Destroyed robot222!
Destroyed robot49!
Destroyed robot119!
Destroyed robot16!
Destroyed robot94!
Destroyed robot48!
Destroyed robot81!
Destroyed robot192!
Destroyed robot239!
Destroyed robot202!
Destroyed robot125!
Destroyed robot259!
Destroyed robot67!
Destroyed robot275!
Destroyed robot29!
Destroyed robot253!
Destroyed robot160!
Destroyed robot26!
Destroyed robot208!
Destroyed robot65!
Destroyed robot264!
Destroyed robot220!
Destroyed robot186!
Destroyed robot138!
Destroyed robot215!
Destroyed robot225!
Destroyed robot126!
Destroyed robot218!
Destroyed robot21!
Destroyed robot248!
Destroyed robot79!
Destroyed robot214!
Destroyed robot129!
Destroyed robot260!
Destroyed robot116!
Destroyed robot262!
Destroyed robot153!
Destroyed robot164!
Destroyed robot99!
Destroyed robot77!
Destroyed robot137!
Destroyed robot187!
Destroyed robot247!
Destroyed robot152!
Destroyed robot267!
Destroyed robot1!
Destroyed robot107!
Destroyed robot226!
Destroyed robot109!
Destroyed robot30!
Destroyed robot232!
Destroyed robot82!
Destroyed robot199!
Destroyed robot279!
Destroyed robot38!
Destroyed robot98!
Destroyed robot57!
Destroyed robot257!
Destroyed robot155!
Destroyed robot211!
Destroyed robot230!
Destroyed robot111!
Destroyed robot52!
Destroyed robot27!
Destroyed robot141!
Destroyed robot24!
Destroyed robot207!
Destroyed robot145!
Destroyed robot148!
Destroyed robot33!
Destroyed robot42!
Destroyed robot10!
Destroyed robot156!
Destroyed robot25!
Destroyed robot197!
Destroyed robot265!
Destroyed robot142!
Destroyed robot70!
Destroyed robot15!
Destroyed robot87!
Destroyed robot274!
Destroyed robot7!
Destroyed robot185!
Destroyed robot194!
Destroyed robot2!
Destroyed robot135!
Destroyed robot59!
Destroyed robot47!
Destroyed robot60!
Destroyed robot9!
Destroyed robot128!
Destroyed robot66!
Destroyed robot169!
Destroyed robot179!
Destroyed robot219!
Destroyed robot120!
Destroyed robot28!
Destroyed robot17!
Destroyed robot83!
Destroyed robot209!
Destroyed robot206!
Destroyed robot228!
Destroyed robot100!
Destroyed robot231!
Destroyed robot18!
Destroyed robot174!
Destroyed robot272!
Destroyed robot258!
Destroyed robot86!
Destroyed robot227!
Destroyed robot105!
Destroyed robot88!
Destroyed robot32!
Destroyed robot40!
Destroyed robot93!
Destroyed robot172!
Destroyed robot69!
Destroyed robot53!
Destroyed robot204!
Destroyed robot140!
Destroyed robot240!
Destroyed robot161!
Destroyed robot216!
Destroyed robot213!
Destroyed robot5!
Destroyed robot234!
Destroyed robot177!
Destroyed robot115!
Destroyed robot136!
Destroyed robot139!
Destroyed robot175!
Destroyed robot256!
Destroyed robot277!
Destroyed robot123!
Destroyed robot11!
Destroyed robot158!
Destroyed robot273!
Destroyed robot127!
Destroyed robot163!
Destroyed robot117!
Destroyed robot62!
Destroyed robot44!
Destroyed robot124!
Destroyed robot58!
Destroyed robot4!
Destroyed robot189!
Destroyed robot23!
Destroyed robot203!
Destroyed robot178!
Destroyed robot278!
Destroyed robot97!
Destroyed robot41!
Destroyed robot104!
Destroyed robot72!
Destroyed robot50!
Destroyed robot84!
Destroyed robot54!
Destroyed robot237!
Destroyed robot68!
Destroyed robot121!
Destroyed robot147!
Destroyed robot263!
Destroyed robot46!
Destroyed robot103!
Destroyed robot221!
Destroyed robot55!
Destroyed robot95!
Destroyed robot201!
Destroyed robot159!
Destroyed robot223!
Destroyed robot224!
Destroyed robot229!
Destroyed robot51!
Destroyed robot190!
Destroyed robot149!
Destroyed robot233!
Destroyed robot243!
Destroyed robot76!
Destroyed robot144!
Destroyed robot276!
Destroyed robot170!
Destroyed robot78!
Destroyed robot254!
Destroyed robot266!
Destroyed robot193!
Destroyed robot92!
Destroyed robot85!
Destroyed robot112!
Destroyed robot75!
Destroyed robot14!
Destroyed robot8!
Destroyed robot118!
Destroyed robot35!
Destroyed robot39!
Destroyed robot166!
Destroyed robot200!
Destroyed robot132!
Destroyed robot90!
Destroyed robot183!
Destroyed robot261!
Destroyed robot191!
Destroyed robot43!
Destroyed robot91!
Destroyed robot198!
Destroyed robot173!
Destroyed robot249!
Destroyed robot89!
Destroyed robot106!
Destroyed robot150!
Destroyed robot244!
Destroyed robot71!
Destroyed robot210!
Destroyed robot108!
Destroyed robot188!
Destroyed robot20!
Destroyed robot168!
Destroyed robot146!
Destroyed robot196!
Destroyed robot12!
Destroyed robot255!
******* testar.sh 280  ********


*** determinar crescimento de RS em relacao 280 robos ****


Experimento numero 10


analise80.sh: line 22: ./testar.sh: Permission denied
mv: cannot stat 'logs': No such file or directory
/home/andersoney/algoritmotcc
Stage 4.3.0 [GUI disabled]
 [Loading automatic1.world][Include map.inc][Include sick.inc][Include pioneer.inc]
Destroyed robot225!
Destroyed robot152!
Destroyed robot121!
Destroyed robot53!
Destroyed robot68!
Destroyed robot229!
Destroyed robot108!
Destroyed robot205!
Destroyed robot273!
Destroyed robot59!
Destroyed robot278!
Destroyed robot148!
Destroyed robot167!
Destroyed robot88!
Destroyed robot240!
Destroyed robot134!
Destroyed robot74!
Destroyed robot120!
Destroyed robot230!
Destroyed robot38!
Destroyed robot41!
Destroyed robot1!
Destroyed robot168!
Destroyed robot100!
Destroyed robot139!
Destroyed robot128!
Destroyed robot28!
Destroyed robot238!
Destroyed robot89!
Destroyed robot5!
Destroyed robot20!
Destroyed robot110!
Destroyed robot177!
Destroyed robot3!
Destroyed robot192!
Destroyed robot169!
Destroyed robot231!
Destroyed robot199!
Destroyed robot277!
Destroyed robot93!
Destroyed robot235!
Destroyed robot83!
Destroyed robot218!
Destroyed robot267!
Destroyed robot35!
Destroyed robot219!
Destroyed robot51!
Destroyed robot175!
Destroyed robot228!
Destroyed robot6!
Destroyed robot224!
Destroyed robot276!
Destroyed robot243!
Destroyed robot114!
Destroyed robot162!
Destroyed robot260!
Destroyed robot270!
Destroyed robot0!
Destroyed robot149!
Destroyed robot247!
Destroyed robot109!
Destroyed robot207!
Destroyed robot203!
Destroyed robot249!
Destroyed robot200!
Destroyed robot116!
Destroyed robot70!
Destroyed robot24!
Destroyed robot254!
Destroyed robot99!
Destroyed robot84!
Destroyed robot204!
Destroyed robot102!
Destroyed robot170!
Destroyed robot9!
Destroyed robot181!
Destroyed robot131!
Destroyed robot154!
Destroyed robot48!
Destroyed robot178!
Destroyed robot180!
Destroyed robot23!
Destroyed robot45!
Destroyed robot80!
Destroyed robot49!
Destroyed robot113!
Destroyed robot8!
Destroyed robot31!
Destroyed robot7!
Destroyed robot237!
Destroyed robot211!
Destroyed robot163!
Destroyed robot64!
Destroyed robot4!
Destroyed robot122!
Destroyed robot13!
Destroyed robot255!
Destroyed robot26!
Destroyed robot161!
Destroyed robot248!
Destroyed robot117!
Destroyed robot98!
Destroyed robot22!
Destroyed robot78!
Destroyed robot124!
Destroyed robot52!
Destroyed robot188!
Destroyed robot272!
Destroyed robot138!
Destroyed robot106!
Destroyed robot11!
Destroyed robot232!
Destroyed robot66!
Destroyed robot140!
Destroyed robot111!
Destroyed robot226!
Destroyed robot147!
Destroyed robot19!
Destroyed robot73!
Destroyed robot137!
Destroyed robot159!
Destroyed robot2!
Destroyed robot265!
Destroyed robot182!
Destroyed robot195!
Destroyed robot33!
Destroyed robot115!
Destroyed robot198!
Destroyed robot82!
Destroyed robot183!
Destroyed robot90!
Destroyed robot107!
Destroyed robot262!
Destroyed robot47!
Destroyed robot157!
Destroyed robot95!
Destroyed robot187!
Destroyed robot144!
Destroyed robot171!
Destroyed robot63!
Destroyed robot234!
Destroyed robot129!
Destroyed robot37!
Destroyed robot217!
Destroyed robot76!
Destroyed robot112!
Destroyed robot94!
Destroyed robot259!
Destroyed robot143!
Destroyed robot190!
Destroyed robot62!
Destroyed robot215!
Destroyed robot179!
Destroyed robot103!
Destroyed robot86!
Destroyed robot16!
Destroyed robot44!
Destroyed robot126!
Destroyed robot58!
Destroyed robot266!
Destroyed robot32!
Destroyed robot119!
Destroyed robot193!
Destroyed robot39!
Destroyed robot67!
Destroyed robot36!
Destroyed robot132!
Destroyed robot213!
Destroyed robot133!
Destroyed robot184!
Destroyed robot222!
Destroyed robot227!
Destroyed robot251!
Destroyed robot172!
Destroyed robot258!
Destroyed robot145!
Destroyed robot15!
Destroyed robot194!
Destroyed robot271!
Destroyed robot125!
Destroyed robot250!
Destroyed robot214!
Destroyed robot201!
Destroyed robot54!
Destroyed robot141!
Destroyed robot174!
Destroyed robot104!
Destroyed robot189!
Destroyed robot97!
Destroyed robot186!
Destroyed robot241!
Destroyed robot208!
Destroyed robot261!
Destroyed robot81!
Destroyed robot212!
Destroyed robot42!
Destroyed robot123!
Destroyed robot101!
Destroyed robot223!
Destroyed robot27!
Destroyed robot242!
Destroyed robot166!
Destroyed robot176!
Destroyed robot269!
Destroyed robot279!
Destroyed robot85!
Destroyed robot14!
Destroyed robot10!
Destroyed robot236!
Destroyed robot136!
Destroyed robot191!
Destroyed robot40!
Destroyed robot142!
Destroyed robot29!
Destroyed robot46!
Destroyed robot264!
Destroyed robot25!
Destroyed robot256!
Destroyed robot253!
Destroyed robot197!
Destroyed robot55!
Destroyed robot246!
Destroyed robot77!
Destroyed robot220!
Destroyed robot274!
Destroyed robot216!
Destroyed robot65!
Destroyed robot153!
Destroyed robot202!
Destroyed robot127!
Destroyed robot158!
Destroyed robot56!
Destroyed robot268!
Destroyed robot118!
Destroyed robot233!
Destroyed robot244!
Destroyed robot209!
Destroyed robot151!
Destroyed robot263!
Destroyed robot221!
Destroyed robot257!
Destroyed robot71!
Destroyed robot160!
Destroyed robot50!
Destroyed robot92!
Destroyed robot196!
Destroyed robot275!
Destroyed robot91!
Destroyed robot60!
Destroyed robot30!
Destroyed robot79!
Destroyed robot61!
Destroyed robot87!
Destroyed robot245!
Destroyed robot72!
Destroyed robot12!
Destroyed robot155!
Destroyed robot69!
Destroyed robot146!
Destroyed robot164!
Destroyed robot239!
Destroyed robot17!
Destroyed robot18!
Destroyed robot150!
Destroyed robot206!
Destroyed robot135!
Destroyed robot96!
Destroyed robot130!
Destroyed robot57!
Destroyed robot252!
Destroyed robot105!
Destroyed robot185!
Destroyed robot21!
Destroyed robot34!
Destroyed robot156!
Destroyed robot43!
Destroyed robot173!
Destroyed robot165!
Destroyed robot75!
******* testar.sh 280  ********


*** determinar crescimento de RS em relacao 280 robos ****


Experimento numero 11


analise80.sh: line 22: ./testar.sh: Permission denied
mv: cannot stat 'logs': No such file or directory
/home/andersoney/algoritmotcc
Stage 4.3.0 [GUI disabled]
 [Loading automatic1.world][Include map.inc][Include sick.inc][Include pioneer.inc]
Destroyed robot81!
Destroyed robot213!
Destroyed robot236!
Destroyed robot248!
Destroyed robot87!
Destroyed robot84!
Destroyed robot32!
Destroyed robot40!
Destroyed robot76!
Destroyed robot104!
Destroyed robot1!
Destroyed robot103!
Destroyed robot158!
Destroyed robot118!
Destroyed robot18!
Destroyed robot205!
Destroyed robot15!
Destroyed robot199!
Destroyed robot39!
Destroyed robot96!
Destroyed robot59!
Destroyed robot97!
Destroyed robot105!
Destroyed robot71!
Destroyed robot68!
Destroyed robot143!
Destroyed robot257!
Destroyed robot99!
Destroyed robot63!
Destroyed robot164!
Destroyed robot22!
Destroyed robot235!
Destroyed robot256!
Destroyed robot269!
Destroyed robot222!
Destroyed robot252!
Destroyed robot166!
Destroyed robot53!
Destroyed robot157!
Destroyed robot240!
Destroyed robot147!
Destroyed robot278!
Destroyed robot23!
Destroyed robot179!
Destroyed robot4!
Destroyed robot181!
Destroyed robot202!
Destroyed robot98!
Destroyed robot270!
Destroyed robot154!
Destroyed robot2!
Destroyed robot263!
Destroyed robot21!
Destroyed robot54!
Destroyed robot232!
Destroyed robot106!
Destroyed robot132!
Destroyed robot187!
Destroyed robot31!
Destroyed robot223!
Destroyed robot6!
Destroyed robot26!
Destroyed robot260!
Destroyed robot246!
Destroyed robot64!
Destroyed robot178!
Destroyed robot83!
Destroyed robot229!
Destroyed robot112!
Destroyed robot123!
Destroyed robot94!
Destroyed robot119!
Destroyed robot38!
Destroyed robot37!
Destroyed robot262!
Destroyed robot111!
Destroyed robot161!
Destroyed robot279!
Destroyed robot255!
Destroyed robot225!
Destroyed robot33!
Destroyed robot70!
Destroyed robot0!
Destroyed robot216!
Destroyed robot251!
Destroyed robot172!
Destroyed robot44!
Destroyed robot57!
Destroyed robot173!
Destroyed robot61!
Destroyed robot210!
Destroyed robot190!
Destroyed robot217!
Destroyed robot72!
Destroyed robot134!
Destroyed robot188!
Destroyed robot168!
Destroyed robot208!
Destroyed robot265!
Destroyed robot117!
Destroyed robot156!
Destroyed robot47!
Destroyed robot230!
Destroyed robot20!
Destroyed robot150!
Destroyed robot268!
Destroyed robot192!
Destroyed robot27!
Destroyed robot80!
Destroyed robot238!
Destroyed robot66!
Destroyed robot198!
Destroyed robot107!
Destroyed robot231!
Destroyed robot45!
Destroyed robot92!
Destroyed robot274!
Destroyed robot249!
Destroyed robot110!
Destroyed robot133!
Destroyed robot56!
Destroyed robot137!
Destroyed robot203!
Destroyed robot55!
Destroyed robot135!
Destroyed robot120!
Destroyed robot162!
Destroyed robot267!
Destroyed robot149!
Destroyed robot234!
Destroyed robot93!
Destroyed robot14!
Destroyed robot167!
Destroyed robot165!
Destroyed robot239!
Destroyed robot19!
Destroyed robot145!
Destroyed robot90!
Destroyed robot48!
Destroyed robot73!
Destroyed robot247!
Destroyed robot219!
Destroyed robot74!
Destroyed robot122!
Destroyed robot194!
Destroyed robot186!
Destroyed robot144!
Destroyed robot227!
Destroyed robot163!
Destroyed robot180!
Destroyed robot169!
Destroyed robot124!
Destroyed robot131!
Destroyed robot16!
Destroyed robot184!
Destroyed robot138!
Destroyed robot155!
Destroyed robot12!
Destroyed robot250!
Destroyed robot91!
Destroyed robot182!
Destroyed robot151!
Destroyed robot253!
Destroyed robot65!
Destroyed robot128!
Destroyed robot148!
Destroyed robot130!
Destroyed robot200!
Destroyed robot75!
Destroyed robot159!
Destroyed robot175!
Destroyed robot69!
Destroyed robot193!
Destroyed robot183!
Destroyed robot221!
Destroyed robot233!
Destroyed robot10!
Destroyed robot176!
Destroyed robot24!
Destroyed robot29!
Destroyed robot109!
Destroyed robot214!
Destroyed robot160!
Destroyed robot254!
Destroyed robot264!
Destroyed robot35!
Destroyed robot275!
Destroyed robot102!
Destroyed robot85!
Destroyed robot197!
Destroyed robot142!
Destroyed robot242!
Destroyed robot79!
Destroyed robot170!
Destroyed robot5!
Destroyed robot220!
Destroyed robot153!
Destroyed robot86!
Destroyed robot152!
Destroyed robot191!
Destroyed robot140!
Destroyed robot226!
Destroyed robot9!
Destroyed robot60!
Destroyed robot108!
Destroyed robot209!
Destroyed robot116!
Destroyed robot127!
Destroyed robot82!
Destroyed robot277!
Destroyed robot46!
Destroyed robot276!
Destroyed robot207!
Destroyed robot113!
Destroyed robot244!
Destroyed robot201!
Destroyed robot17!
Destroyed robot171!
Destroyed robot25!
Destroyed robot212!
Destroyed robot224!
Destroyed robot211!
Destroyed robot125!
Destroyed robot273!
Destroyed robot95!
Destroyed robot174!
Destroyed robot126!
Destroyed robot30!
Destroyed robot43!
Destroyed robot185!
Destroyed robot272!
Destroyed robot28!
Destroyed robot146!
Destroyed robot196!
Destroyed robot228!
Destroyed robot78!
Destroyed robot36!
Destroyed robot195!
Destroyed robot34!
Destroyed robot139!
Destroyed robot11!
Destroyed robot245!
Destroyed robot8!
Destroyed robot101!
Destroyed robot3!
Destroyed robot77!
Destroyed robot129!
Destroyed robot121!
Destroyed robot58!
Destroyed robot41!
Destroyed robot100!
Destroyed robot42!
Destroyed robot51!
Destroyed robot189!
Destroyed robot49!
Destroyed robot141!
Destroyed robot241!
Destroyed robot136!
Destroyed robot204!
Destroyed robot259!
Destroyed robot261!
Destroyed robot88!
Destroyed robot115!
Destroyed robot52!
Destroyed robot7!
Destroyed robot114!
Destroyed robot266!
Destroyed robot258!
Destroyed robot271!
Destroyed robot62!
Destroyed robot215!
Destroyed robot206!
Destroyed robot89!
Destroyed robot237!
Destroyed robot177!
Destroyed robot243!
Destroyed robot50!
Destroyed robot67!
Destroyed robot13!
******* testar.sh 280  ********


*** determinar crescimento de RS em relacao 280 robos ****


Experimento numero 12


analise80.sh: line 22: ./testar.sh: Permission denied
mv: cannot stat 'logs': No such file or directory
/home/andersoney/algoritmotcc
Stage 4.3.0 [GUI disabled]
 [Loading automatic1.world][Include map.inc][Include sick.inc][Include pioneer.inc]
Destroyed robot189!
Destroyed robot164!
Destroyed robot113!
Destroyed robot148!
Destroyed robot100!
Destroyed robot119!
Destroyed robot130!
Destroyed robot31!
Destroyed robot72!
Destroyed robot63!
Destroyed robot177!
Destroyed robot259!
Destroyed robot151!
Destroyed robot220!
Destroyed robot236!
Destroyed robot123!
Destroyed robot70!
Destroyed robot90!
Destroyed robot105!
Destroyed robot104!
Destroyed robot222!
Destroyed robot207!
Destroyed robot11!
Destroyed robot185!
Destroyed robot226!
Destroyed robot205!
Destroyed robot264!
Destroyed robot69!
Destroyed robot172!
Destroyed robot50!
Destroyed robot235!
Destroyed robot168!
Destroyed robot110!
Destroyed robot84!
Destroyed robot239!
Destroyed robot19!
Destroyed robot120!
Destroyed robot116!
Destroyed robot88!
Destroyed robot62!
Destroyed robot144!
Destroyed robot269!
Destroyed robot9!
Destroyed robot28!
Destroyed robot136!
Destroyed robot83!
Destroyed robot187!
Destroyed robot260!
Destroyed robot44!
Destroyed robot186!
Destroyed robot273!
Destroyed robot132!
Destroyed robot3!
Destroyed robot261!
Destroyed robot190!
Destroyed robot204!
Destroyed robot86!
Destroyed robot64!
Destroyed robot162!
Destroyed robot229!
Destroyed robot196!
Destroyed robot45!
Destroyed robot66!
Destroyed robot213!
Destroyed robot82!
Destroyed robot200!
Destroyed robot244!
Destroyed robot163!
Destroyed robot134!
Destroyed robot52!
Destroyed robot16!
Destroyed robot210!
Destroyed robot272!
Destroyed robot160!
Destroyed robot5!
Destroyed robot10!
Destroyed robot121!
Destroyed robot140!
Destroyed robot268!
Destroyed robot93!
Destroyed robot233!
Destroyed robot199!
Destroyed robot184!
Destroyed robot47!
Destroyed robot191!
Destroyed robot68!
Destroyed robot218!
Destroyed robot194!
Destroyed robot219!
Destroyed robot109!
Destroyed robot79!
Destroyed robot135!
Destroyed robot115!
Destroyed robot253!
Destroyed robot131!
Destroyed robot71!
Destroyed robot35!
Destroyed robot250!
Destroyed robot42!
Destroyed robot77!
Destroyed robot156!
Destroyed robot61!
Destroyed robot1!
Destroyed robot201!
Destroyed robot8!
Destroyed robot211!
Destroyed robot221!
Destroyed robot24!
Destroyed robot256!
Destroyed robot6!
Destroyed robot202!
Destroyed robot159!
Destroyed robot23!
Destroyed robot142!
Destroyed robot274!
Destroyed robot279!
Destroyed robot96!
Destroyed robot193!
Destroyed robot18!
Destroyed robot227!
Destroyed robot174!
Destroyed robot60!
Destroyed robot48!
Destroyed robot183!
Destroyed robot129!
Destroyed robot7!
Destroyed robot195!
Destroyed robot0!
Destroyed robot76!
Destroyed robot22!
Destroyed robot141!
Destroyed robot275!
Destroyed robot107!
Destroyed robot276!
Destroyed robot46!
Destroyed robot29!
Destroyed robot65!
Destroyed robot173!
Destroyed robot114!
Destroyed robot212!
Destroyed robot251!
Destroyed robot241!
Destroyed robot208!
Destroyed robot231!
Destroyed robot153!
Destroyed robot248!
Destroyed robot25!
Destroyed robot126!
Destroyed robot240!
Destroyed robot188!
Destroyed robot95!
Destroyed robot30!
Destroyed robot43!
Destroyed robot20!
Destroyed robot262!
Destroyed robot41!
Destroyed robot108!
Destroyed robot125!
Destroyed robot147!
Destroyed robot175!
Destroyed robot265!
Destroyed robot14!
Destroyed robot266!
Destroyed robot73!
Destroyed robot2!
Destroyed robot263!
Destroyed robot75!
Destroyed robot217!
Destroyed robot139!
Destroyed robot38!
Destroyed robot258!
Destroyed robot143!
Destroyed robot56!
Destroyed robot270!
Destroyed robot103!
Destroyed robot254!
Destroyed robot102!
Destroyed robot118!
Destroyed robot206!
Destroyed robot51!
Destroyed robot171!
Destroyed robot157!
Destroyed robot133!
Destroyed robot267!
Destroyed robot271!
Destroyed robot152!
Destroyed robot230!
Destroyed robot32!
Destroyed robot34!
Destroyed robot176!
Destroyed robot94!
Destroyed robot214!
Destroyed robot216!
Destroyed robot255!
Destroyed robot150!
Destroyed robot39!
Destroyed robot99!
Destroyed robot58!
Destroyed robot180!
Destroyed robot128!
Destroyed robot91!
Destroyed robot97!
Destroyed robot124!
Destroyed robot78!
Destroyed robot167!
Destroyed robot181!
Destroyed robot158!
Destroyed robot161!
Destroyed robot225!
Destroyed robot127!
Destroyed robot252!
Destroyed robot85!
Destroyed robot37!
Destroyed robot203!
Destroyed robot33!
Destroyed robot223!
Destroyed robot145!
Destroyed robot247!
Destroyed robot49!
Destroyed robot198!
Destroyed robot15!
Destroyed robot238!
Destroyed robot155!
Destroyed robot197!
Destroyed robot53!
Destroyed robot87!
Destroyed robot117!
Destroyed robot112!
Destroyed robot89!
Destroyed robot12!
Destroyed robot170!
Destroyed robot257!
Destroyed robot192!
Destroyed robot246!
Destroyed robot106!
Destroyed robot101!
Destroyed robot137!
Destroyed robot59!
Destroyed robot178!
Destroyed robot165!
Destroyed robot166!
Destroyed robot80!
Destroyed robot57!
Destroyed robot67!
Destroyed robot36!
Destroyed robot215!
Destroyed robot149!
Destroyed robot55!
Destroyed robot146!
Destroyed robot27!
Destroyed robot122!
Destroyed robot278!
Destroyed robot245!
Destroyed robot242!
Destroyed robot54!
Destroyed robot17!
Destroyed robot154!
Destroyed robot237!
Destroyed robot243!
Destroyed robot98!
Destroyed robot40!
Destroyed robot138!
Destroyed robot21!
Destroyed robot277!
Destroyed robot232!
Destroyed robot26!
Destroyed robot234!
Destroyed robot4!
Destroyed robot13!
Destroyed robot74!
Destroyed robot111!
Destroyed robot92!
Destroyed robot249!
Destroyed robot169!
Destroyed robot209!
Destroyed robot81!
Destroyed robot224!
Destroyed robot228!
Destroyed robot179!
******* testar.sh 280  ********


*** determinar crescimento de RS em relacao 280 robos ****


Experimento numero 13


analise80.sh: line 22: ./testar.sh: Permission denied
mv: cannot stat 'logs': No such file or directory
/home/andersoney/algoritmotcc
Stage 4.3.0 [GUI disabled]
 [Loading automatic1.world][Include map.inc][Include sick.inc][Include pioneer.inc]
Destroyed robot189!
Destroyed robot89!
Destroyed robot200!
Destroyed robot76!
Destroyed robot96!
Destroyed robot51!
Destroyed robot43!
Destroyed robot17!
Destroyed robot157!
Destroyed robot133!
Destroyed robot48!
Destroyed robot93!
Destroyed robot71!
Destroyed robot9!
Destroyed robot29!
Destroyed robot129!
Destroyed robot40!
Destroyed robot144!
Destroyed robot114!
Destroyed robot105!
Destroyed robot39!
Destroyed robot215!
Destroyed robot117!
Destroyed robot50!
Destroyed robot279!
Destroyed robot244!
Destroyed robot57!
Destroyed robot234!
Destroyed robot60!
Destroyed robot91!
Destroyed robot202!
Destroyed robot137!
Destroyed robot148!
Destroyed robot169!
Destroyed robot65!
Destroyed robot55!
Destroyed robot161!
Destroyed robot62!
Destroyed robot165!
Destroyed robot218!
Destroyed robot236!
Destroyed robot14!
Destroyed robot104!
Destroyed robot42!
Destroyed robot135!
Destroyed robot276!
Destroyed robot1!
Destroyed robot226!
Destroyed robot44!
Destroyed robot208!
Destroyed robot201!
Destroyed robot34!
Destroyed robot219!
Destroyed robot100!
Destroyed robot177!
Destroyed robot22!
Destroyed robot110!
Destroyed robot159!
Destroyed robot176!
Destroyed robot83!
Destroyed robot203!
Destroyed robot156!
Destroyed robot102!
Destroyed robot257!
Destroyed robot85!
Destroyed robot95!
Destroyed robot72!
Destroyed robot139!
Destroyed robot8!
Destroyed robot206!
Destroyed robot77!
Destroyed robot26!
Destroyed robot171!
Destroyed robot79!
Destroyed robot15!
Destroyed robot98!
Destroyed robot268!
Destroyed robot122!
Destroyed robot90!
Destroyed robot5!
Destroyed robot221!
Destroyed robot185!
Destroyed robot46!
Destroyed robot123!
Destroyed robot119!
Destroyed robot78!
Destroyed robot179!
Destroyed robot24!
Destroyed robot166!
Destroyed robot32!
Destroyed robot173!
Destroyed robot224!
Destroyed robot259!
Destroyed robot37!
Destroyed robot11!
Destroyed robot269!
Destroyed robot209!
Destroyed robot247!
Destroyed robot241!
Destroyed robot265!
Destroyed robot213!
Destroyed robot220!
Destroyed robot3!
Destroyed robot67!
Destroyed robot207!
Destroyed robot184!
Destroyed robot21!
Destroyed robot195!
Destroyed robot19!
Destroyed robot261!
Destroyed robot274!
Destroyed robot115!
Destroyed robot35!
Destroyed robot97!
Destroyed robot12!
Destroyed robot52!
Destroyed robot7!
Destroyed robot172!
Destroyed robot256!
Destroyed robot86!
Destroyed robot80!
Destroyed robot232!
Destroyed robot180!
Destroyed robot113!
Destroyed robot146!
Destroyed robot30!
Destroyed robot153!
Destroyed robot4!
Destroyed robot111!
Destroyed robot187!
Destroyed robot164!
Destroyed robot74!
Destroyed robot254!
Destroyed robot160!
Destroyed robot27!
Destroyed robot192!
Destroyed robot126!
Destroyed robot216!
Destroyed robot191!
Destroyed robot128!
Destroyed robot239!
Destroyed robot112!
Destroyed robot151!
Destroyed robot103!
Destroyed robot175!
Destroyed robot147!
Destroyed robot197!
Destroyed robot118!
Destroyed robot210!
Destroyed robot33!
Destroyed robot109!
Destroyed robot277!
Destroyed robot101!
Destroyed robot183!
Destroyed robot266!
Destroyed robot25!
Destroyed robot38!
Destroyed robot81!
Destroyed robot140!
Destroyed robot124!
Destroyed robot212!
Destroyed robot235!
Destroyed robot136!
Destroyed robot264!
Destroyed robot2!
Destroyed robot275!
Destroyed robot162!
Destroyed robot56!
Destroyed robot47!
Destroyed robot87!
Destroyed robot167!
Destroyed robot263!
Destroyed robot228!
Destroyed robot125!
Destroyed robot143!
Destroyed robot273!
Destroyed robot130!
Destroyed robot250!
Destroyed robot6!
Destroyed robot178!
Destroyed robot186!
Destroyed robot223!
Destroyed robot31!
Destroyed robot158!
Destroyed robot88!
Destroyed robot182!
Destroyed robot66!
Destroyed robot23!
Destroyed robot170!
Destroyed robot131!
Destroyed robot64!
Destroyed robot10!
Destroyed robot237!
Destroyed robot61!
Destroyed robot73!
Destroyed robot69!
Destroyed robot155!
Destroyed robot121!
Destroyed robot108!
Destroyed robot92!
Destroyed robot138!
Destroyed robot49!
Destroyed robot149!
Destroyed robot132!
Destroyed robot99!
Destroyed robot41!
Destroyed robot245!
Destroyed robot16!
Destroyed robot63!
Destroyed robot271!
Destroyed robot231!
Destroyed robot116!
Destroyed robot214!
Destroyed robot84!
Destroyed robot278!
Destroyed robot70!
Destroyed robot243!
Destroyed robot227!
Destroyed robot194!
Destroyed robot196!
Destroyed robot267!
Destroyed robot262!
Destroyed robot181!
Destroyed robot107!
Destroyed robot142!
Destroyed robot199!
Destroyed robot240!
Destroyed robot248!
Destroyed robot0!
Destroyed robot253!
Destroyed robot53!
Destroyed robot233!
Destroyed robot258!
Destroyed robot238!
Destroyed robot217!
Destroyed robot270!
Destroyed robot163!
Destroyed robot141!
Destroyed robot252!
Destroyed robot127!
Destroyed robot94!
Destroyed robot18!
Destroyed robot260!
Destroyed robot152!
Destroyed robot59!
Destroyed robot20!
Destroyed robot205!
Destroyed robot82!
Destroyed robot13!
Destroyed robot174!
Destroyed robot211!
Destroyed robot28!
Destroyed robot222!
Destroyed robot225!
Destroyed robot242!
Destroyed robot106!
Destroyed robot150!
Destroyed robot154!
Destroyed robot190!
Destroyed robot168!
Destroyed robot54!
Destroyed robot75!
Destroyed robot45!
Destroyed robot193!
Destroyed robot230!
Destroyed robot255!
Destroyed robot251!
Destroyed robot204!
Destroyed robot134!
Destroyed robot272!
Destroyed robot120!
Destroyed robot229!
Destroyed robot249!
Destroyed robot198!
Destroyed robot246!
Destroyed robot68!
Destroyed robot58!
Destroyed robot145!
Destroyed robot36!
******* testar.sh 280  ********


*** determinar crescimento de RS em relacao 280 robos ****


Experimento numero 14


analise80.sh: line 22: ./testar.sh: Permission denied
mv: cannot stat 'logs': No such file or directory
/home/andersoney/algoritmotcc
Stage 4.3.0 [GUI disabled]
 [Loading automatic1.world][Include map.inc][Include sick.inc][Include pioneer.inc]
Destroyed robot138!
Destroyed robot241!
Destroyed robot214!
Destroyed robot81!
Destroyed robot57!
Destroyed robot242!
Destroyed robot200!
Destroyed robot37!
Destroyed robot77!
Destroyed robot12!
Destroyed robot183!
Destroyed robot89!
Destroyed robot58!
Destroyed robot233!
Destroyed robot228!
Destroyed robot206!
Destroyed robot224!
Destroyed robot9!
Destroyed robot156!
Destroyed robot257!
Destroyed robot56!
Destroyed robot267!
Destroyed robot230!
Destroyed robot154!
Destroyed robot196!
Destroyed robot178!
Destroyed robot166!
Destroyed robot153!
Destroyed robot127!
Destroyed robot232!
Destroyed robot46!
Destroyed robot188!
Destroyed robot62!
Destroyed robot53!
Destroyed robot65!
Destroyed robot266!
Destroyed robot173!
Destroyed robot235!
Destroyed robot19!
Destroyed robot49!
Destroyed robot104!
Destroyed robot271!
Destroyed robot6!
Destroyed robot144!
Destroyed robot116!
Destroyed robot109!
Destroyed robot143!
Destroyed robot140!
Destroyed robot94!
Destroyed robot248!
Destroyed robot97!
Destroyed robot273!
Destroyed robot231!
Destroyed robot129!
Destroyed robot41!
Destroyed robot254!
Destroyed robot268!
Destroyed robot117!
Destroyed robot168!
Destroyed robot151!
Destroyed robot192!
Destroyed robot202!
Destroyed robot130!
Destroyed robot251!
Destroyed robot134!
Destroyed robot122!
Destroyed robot98!
Destroyed robot120!
Destroyed robot87!
Destroyed robot161!
Destroyed robot275!
Destroyed robot35!
Destroyed robot182!
Destroyed robot133!
Destroyed robot91!
Destroyed robot44!
Destroyed robot7!
Destroyed robot23!
Destroyed robot121!
Destroyed robot68!
Destroyed robot269!
Destroyed robot86!
Destroyed robot18!
Destroyed robot111!
Destroyed robot139!
Destroyed robot15!
Destroyed robot244!
Destroyed robot219!
Destroyed robot36!
Destroyed robot28!
Destroyed robot83!
Destroyed robot259!
Destroyed robot96!
Destroyed robot67!
Destroyed robot247!
Destroyed robot193!
Destroyed robot255!
Destroyed robot223!
Destroyed robot256!
Destroyed robot47!
Destroyed robot204!
Destroyed robot209!
Destroyed robot265!
Destroyed robot253!
Destroyed robot221!
Destroyed robot50!
Destroyed robot21!
Destroyed robot187!
Destroyed robot240!
Destroyed robot88!
Destroyed robot225!
Destroyed robot102!
Destroyed robot194!
Destroyed robot80!
Destroyed robot197!
Destroyed robot190!
Destroyed robot174!
Destroyed robot208!
Destroyed robot0!
Destroyed robot185!
Destroyed robot215!
Destroyed robot16!
Destroyed robot167!
Destroyed robot234!
Destroyed robot72!
Destroyed robot226!
Destroyed robot70!
Destroyed robot142!
Destroyed robot260!
Destroyed robot2!
Destroyed robot176!
Destroyed robot3!
Destroyed robot51!
Destroyed robot22!
Destroyed robot132!
Destroyed robot29!
Destroyed robot95!
Destroyed robot54!
Destroyed robot162!
Destroyed robot145!
Destroyed robot274!
Destroyed robot92!
Destroyed robot20!
Destroyed robot137!
Destroyed robot119!
Destroyed robot150!
Destroyed robot45!
Destroyed robot152!
Destroyed robot147!
Destroyed robot160!
Destroyed robot252!
Destroyed robot10!
Destroyed robot14!
Destroyed robot148!
Destroyed robot5!
Destroyed robot34!
Destroyed robot103!
Destroyed robot264!
Destroyed robot246!
Destroyed robot258!
Destroyed robot31!
Destroyed robot243!
Destroyed robot33!
Destroyed robot61!
Destroyed robot245!
Destroyed robot199!
Destroyed robot63!
Destroyed robot165!
Destroyed robot64!
Destroyed robot76!
Destroyed robot159!
Destroyed robot8!
Destroyed robot201!
Destroyed robot126!
Destroyed robot216!
Destroyed robot181!
Destroyed robot237!
Destroyed robot66!
Destroyed robot39!
Destroyed robot212!
Destroyed robot210!
Destroyed robot112!
Destroyed robot279!
Destroyed robot278!
Destroyed robot69!
Destroyed robot125!
Destroyed robot175!
Destroyed robot186!
Destroyed robot55!
Destroyed robot270!
Destroyed robot25!
Destroyed robot99!
Destroyed robot263!
Destroyed robot108!
Destroyed robot146!
Destroyed robot24!
Destroyed robot106!
Destroyed robot26!
Destroyed robot82!
Destroyed robot227!
Destroyed robot118!
Destroyed robot207!
Destroyed robot52!
Destroyed robot74!
Destroyed robot38!
Destroyed robot170!
Destroyed robot100!
Destroyed robot32!
Destroyed robot239!
Destroyed robot277!
Destroyed robot93!
Destroyed robot113!
Destroyed robot218!
Destroyed robot272!
Destroyed robot236!
Destroyed robot1!
Destroyed robot189!
Destroyed robot75!
Destroyed robot205!
Destroyed robot276!
Destroyed robot198!
Destroyed robot105!
Destroyed robot123!
Destroyed robot73!
Destroyed robot262!
Destroyed robot124!
Destroyed robot48!
Destroyed robot114!
Destroyed robot115!
Destroyed robot60!
Destroyed robot110!
Destroyed robot78!
Destroyed robot4!
Destroyed robot158!
Destroyed robot155!
Destroyed robot17!
Destroyed robot203!
Destroyed robot71!
Destroyed robot179!
Destroyed robot85!
Destroyed robot195!
Destroyed robot79!
Destroyed robot261!
Destroyed robot42!
Destroyed robot149!
Destroyed robot90!
Destroyed robot211!
Destroyed robot171!
Destroyed robot172!
Destroyed robot101!
Destroyed robot180!
Destroyed robot59!
Destroyed robot157!
Destroyed robot169!
Destroyed robot213!
Destroyed robot217!
Destroyed robot128!
Destroyed robot27!
Destroyed robot222!
Destroyed robot40!
Destroyed robot141!
Destroyed robot13!
Destroyed robot191!
Destroyed robot249!
Destroyed robot164!
Destroyed robot43!
Destroyed robot131!
Destroyed robot11!
Destroyed robot238!
Destroyed robot135!
Destroyed robot177!
Destroyed robot163!
Destroyed robot250!
Destroyed robot229!
Destroyed robot136!
Destroyed robot220!
Destroyed robot84!
Destroyed robot107!
Destroyed robot30!
******* testar.sh 280  ********


*** determinar crescimento de RS em relacao 280 robos ****


Experimento numero 15


analise80.sh: line 22: ./testar.sh: Permission denied
mv: cannot stat 'logs': No such file or directory
/home/andersoney/algoritmotcc
Stage 4.3.0 [GUI disabled]
 [Loading automatic1.world][Include map.inc][Include sick.inc][Include pioneer.inc]
Destroyed robot240!
Destroyed robot257!
Destroyed robot115!
Destroyed robot249!
Destroyed robot123!
Destroyed robot110!
Destroyed robot71!
Destroyed robot34!
Destroyed robot260!
Destroyed robot271!
Destroyed robot146!
Destroyed robot132!
Destroyed robot94!
Destroyed robot154!
Destroyed robot45!
Destroyed robot59!
Destroyed robot30!
Destroyed robot186!
Destroyed robot99!
Destroyed robot64!
Destroyed robot199!
Destroyed robot209!
Destroyed robot135!
Destroyed robot27!
Destroyed robot159!
Destroyed robot79!
Destroyed robot147!
Destroyed robot103!
Destroyed robot248!
Destroyed robot202!
Destroyed robot89!
Destroyed robot279!
Destroyed robot85!
Destroyed robot31!
Destroyed robot122!
Destroyed robot218!
Destroyed robot253!
Destroyed robot7!
Destroyed robot184!
Destroyed robot215!
Destroyed robot90!
Destroyed robot82!
Destroyed robot70!
Destroyed robot219!
Destroyed robot261!
Destroyed robot121!
Destroyed robot130!
Destroyed robot225!
Destroyed robot190!
Destroyed robot174!
Destroyed robot127!
Destroyed robot212!
Destroyed robot120!
Destroyed robot118!
Destroyed robot13!
Destroyed robot191!
Destroyed robot128!
Destroyed robot198!
Destroyed robot55!
Destroyed robot226!
Destroyed robot20!
Destroyed robot206!
Destroyed robot220!
Destroyed robot19!
Destroyed robot180!
Destroyed robot228!
Destroyed robot200!
Destroyed robot63!
Destroyed robot41!
Destroyed robot83!
Destroyed robot161!
Destroyed robot129!
Destroyed robot57!
Destroyed robot197!
Destroyed robot273!
Destroyed robot236!
Destroyed robot108!
Destroyed robot96!
Destroyed robot23!
Destroyed robot136!
Destroyed robot145!
Destroyed robot163!
Destroyed robot176!
Destroyed robot125!
Destroyed robot254!
Destroyed robot116!
Destroyed robot266!
Destroyed robot216!
Destroyed robot44!
Destroyed robot92!
Destroyed robot73!
Destroyed robot38!
Destroyed robot67!
Destroyed robot56!
Destroyed robot111!
Destroyed robot21!
Destroyed robot175!
Destroyed robot51!
Destroyed robot33!
Destroyed robot112!
Destroyed robot168!
Destroyed robot205!
Destroyed robot151!
Destroyed robot107!
Destroyed robot170!
Destroyed robot9!
Destroyed robot48!
Destroyed robot105!
Destroyed robot8!
Destroyed robot35!
Destroyed robot97!
Destroyed robot18!
Destroyed robot152!
Destroyed robot278!
Destroyed robot227!
Destroyed robot262!
Destroyed robot52!
Destroyed robot213!
Destroyed robot167!
Destroyed robot141!
Destroyed robot193!
Destroyed robot157!
Destroyed robot252!
Destroyed robot42!
Destroyed robot101!
Destroyed robot233!
Destroyed robot60!
Destroyed robot208!
Destroyed robot131!
Destroyed robot28!
Destroyed robot17!
Destroyed robot162!
Destroyed robot210!
Destroyed robot5!
Destroyed robot222!
Destroyed robot137!
Destroyed robot39!
Destroyed robot182!
Destroyed robot134!
Destroyed robot87!
Destroyed robot277!
Destroyed robot187!
Destroyed robot24!
Destroyed robot26!
Destroyed robot3!
Destroyed robot237!
Destroyed robot74!
Destroyed robot272!
Destroyed robot124!
Destroyed robot270!
Destroyed robot150!
Destroyed robot15!
Destroyed robot185!
Destroyed robot247!
Destroyed robot169!
Destroyed robot109!
Destroyed robot166!
Destroyed robot113!
Destroyed robot10!
Destroyed robot50!
Destroyed robot178!
Destroyed robot269!
Destroyed robot106!
Destroyed robot158!
Destroyed robot149!
Destroyed robot76!
Destroyed robot224!
Destroyed robot241!
Destroyed robot104!
Destroyed robot62!
Destroyed robot66!
Destroyed robot2!
Destroyed robot32!
Destroyed robot189!
Destroyed robot245!
Destroyed robot217!
Destroyed robot265!
Destroyed robot207!
Destroyed robot183!
Destroyed robot53!
Destroyed robot47!
Destroyed robot29!
Destroyed robot16!
Destroyed robot80!
Destroyed robot75!
Destroyed robot49!
Destroyed robot267!
Destroyed robot259!
Destroyed robot155!
Destroyed robot276!
Destroyed robot204!
Destroyed robot173!
Destroyed robot142!
Destroyed robot11!
Destroyed robot221!
Destroyed robot181!
Destroyed robot133!
Destroyed robot140!
Destroyed robot255!
Destroyed robot4!
Destroyed robot250!
Destroyed robot117!
Destroyed robot119!
Destroyed robot102!
Destroyed robot69!
Destroyed robot36!
Destroyed robot196!
Destroyed robot98!
Destroyed robot114!
Destroyed robot201!
Destroyed robot246!
Destroyed robot258!
Destroyed robot46!
Destroyed robot232!
Destroyed robot84!
Destroyed robot58!
Destroyed robot37!
Destroyed robot214!
Destroyed robot12!
Destroyed robot230!
Destroyed robot264!
Destroyed robot165!
Destroyed robot251!
Destroyed robot153!
Destroyed robot229!
Destroyed robot81!
Destroyed robot95!
Destroyed robot6!
Destroyed robot156!
Destroyed robot22!
Destroyed robot160!
Destroyed robot148!
Destroyed robot86!
Destroyed robot177!
Destroyed robot139!
Destroyed robot194!
Destroyed robot143!
Destroyed robot256!
Destroyed robot61!
Destroyed robot239!
Destroyed robot211!
Destroyed robot25!
Destroyed robot88!
Destroyed robot43!
Destroyed robot179!
Destroyed robot231!
Destroyed robot223!
Destroyed robot274!
Destroyed robot77!
Destroyed robot188!
Destroyed robot203!
Destroyed robot195!
Destroyed robot100!
Destroyed robot234!
Destroyed robot171!
Destroyed robot268!
Destroyed robot93!
Destroyed robot243!
Destroyed robot65!
Destroyed robot192!
Destroyed robot172!
Destroyed robot40!
Destroyed robot164!
Destroyed robot54!
Destroyed robot244!
Destroyed robot138!
Destroyed robot1!
Destroyed robot14!
Destroyed robot263!
Destroyed robot238!
Destroyed robot78!
Destroyed robot275!
Destroyed robot126!
Destroyed robot235!
Destroyed robot91!
Destroyed robot242!
Destroyed robot68!
Destroyed robot144!
Destroyed robot72!
******* testar.sh 280  ********


*** determinar crescimento de RS em relacao 280 robos ****


Experimento numero 16


analise80.sh: line 22: ./testar.sh: Permission denied
mv: cannot stat 'logs': No such file or directory
/home/andersoney/algoritmotcc
Stage 4.3.0 [GUI disabled]
 [Loading automatic1.world][Include map.inc][Include sick.inc][Include pioneer.inc]
Destroyed robot173!
Destroyed robot90!
Destroyed robot135!
Destroyed robot195!
Destroyed robot11!
Destroyed robot117!
Destroyed robot158!
Destroyed robot123!
Destroyed robot52!
Destroyed robot84!
Destroyed robot28!
Destroyed robot188!
Destroyed robot187!
Destroyed robot85!
Destroyed robot38!
Destroyed robot3!
Destroyed robot144!
Destroyed robot172!
Destroyed robot113!
Destroyed robot143!
Destroyed robot50!
Destroyed robot120!
Destroyed robot151!
Destroyed robot15!
Destroyed robot106!
Destroyed robot247!
Destroyed robot132!
Destroyed robot272!
Destroyed robot180!
Destroyed robot241!
Destroyed robot82!
Destroyed robot73!
Destroyed robot191!
Destroyed robot139!
Destroyed robot162!
Destroyed robot122!
Destroyed robot24!
Destroyed robot148!
Destroyed robot47!
Destroyed robot105!
Destroyed robot110!
Destroyed robot119!
Destroyed robot246!
Destroyed robot205!
Destroyed robot18!
Destroyed robot126!
Destroyed robot45!
Destroyed robot77!
Destroyed robot32!
Destroyed robot118!
Destroyed robot20!
Destroyed robot31!
Destroyed robot131!
Destroyed robot87!
Destroyed robot109!
Destroyed robot1!
Destroyed robot189!
Destroyed robot49!
Destroyed robot70!
Destroyed robot114!
Destroyed robot10!
Destroyed robot190!
Destroyed robot210!
Destroyed robot63!
Destroyed robot74!
Destroyed robot270!
Destroyed robot276!
Destroyed robot27!
Destroyed robot79!
Destroyed robot265!
Destroyed robot107!
Destroyed robot239!
Destroyed robot218!
Destroyed robot193!
Destroyed robot94!
Destroyed robot160!
Destroyed robot153!
Destroyed robot200!
Destroyed robot14!
Destroyed robot168!
Destroyed robot71!
Destroyed robot243!
Destroyed robot40!
Destroyed robot207!
Destroyed robot157!
Destroyed robot275!
Destroyed robot208!
Destroyed robot111!
Destroyed robot13!
Destroyed robot0!
Destroyed robot83!
Destroyed robot253!
Destroyed robot249!
Destroyed robot4!
Destroyed robot46!
Destroyed robot213!
Destroyed robot9!
Destroyed robot61!
Destroyed robot279!
Destroyed robot259!
Destroyed robot7!
Destroyed robot184!
Destroyed robot261!
Destroyed robot267!
Destroyed robot257!
Destroyed robot72!
Destroyed robot76!
Destroyed robot56!
Destroyed robot93!
Destroyed robot141!
Destroyed robot29!
Destroyed robot179!
Destroyed robot103!
Destroyed robot116!
Destroyed robot183!
Destroyed robot34!
Destroyed robot169!
Destroyed robot214!
Destroyed robot274!
Destroyed robot209!
Destroyed robot65!
Destroyed robot255!
Destroyed robot215!
Destroyed robot175!
Destroyed robot181!
Destroyed robot58!
Destroyed robot128!
Destroyed robot237!
Destroyed robot204!
Destroyed robot177!
Destroyed robot254!
Destroyed robot252!
Destroyed robot165!
Destroyed robot2!
Destroyed robot186!
Destroyed robot234!
Destroyed robot98!
Destroyed robot25!
Destroyed robot202!
Destroyed robot248!
Destroyed robot5!
Destroyed robot80!
Destroyed robot137!
Destroyed robot88!
Destroyed robot147!
Destroyed robot212!
Destroyed robot273!
Destroyed robot245!
Destroyed robot53!
Destroyed robot176!
Destroyed robot271!
Destroyed robot174!
Destroyed robot39!
Destroyed robot178!
Destroyed robot145!
Destroyed robot101!
Destroyed robot217!
Destroyed robot67!
Destroyed robot219!
Destroyed robot197!
Destroyed robot167!
Destroyed robot201!
Destroyed robot231!
Destroyed robot36!
Destroyed robot62!
Destroyed robot269!
Destroyed robot230!
Destroyed robot68!
Destroyed robot192!
Destroyed robot232!
Destroyed robot48!
Destroyed robot159!
Destroyed robot66!
Destroyed robot37!
Destroyed robot89!
Destroyed robot86!
Destroyed robot242!
Destroyed robot264!
Destroyed robot166!
Destroyed robot164!
Destroyed robot182!
Destroyed robot233!
Destroyed robot194!
Destroyed robot262!
Destroyed robot112!
Destroyed robot238!
Destroyed robot156!
Destroyed robot154!
Destroyed robot97!
Destroyed robot223!
Destroyed robot206!
Destroyed robot57!
Destroyed robot163!
Destroyed robot220!
Destroyed robot171!
Destroyed robot216!
Destroyed robot133!
Destroyed robot44!
Destroyed robot225!
Destroyed robot235!
Destroyed robot136!
Destroyed robot146!
Destroyed robot108!
Destroyed robot16!
Destroyed robot121!
Destroyed robot99!
Destroyed robot196!
Destroyed robot240!
Destroyed robot251!
Destroyed robot130!
Destroyed robot125!
Destroyed robot81!
Destroyed robot228!
Destroyed robot258!
Destroyed robot277!
Destroyed robot244!
Destroyed robot140!
Destroyed robot51!
Destroyed robot260!
Destroyed robot222!
Destroyed robot161!
Destroyed robot250!
Destroyed robot102!
Destroyed robot100!
Destroyed robot95!
Destroyed robot96!
Destroyed robot224!
Destroyed robot8!
Destroyed robot92!
Destroyed robot42!
Destroyed robot91!
Destroyed robot198!
Destroyed robot26!
Destroyed robot60!
Destroyed robot199!
Destroyed robot55!
Destroyed robot227!
Destroyed robot124!
Destroyed robot64!
Destroyed robot155!
Destroyed robot19!
Destroyed robot268!
Destroyed robot75!
Destroyed robot152!
Destroyed robot23!
Destroyed robot78!
Destroyed robot22!
Destroyed robot229!
Destroyed robot266!
Destroyed robot226!
Destroyed robot17!
Destroyed robot142!
Destroyed robot170!
Destroyed robot30!
Destroyed robot59!
Destroyed robot203!
Destroyed robot104!
Destroyed robot138!
Destroyed robot33!
Destroyed robot115!
Destroyed robot263!
Destroyed robot12!
Destroyed robot134!
Destroyed robot21!
Destroyed robot41!
Destroyed robot236!
Destroyed robot54!
Destroyed robot127!
Destroyed robot221!
Destroyed robot211!
Destroyed robot256!
Destroyed robot129!
Destroyed robot149!
Destroyed robot43!
Destroyed robot150!
Destroyed robot6!
Destroyed robot185!
Destroyed robot69!
Destroyed robot278!
******* testar.sh 280  ********


*** determinar crescimento de RS em relacao 280 robos ****


Experimento numero 17


analise80.sh: line 22: ./testar.sh: Permission denied
mv: cannot stat 'logs': No such file or directory
/home/andersoney/algoritmotcc
Stage 4.3.0 [GUI disabled]
 [Loading automatic1.world][Include map.inc][Include sick.inc][Include pioneer.inc]
Destroyed robot209!
Destroyed robot277!
Destroyed robot274!
Destroyed robot197!
Destroyed robot217!
Destroyed robot119!
Destroyed robot187!
Destroyed robot255!
Destroyed robot235!
Destroyed robot133!
Destroyed robot10!
Destroyed robot102!
Destroyed robot147!
Destroyed robot143!
Destroyed robot132!
Destroyed robot191!
Destroyed robot60!
Destroyed robot272!
Destroyed robot152!
Destroyed robot237!
Destroyed robot258!
Destroyed robot3!
Destroyed robot1!
Destroyed robot16!
Destroyed robot2!
Destroyed robot68!
Destroyed robot142!
Destroyed robot123!
Destroyed robot126!
Destroyed robot13!
Destroyed robot101!
Destroyed robot198!
Destroyed robot22!
Destroyed robot145!
Destroyed robot55!
Destroyed robot128!
Destroyed robot242!
Destroyed robot29!
Destroyed robot5!
Destroyed robot28!
Destroyed robot251!
Destroyed robot131!
Destroyed robot163!
Destroyed robot82!
Destroyed robot8!
Destroyed robot56!
Destroyed robot173!
Destroyed robot105!
Destroyed robot45!
Destroyed robot234!
Destroyed robot7!
Destroyed robot150!
Destroyed robot100!
Destroyed robot208!
Destroyed robot267!
Destroyed robot33!
Destroyed robot184!
Destroyed robot95!
Destroyed robot160!
Destroyed robot195!
Destroyed robot73!
Destroyed robot144!
Destroyed robot36!
Destroyed robot66!
Destroyed robot177!
Destroyed robot24!
Destroyed robot83!
Destroyed robot81!
Destroyed robot265!
Destroyed robot57!
Destroyed robot201!
Destroyed robot253!
Destroyed robot125!
Destroyed robot159!
Destroyed robot233!
Destroyed robot215!
Destroyed robot49!
Destroyed robot154!
Destroyed robot43!
Destroyed robot179!
Destroyed robot273!
Destroyed robot250!
Destroyed robot275!
Destroyed robot224!
Destroyed robot67!
Destroyed robot236!
Destroyed robot174!
Destroyed robot93!
Destroyed robot139!
Destroyed robot87!
Destroyed robot89!
Destroyed robot72!
Destroyed robot168!
Destroyed robot276!
Destroyed robot99!
Destroyed robot151!
Destroyed robot266!
Destroyed robot166!
Destroyed robot11!
Destroyed robot44!
Destroyed robot75!
Destroyed robot240!
Destroyed robot245!
Destroyed robot54!
Destroyed robot228!
Destroyed robot155!
Destroyed robot15!
Destroyed robot116!
Destroyed robot206!
Destroyed robot42!
Destroyed robot271!
Destroyed robot6!
Destroyed robot120!
Destroyed robot269!
Destroyed robot256!
Destroyed robot51!
Destroyed robot202!
Destroyed robot62!
Destroyed robot231!
Destroyed robot114!
Destroyed robot279!
Destroyed robot192!
Destroyed robot194!
Destroyed robot247!
Destroyed robot165!
Destroyed robot26!
Destroyed robot52!
Destroyed robot188!
Destroyed robot124!
Destroyed robot47!
Destroyed robot31!
Destroyed robot223!
Destroyed robot35!
Destroyed robot104!
Destroyed robot0!
Destroyed robot106!
Destroyed robot65!
Destroyed robot37!
Destroyed robot129!
Destroyed robot92!
Destroyed robot98!
Destroyed robot53!
Destroyed robot241!
Destroyed robot64!
Destroyed robot84!
Destroyed robot172!
Destroyed robot135!
Destroyed robot148!
Destroyed robot259!
Destroyed robot90!
Destroyed robot157!
Destroyed robot257!
Destroyed robot19!
Destroyed robot25!
Destroyed robot107!
Destroyed robot244!
Destroyed robot161!
Destroyed robot175!
Destroyed robot9!
Destroyed robot204!
Destroyed robot146!
Destroyed robot14!
Destroyed robot180!
Destroyed robot226!
Destroyed robot248!
Destroyed robot30!
Destroyed robot203!
Destroyed robot225!
Destroyed robot264!
Destroyed robot137!
Destroyed robot222!
Destroyed robot162!
Destroyed robot216!
Destroyed robot59!
Destroyed robot136!
Destroyed robot88!
Destroyed robot210!
Destroyed robot32!
Destroyed robot130!
Destroyed robot190!
Destroyed robot48!
Destroyed robot109!
Destroyed robot86!
Destroyed robot186!
Destroyed robot176!
Destroyed robot243!
Destroyed robot212!
Destroyed robot200!
Destroyed robot178!
Destroyed robot171!
Destroyed robot167!
Destroyed robot169!
Destroyed robot85!
Destroyed robot254!
Destroyed robot4!
Destroyed robot199!
Destroyed robot229!
Destroyed robot246!
Destroyed robot79!
Destroyed robot214!
Destroyed robot262!
Destroyed robot164!
Destroyed robot23!
Destroyed robot70!
Destroyed robot138!
Destroyed robot238!
Destroyed robot270!
Destroyed robot40!
Destroyed robot38!
Destroyed robot18!
Destroyed robot232!
Destroyed robot41!
Destroyed robot193!
Destroyed robot185!
Destroyed robot61!
Destroyed robot156!
Destroyed robot189!
Destroyed robot263!
Destroyed robot118!
Destroyed robot220!
Destroyed robot122!
Destroyed robot58!
Destroyed robot71!
Destroyed robot141!
Destroyed robot213!
Destroyed robot140!
Destroyed robot80!
Destroyed robot127!
Destroyed robot17!
Destroyed robot196!
Destroyed robot239!
Destroyed robot21!
Destroyed robot111!
Destroyed robot115!
Destroyed robot230!
Destroyed robot46!
Destroyed robot78!
Destroyed robot96!
Destroyed robot74!
Destroyed robot103!
Destroyed robot39!
Destroyed robot76!
Destroyed robot211!
Destroyed robot227!
Destroyed robot252!
Destroyed robot207!
Destroyed robot112!
Destroyed robot170!
Destroyed robot12!
Destroyed robot221!
Destroyed robot34!
Destroyed robot249!
Destroyed robot77!
Destroyed robot121!
Destroyed robot110!
Destroyed robot219!
Destroyed robot27!
Destroyed robot97!
Destroyed robot63!
Destroyed robot261!
Destroyed robot91!
Destroyed robot268!
Destroyed robot50!
Destroyed robot153!
Destroyed robot183!
Destroyed robot218!
Destroyed robot108!
Destroyed robot117!
Destroyed robot69!
Destroyed robot113!
Destroyed robot94!
Destroyed robot149!
Destroyed robot205!
Destroyed robot260!
Destroyed robot182!
Destroyed robot181!
Destroyed robot158!
Destroyed robot20!
Destroyed robot134!
******* testar.sh 280  ********


*** determinar crescimento de RS em relacao 280 robos ****


Experimento numero 18


analise80.sh: line 22: ./testar.sh: Permission denied
mv: cannot stat 'logs': No such file or directory
/home/andersoney/algoritmotcc
Stage 4.3.0 [GUI disabled]
 [Loading automatic1.world][Include map.inc][Include sick.inc][Include pioneer.inc]
Destroyed robot212!
Destroyed robot2!
Destroyed robot181!
Destroyed robot96!
Destroyed robot270!
Destroyed robot22!
Destroyed robot98!
Destroyed robot191!
Destroyed robot61!
Destroyed robot79!
Destroyed robot110!
Destroyed robot163!
Destroyed robot121!
Destroyed robot100!
Destroyed robot182!
Destroyed robot28!
Destroyed robot30!
Destroyed robot90!
Destroyed robot167!
Destroyed robot145!
Destroyed robot138!
Destroyed robot120!
Destroyed robot256!
Destroyed robot6!
Destroyed robot168!
Destroyed robot37!
Destroyed robot266!
Destroyed robot83!
Destroyed robot112!
Destroyed robot175!
Destroyed robot232!
Destroyed robot80!
Destroyed robot44!
Destroyed robot5!
Destroyed robot91!
Destroyed robot51!
Destroyed robot269!
Destroyed robot252!
Destroyed robot159!
Destroyed robot106!
Destroyed robot107!
Destroyed robot277!
Destroyed robot257!
Destroyed robot23!
Destroyed robot193!
Destroyed robot221!
Destroyed robot57!
Destroyed robot144!
Destroyed robot133!
Destroyed robot50!
Destroyed robot114!
Destroyed robot239!
Destroyed robot68!
Destroyed robot45!
Destroyed robot189!
Destroyed robot143!
Destroyed robot215!
Destroyed robot54!
Destroyed robot251!
Destroyed robot265!
Destroyed robot62!
Destroyed robot24!
Destroyed robot81!
Destroyed robot268!
Destroyed robot74!
Destroyed robot132!
Destroyed robot33!
Destroyed robot158!
Destroyed robot63!
Destroyed robot18!
Destroyed robot16!
Destroyed robot3!
Destroyed robot217!
Destroyed robot14!
Destroyed robot156!
Destroyed robot271!
Destroyed robot162!
Destroyed robot211!
Destroyed robot93!
Destroyed robot76!
Destroyed robot117!
Destroyed robot131!
Destroyed robot249!
Destroyed robot180!
Destroyed robot205!
Destroyed robot220!
Destroyed robot64!
Destroyed robot148!
Destroyed robot194!
Destroyed robot276!
Destroyed robot124!
Destroyed robot253!
Destroyed robot8!
Destroyed robot7!
Destroyed robot85!
Destroyed robot72!
Destroyed robot237!
Destroyed robot32!
Destroyed robot231!
Destroyed robot213!
Destroyed robot241!
Destroyed robot77!
Destroyed robot139!
Destroyed robot26!
Destroyed robot97!
Destroyed robot115!
Destroyed robot1!
Destroyed robot227!
Destroyed robot169!
Destroyed robot146!
Destroyed robot186!
Destroyed robot245!
Destroyed robot129!
Destroyed robot10!
Destroyed robot161!
Destroyed robot134!
Destroyed robot73!
Destroyed robot155!
Destroyed robot29!
Destroyed robot12!
Destroyed robot140!
Destroyed robot130!
Destroyed robot27!
Destroyed robot236!
Destroyed robot55!
Destroyed robot198!
Destroyed robot218!
Destroyed robot279!
Destroyed robot258!
Destroyed robot75!
Destroyed robot185!
Destroyed robot200!
Destroyed robot208!
Destroyed robot58!
Destroyed robot135!
Destroyed robot116!
Destroyed robot261!
Destroyed robot88!
Destroyed robot197!
Destroyed robot230!
Destroyed robot125!
Destroyed robot69!
Destroyed robot222!
Destroyed robot104!
Destroyed robot244!
Destroyed robot70!
Destroyed robot111!
Destroyed robot87!
Destroyed robot199!
Destroyed robot275!
Destroyed robot59!
Destroyed robot127!
Destroyed robot41!
Destroyed robot228!
Destroyed robot150!
Destroyed robot109!
Destroyed robot154!
Destroyed robot170!
Destroyed robot178!
Destroyed robot255!
Destroyed robot36!
Destroyed robot71!
Destroyed robot136!
Destroyed robot9!
Destroyed robot105!
Destroyed robot84!
Destroyed robot209!
Destroyed robot38!
Destroyed robot47!
Destroyed robot151!
Destroyed robot263!
Destroyed robot66!
Destroyed robot224!
Destroyed robot196!
Destroyed robot60!
Destroyed robot82!
Destroyed robot229!
Destroyed robot153!
Destroyed robot0!
Destroyed robot141!
Destroyed robot201!
Destroyed robot118!
Destroyed robot203!
Destroyed robot254!
Destroyed robot262!
Destroyed robot184!
Destroyed robot274!
Destroyed robot278!
Destroyed robot86!
Destroyed robot250!
Destroyed robot207!
Destroyed robot234!
Destroyed robot176!
Destroyed robot240!
Destroyed robot17!
Destroyed robot248!
Destroyed robot92!
Destroyed robot149!
Destroyed robot123!
Destroyed robot177!
Destroyed robot13!
Destroyed robot43!
Destroyed robot142!
Destroyed robot102!
Destroyed robot235!
Destroyed robot56!
Destroyed robot113!
Destroyed robot89!
Destroyed robot210!
Destroyed robot152!
Destroyed robot160!
Destroyed robot165!
Destroyed robot166!
Destroyed robot15!
Destroyed robot119!
Destroyed robot94!
Destroyed robot172!
Destroyed robot21!
Destroyed robot219!
Destroyed robot35!
Destroyed robot78!
Destroyed robot204!
Destroyed robot101!
Destroyed robot34!
Destroyed robot171!
Destroyed robot49!
Destroyed robot95!
Destroyed robot157!
Destroyed robot53!
Destroyed robot65!
Destroyed robot179!
Destroyed robot108!
Destroyed robot183!
Destroyed robot99!
Destroyed robot122!
Destroyed robot48!
Destroyed robot273!
Destroyed robot46!
Destroyed robot216!
Destroyed robot223!
Destroyed robot20!
Destroyed robot19!
Destroyed robot206!
Destroyed robot52!
Destroyed robot214!
Destroyed robot264!
Destroyed robot103!
Destroyed robot39!
Destroyed robot137!
Destroyed robot164!
Destroyed robot67!
Destroyed robot246!
Destroyed robot260!
Destroyed robot259!
Destroyed robot128!
Destroyed robot190!
Destroyed robot173!
Destroyed robot147!
Destroyed robot188!
Destroyed robot226!
Destroyed robot187!
Destroyed robot25!
Destroyed robot202!
Destroyed robot174!
Destroyed robot42!
Destroyed robot11!
Destroyed robot225!
Destroyed robot4!
Destroyed robot192!
Destroyed robot243!
Destroyed robot242!
Destroyed robot272!
Destroyed robot238!
Destroyed robot233!
Destroyed robot247!
Destroyed robot195!
Destroyed robot40!
Destroyed robot126!
Destroyed robot31!
******* testar.sh 280  ********


*** determinar crescimento de RS em relacao 280 robos ****


Experimento numero 19


analise80.sh: line 22: ./testar.sh: Permission denied
mv: cannot stat 'logs': No such file or directory
/home/andersoney/algoritmotcc
Stage 4.3.0 [GUI disabled]
 [Loading automatic1.world][Include map.inc][Include sick.inc][Include pioneer.inc]
Destroyed robot260!
Destroyed robot87!
Destroyed robot127!
Destroyed robot154!
Destroyed robot29!
Destroyed robot5!
Destroyed robot23!
Destroyed robot6!
Destroyed robot38!
Destroyed robot226!
Destroyed robot106!
Destroyed robot135!
Destroyed robot232!
Destroyed robot156!
Destroyed robot272!
Destroyed robot52!
Destroyed robot58!
Destroyed robot62!
Destroyed robot78!
Destroyed robot45!
Destroyed robot132!
Destroyed robot21!
Destroyed robot89!
Destroyed robot244!
Destroyed robot162!
Destroyed robot195!
Destroyed robot129!
Destroyed robot84!
Destroyed robot270!
Destroyed robot72!
Destroyed robot53!
Destroyed robot273!
Destroyed robot90!
Destroyed robot165!
Destroyed robot22!
Destroyed robot141!
Destroyed robot164!
Destroyed robot93!
Destroyed robot118!
Destroyed robot155!
Destroyed robot8!
Destroyed robot73!
Destroyed robot186!
Destroyed robot246!
Destroyed robot20!
Destroyed robot81!
Destroyed robot25!
Destroyed robot27!
Destroyed robot279!
Destroyed robot184!
Destroyed robot67!
Destroyed robot70!
Destroyed robot36!
Destroyed robot187!
Destroyed robot57!
Destroyed robot178!
Destroyed robot69!
Destroyed robot110!
Destroyed robot176!
Destroyed robot192!
Destroyed robot174!
Destroyed robot241!
Destroyed robot229!
Destroyed robot14!
Destroyed robot149!
Destroyed robot237!
Destroyed robot185!
Destroyed robot182!
Destroyed robot277!
Destroyed robot46!
Destroyed robot137!
Destroyed robot10!
Destroyed robot92!
Destroyed robot278!
Destroyed robot261!
Destroyed robot206!
Destroyed robot256!
Destroyed robot41!
Destroyed robot225!
Destroyed robot210!
Destroyed robot169!
Destroyed robot274!
Destroyed robot268!
Destroyed robot240!
Destroyed robot209!
Destroyed robot173!
Destroyed robot85!
Destroyed robot94!
Destroyed robot63!
Destroyed robot61!
Destroyed robot242!
Destroyed robot47!
Destroyed robot172!
Destroyed robot228!
Destroyed robot76!
Destroyed robot24!
Destroyed robot179!
Destroyed robot257!
Destroyed robot203!
Destroyed robot248!
Destroyed robot48!
Destroyed robot124!
Destroyed robot151!
Destroyed robot30!
Destroyed robot160!
Destroyed robot275!
Destroyed robot200!
Destroyed robot188!
Destroyed robot125!
Destroyed robot42!
Destroyed robot146!
Destroyed robot28!
Destroyed robot60!
Destroyed robot119!
Destroyed robot234!
Destroyed robot199!
Destroyed robot140!
Destroyed robot1!
Destroyed robot264!
Destroyed robot238!
Destroyed robot102!
Destroyed robot65!
Destroyed robot214!
Destroyed robot170!
Destroyed robot230!
Destroyed robot120!
Destroyed robot16!
Destroyed robot121!
Destroyed robot19!
Destroyed robot7!
Destroyed robot39!
Destroyed robot208!
Destroyed robot56!
Destroyed robot269!
Destroyed robot66!
Destroyed robot31!
Destroyed robot126!
Destroyed robot109!
Destroyed robot224!
Destroyed robot15!
Destroyed robot158!
Destroyed robot220!
Destroyed robot255!
Destroyed robot108!
Destroyed robot218!
Destroyed robot37!
Destroyed robot263!
Destroyed robot40!
Destroyed robot189!
Destroyed robot222!
Destroyed robot107!
Destroyed robot231!
Destroyed robot117!
Destroyed robot181!
Destroyed robot44!
Destroyed robot98!
Destroyed robot103!
Destroyed robot4!
Destroyed robot197!
Destroyed robot201!
Destroyed robot91!
Destroyed robot114!
Destroyed robot54!
Destroyed robot80!
Destroyed robot9!
Destroyed robot116!
Destroyed robot267!
Destroyed robot83!
Destroyed robot71!
Destroyed robot138!
Destroyed robot64!
Destroyed robot145!
Destroyed robot157!
Destroyed robot271!
Destroyed robot247!
Destroyed robot183!
Destroyed robot211!
Destroyed robot147!
Destroyed robot143!
Destroyed robot50!
Destroyed robot136!
Destroyed robot221!
Destroyed robot193!
Destroyed robot207!
Destroyed robot168!
Destroyed robot130!
Destroyed robot190!
Destroyed robot43!
Destroyed robot111!
Destroyed robot249!
Destroyed robot198!
Destroyed robot152!
Destroyed robot77!
Destroyed robot115!
Destroyed robot245!
Destroyed robot59!
Destroyed robot215!
Destroyed robot26!
Destroyed robot262!
Destroyed robot79!
Destroyed robot97!
Destroyed robot144!
Destroyed robot131!
Destroyed robot243!
Destroyed robot133!
Destroyed robot95!
Destroyed robot223!
Destroyed robot167!
Destroyed robot235!
Destroyed robot148!
Destroyed robot68!
Destroyed robot0!
Destroyed robot171!
Destroyed robot265!
Destroyed robot33!
Destroyed robot18!
Destroyed robot191!
Destroyed robot12!
Destroyed robot266!
Destroyed robot180!
Destroyed robot175!
Destroyed robot227!
Destroyed robot122!
Destroyed robot134!
Destroyed robot13!
Destroyed robot34!
Destroyed robot194!
Destroyed robot150!
Destroyed robot51!
Destroyed robot259!
Destroyed robot276!
Destroyed robot112!
Destroyed robot142!
Destroyed robot74!
Destroyed robot239!
Destroyed robot166!
Destroyed robot202!
Destroyed robot100!
Destroyed robot233!
Destroyed robot258!
Destroyed robot217!
Destroyed robot196!
Destroyed robot123!
Destroyed robot2!
Destroyed robot49!
Destroyed robot177!
Destroyed robot139!
Destroyed robot205!
Destroyed robot250!
Destroyed robot153!
Destroyed robot55!
Destroyed robot104!
Destroyed robot88!
Destroyed robot252!
Destroyed robot128!
Destroyed robot3!
Destroyed robot163!
Destroyed robot113!
Destroyed robot254!
Destroyed robot11!
Destroyed robot17!
Destroyed robot35!
Destroyed robot251!
Destroyed robot101!
Destroyed robot159!
Destroyed robot219!
Destroyed robot213!
Destroyed robot32!
Destroyed robot253!
Destroyed robot212!
Destroyed robot236!
Destroyed robot75!
Destroyed robot96!
Destroyed robot105!
Destroyed robot204!
Destroyed robot82!
Destroyed robot99!
Destroyed robot86!
Destroyed robot161!
******* testar.sh 280  ********


*** determinar crescimento de RS em relacao 280 robos ****


Experimento numero 20


analise80.sh: line 22: ./testar.sh: Permission denied
mv: cannot stat 'logs': No such file or directory
/home/andersoney/algoritmotcc
Stage 4.3.0 [GUI disabled]
 [Loading automatic1.world][Include map.inc][Include sick.inc][Include pioneer.inc]
Destroyed robot268!
Destroyed robot84!
Destroyed robot92!
Destroyed robot185!
Destroyed robot213!
Destroyed robot164!
Destroyed robot269!
Destroyed robot26!
Destroyed robot135!
Destroyed robot151!
Destroyed robot59!
Destroyed robot105!
Destroyed robot69!
Destroyed robot129!
Destroyed robot155!
Destroyed robot60!
Destroyed robot178!
Destroyed robot113!
Destroyed robot156!
Destroyed robot65!
Destroyed robot127!
Destroyed robot1!
Destroyed robot36!
Destroyed robot160!
Destroyed robot274!
Destroyed robot19!
Destroyed robot122!
Destroyed robot181!
Destroyed robot120!
Destroyed robot170!
Destroyed robot146!
Destroyed robot266!
Destroyed robot260!
Destroyed robot175!
Destroyed robot39!
Destroyed robot147!
Destroyed robot232!
Destroyed robot98!
Destroyed robot273!
Destroyed robot174!
Destroyed robot207!
Destroyed robot85!
Destroyed robot74!
Destroyed robot210!
Destroyed robot246!
Destroyed robot30!
Destroyed robot253!
Destroyed robot13!
Destroyed robot31!
Destroyed robot132!
Destroyed robot238!
Destroyed robot45!
Destroyed robot235!
Destroyed robot252!
Destroyed robot77!
Destroyed robot115!
Destroyed robot27!
Destroyed robot68!
Destroyed robot197!
Destroyed robot121!
Destroyed robot270!
Destroyed robot223!
Destroyed robot258!
Destroyed robot33!
Destroyed robot267!
Destroyed robot118!
Destroyed robot216!
Destroyed robot20!
Destroyed robot8!
Destroyed robot245!
Destroyed robot24!
Destroyed robot143!
Destroyed robot211!
Destroyed robot51!
Destroyed robot218!
Destroyed robot195!
Destroyed robot261!
Destroyed robot15!
Destroyed robot239!
Destroyed robot217!
Destroyed robot182!
Destroyed robot263!
Destroyed robot192!
Destroyed robot139!
Destroyed robot169!
Destroyed robot254!
Destroyed robot177!
Destroyed robot91!
Destroyed robot16!
Destroyed robot154!
Destroyed robot104!
Destroyed robot25!
Destroyed robot112!
Destroyed robot23!
Destroyed robot14!
Destroyed robot126!
Destroyed robot29!
Destroyed robot214!
Destroyed robot189!
Destroyed robot11!
Destroyed robot41!
Destroyed robot236!
Destroyed robot157!
Destroyed robot203!
Destroyed robot158!
Destroyed robot240!
Destroyed robot81!
Destroyed robot242!
Destroyed robot101!
Destroyed robot109!
Destroyed robot125!
Destroyed robot231!
Destroyed robot94!
Destroyed robot100!
Destroyed robot257!
Destroyed robot86!
Destroyed robot179!
Destroyed robot165!
Destroyed robot102!
Destroyed robot6!
Destroyed robot73!
Destroyed robot144!
Destroyed robot117!
Destroyed robot265!
Destroyed robot193!
Destroyed robot221!
Destroyed robot64!
Destroyed robot172!
Destroyed robot209!
Destroyed robot220!
Destroyed robot276!
Destroyed robot159!
Destroyed robot56!
Destroyed robot66!
Destroyed robot32!
Destroyed robot204!
Destroyed robot137!
Destroyed robot202!
Destroyed robot42!
Destroyed robot82!
Destroyed robot46!
Destroyed robot34!
Destroyed robot119!
Destroyed robot133!
Destroyed robot88!
Destroyed robot107!
Destroyed robot128!
Destroyed robot57!
Destroyed robot256!
Destroyed robot134!
Destroyed robot99!
Destroyed robot40!
Destroyed robot199!
Destroyed robot79!
Destroyed robot55!
Destroyed robot138!
Destroyed robot145!
Destroyed robot166!
Destroyed robot89!
Destroyed robot2!
Destroyed robot63!
Destroyed robot17!
Destroyed robot150!
Destroyed robot58!
Destroyed robot9!
Destroyed robot190!
Destroyed robot225!
Destroyed robot136!
Destroyed robot206!
Destroyed robot4!
Destroyed robot54!
Destroyed robot5!
Destroyed robot131!
Destroyed robot212!
Destroyed robot186!
Destroyed robot278!
Destroyed robot116!
Destroyed robot78!
Destroyed robot227!
Destroyed robot279!
Destroyed robot80!
Destroyed robot83!
Destroyed robot0!
Destroyed robot140!
Destroyed robot194!
Destroyed robot110!
Destroyed robot237!
Destroyed robot108!
Destroyed robot188!
Destroyed robot114!
Destroyed robot43!
Destroyed robot130!
Destroyed robot141!
Destroyed robot124!
Destroyed robot35!
Destroyed robot222!
Destroyed robot37!
Destroyed robot168!
Destroyed robot248!
Destroyed robot103!
Destroyed robot167!
Destroyed robot21!
Destroyed robot271!
Destroyed robot72!
Destroyed robot61!
Destroyed robot70!
Destroyed robot28!
Destroyed robot62!
Destroyed robot244!
Destroyed robot187!
Destroyed robot275!
Destroyed robot161!
Destroyed robot50!
Destroyed robot226!
Destroyed robot93!
Destroyed robot52!
Destroyed robot22!
Destroyed robot219!
Destroyed robot224!
Destroyed robot44!
Destroyed robot12!
Destroyed robot241!
Destroyed robot229!
Destroyed robot90!
Destroyed robot264!
Destroyed robot272!
Destroyed robot215!
Destroyed robot3!
Destroyed robot198!
Destroyed robot255!
Destroyed robot71!
Destroyed robot148!
Destroyed robot96!
Destroyed robot97!
Destroyed robot10!
Destroyed robot230!
Destroyed robot250!
Destroyed robot208!
Destroyed robot205!
Destroyed robot76!
Destroyed robot196!
Destroyed robot47!
Destroyed robot48!
Destroyed robot75!
Destroyed robot95!
Destroyed robot38!
Destroyed robot7!
Destroyed robot152!
Destroyed robot247!
Destroyed robot173!
Destroyed robot171!
Destroyed robot153!
Destroyed robot184!
Destroyed robot87!
Destroyed robot142!
Destroyed robot262!
Destroyed robot191!
Destroyed robot111!
Destroyed robot251!
Destroyed robot53!
Destroyed robot234!
Destroyed robot163!
Destroyed robot201!
Destroyed robot228!
Destroyed robot106!
Destroyed robot243!
Destroyed robot49!
Destroyed robot67!
Destroyed robot180!
Destroyed robot183!
Destroyed robot18!
Destroyed robot149!
Destroyed robot249!
Destroyed robot200!
Destroyed robot123!
Destroyed robot233!
Destroyed robot176!
Destroyed robot259!
Destroyed robot162!
******* testar.sh 280  ********


*** determinar crescimento de RS em relacao 280 robos ****


Experimento numero 21


analise80.sh: line 22: ./testar.sh: Permission denied
mv: cannot stat 'logs': No such file or directory
/home/andersoney/algoritmotcc
Stage 4.3.0 [GUI disabled]
 [Loading automatic1.world][Include map.inc][Include sick.inc][Include pioneer.inc]
Destroyed robot75!
Destroyed robot163!
Destroyed robot33!
Destroyed robot92!
Destroyed robot266!
Destroyed robot187!
Destroyed robot77!
Destroyed robot172!
Destroyed robot268!
Destroyed robot44!
Destroyed robot53!
Destroyed robot19!
Destroyed robot45!
Destroyed robot74!
Destroyed robot208!
Destroyed robot221!
Destroyed robot15!
Destroyed robot132!
Destroyed robot48!
Destroyed robot64!
Destroyed robot79!
Destroyed robot11!
Destroyed robot71!
Destroyed robot160!
Destroyed robot43!
Destroyed robot215!
Destroyed robot196!
Destroyed robot27!
Destroyed robot51!
Destroyed robot40!
Destroyed robot8!
Destroyed robot14!
Destroyed robot117!
Destroyed robot242!
Destroyed robot254!
Destroyed robot238!
Destroyed robot210!
Destroyed robot183!
Destroyed robot158!
Destroyed robot13!
Destroyed robot139!
Destroyed robot259!
Destroyed robot272!
Destroyed robot145!
Destroyed robot189!
Destroyed robot179!
Destroyed robot89!
Destroyed robot209!
Destroyed robot212!
Destroyed robot276!
Destroyed robot260!
Destroyed robot278!
Destroyed robot204!
Destroyed robot176!
Destroyed robot177!
Destroyed robot159!
Destroyed robot120!
Destroyed robot225!
Destroyed robot195!
Destroyed robot236!
Destroyed robot243!
Destroyed robot128!
Destroyed robot251!
Destroyed robot271!
Destroyed robot197!
Destroyed robot90!
Destroyed robot256!
Destroyed robot2!
Destroyed robot150!
Destroyed robot16!
Destroyed robot169!
Destroyed robot171!
Destroyed robot230!
Destroyed robot165!
Destroyed robot131!
Destroyed robot229!
Destroyed robot102!
Destroyed robot149!
Destroyed robot69!
Destroyed robot143!
Destroyed robot202!
Destroyed robot113!
Destroyed robot129!
Destroyed robot170!
Destroyed robot4!
Destroyed robot219!
Destroyed robot73!
Destroyed robot65!
Destroyed robot168!
Destroyed robot70!
Destroyed robot217!
Destroyed robot30!
Destroyed robot262!
Destroyed robot112!
Destroyed robot133!
Destroyed robot162!
Destroyed robot218!
Destroyed robot220!
Destroyed robot267!
Destroyed robot54!
Destroyed robot214!
Destroyed robot98!
Destroyed robot147!
Destroyed robot109!
Destroyed robot250!
Destroyed robot211!
Destroyed robot110!
Destroyed robot28!
Destroyed robot83!
Destroyed robot103!
Destroyed robot192!
Destroyed robot181!
Destroyed robot26!
Destroyed robot87!
Destroyed robot84!
Destroyed robot245!
Destroyed robot135!
Destroyed robot37!
Destroyed robot151!
Destroyed robot62!
Destroyed robot275!
Destroyed robot164!
Destroyed robot76!
Destroyed robot127!
Destroyed robot178!
Destroyed robot3!
Destroyed robot213!
Destroyed robot232!
Destroyed robot253!
Destroyed robot138!
Destroyed robot1!
Destroyed robot9!
Destroyed robot31!
Destroyed robot81!
Destroyed robot263!
Destroyed robot148!
Destroyed robot80!
Destroyed robot107!
Destroyed robot261!
Destroyed robot10!
Destroyed robot156!
Destroyed robot58!
Destroyed robot57!
Destroyed robot0!
Destroyed robot17!
Destroyed robot240!
Destroyed robot233!
Destroyed robot104!
Destroyed robot78!
Destroyed robot182!
Destroyed robot88!
Destroyed robot130!
Destroyed robot36!
Destroyed robot46!
Destroyed robot167!
Destroyed robot18!
Destroyed robot205!
Destroyed robot277!
Destroyed robot190!
Destroyed robot223!
Destroyed robot274!
Destroyed robot55!
Destroyed robot154!
Destroyed robot111!
Destroyed robot134!
Destroyed robot136!
Destroyed robot126!
Destroyed robot20!
Destroyed robot239!
Destroyed robot22!
Destroyed robot60!
Destroyed robot5!
Destroyed robot222!
Destroyed robot137!
Destroyed robot100!
Destroyed robot42!
Destroyed robot206!
Destroyed robot124!
Destroyed robot269!
Destroyed robot247!
Destroyed robot224!
Destroyed robot201!
Destroyed robot235!
Destroyed robot252!
Destroyed robot29!
Destroyed robot237!
Destroyed robot231!
Destroyed robot258!
Destroyed robot50!
Destroyed robot95!
Destroyed robot25!
Destroyed robot144!
Destroyed robot47!
Destroyed robot119!
Destroyed robot180!
Destroyed robot186!
Destroyed robot56!
Destroyed robot226!
Destroyed robot106!
Destroyed robot38!
Destroyed robot105!
Destroyed robot246!
Destroyed robot115!
Destroyed robot116!
Destroyed robot12!
Destroyed robot279!
Destroyed robot193!
Destroyed robot200!
Destroyed robot140!
Destroyed robot85!
Destroyed robot66!
Destroyed robot24!
Destroyed robot49!
Destroyed robot52!
Destroyed robot91!
Destroyed robot255!
Destroyed robot191!
Destroyed robot273!
Destroyed robot97!
Destroyed robot184!
Destroyed robot6!
Destroyed robot122!
Destroyed robot99!
Destroyed robot118!
Destroyed robot146!
Destroyed robot108!
Destroyed robot153!
Destroyed robot61!
Destroyed robot257!
Destroyed robot194!
Destroyed robot174!
Destroyed robot94!
Destroyed robot185!
Destroyed robot228!
Destroyed robot207!
Destroyed robot39!
Destroyed robot234!
Destroyed robot241!
Destroyed robot123!
Destroyed robot227!
Destroyed robot175!
Destroyed robot270!
Destroyed robot67!
Destroyed robot265!
Destroyed robot216!
Destroyed robot41!
Destroyed robot203!
Destroyed robot166!
Destroyed robot34!
Destroyed robot152!
Destroyed robot157!
Destroyed robot173!
Destroyed robot82!
Destroyed robot59!
Destroyed robot142!
Destroyed robot93!
Destroyed robot114!
Destroyed robot161!
Destroyed robot96!
Destroyed robot32!
Destroyed robot63!
Destroyed robot35!
Destroyed robot244!
Destroyed robot23!
Destroyed robot141!
Destroyed robot21!
Destroyed robot155!
Destroyed robot72!
Destroyed robot125!
Destroyed robot249!
Destroyed robot188!
Destroyed robot68!
Destroyed robot7!
Destroyed robot248!
Destroyed robot198!
Destroyed robot101!
Destroyed robot121!
Destroyed robot86!
Destroyed robot199!
******* testar.sh 280  ********


*** determinar crescimento de RS em relacao 280 robos ****


Experimento numero 22


analise80.sh: line 22: ./testar.sh: Permission denied
mv: cannot stat 'logs': No such file or directory
/home/andersoney/algoritmotcc
Stage 4.3.0 [GUI disabled]
 [Loading automatic1.world][Include map.inc][Include sick.inc][Include pioneer.inc]
Destroyed robot138!
Destroyed robot30!
Destroyed robot190!
Destroyed robot125!
Destroyed robot27!
Destroyed robot93!
Destroyed robot36!
Destroyed robot44!
Destroyed robot134!
Destroyed robot1!
Destroyed robot79!
Destroyed robot149!
Destroyed robot91!
Destroyed robot66!
Destroyed robot171!
Destroyed robot158!
Destroyed robot168!
Destroyed robot147!
Destroyed robot148!
Destroyed robot89!
Destroyed robot8!
Destroyed robot204!
Destroyed robot160!
Destroyed robot213!
Destroyed robot183!
Destroyed robot96!
Destroyed robot185!
Destroyed robot271!
Destroyed robot239!
Destroyed robot85!
Destroyed robot266!
Destroyed robot118!
Destroyed robot29!
Destroyed robot156!
Destroyed robot111!
Destroyed robot95!
Destroyed robot155!
Destroyed robot104!
Destroyed robot75!
Destroyed robot57!
Destroyed robot214!
Destroyed robot256!
Destroyed robot275!
Destroyed robot259!
Destroyed robot63!
Destroyed robot274!
Destroyed robot46!
Destroyed robot220!
Destroyed robot245!
Destroyed robot53!
Destroyed robot164!
Destroyed robot198!
Destroyed robot143!
Destroyed robot163!
Destroyed robot191!
Destroyed robot98!
Destroyed robot234!
Destroyed robot217!
Destroyed robot206!
Destroyed robot173!
Destroyed robot209!
Destroyed robot179!
Destroyed robot237!
Destroyed robot139!
Destroyed robot194!
Destroyed robot202!
Destroyed robot205!
Destroyed robot192!
Destroyed robot227!
Destroyed robot257!
Destroyed robot26!
Destroyed robot146!
Destroyed robot233!
Destroyed robot74!
Destroyed robot167!
Destroyed robot232!
Destroyed robot24!
Destroyed robot38!
Destroyed robot45!
Destroyed robot197!
Destroyed robot265!
Destroyed robot41!
Destroyed robot131!
Destroyed robot236!
Destroyed robot107!
Destroyed robot225!
Destroyed robot28!
Destroyed robot203!
Destroyed robot109!
Destroyed robot15!
Destroyed robot100!
Destroyed robot151!
Destroyed robot54!
Destroyed robot58!
Destroyed robot230!
Destroyed robot97!
Destroyed robot67!
Destroyed robot141!
Destroyed robot60!
Destroyed robot277!
Destroyed robot47!
Destroyed robot128!
Destroyed robot195!
Destroyed robot33!
Destroyed robot166!
Destroyed robot3!
Destroyed robot84!
Destroyed robot39!
Destroyed robot269!
Destroyed robot222!
Destroyed robot115!
Destroyed robot242!
Destroyed robot19!
Destroyed robot273!
Destroyed robot196!
Destroyed robot116!
Destroyed robot181!
Destroyed robot169!
Destroyed robot140!
Destroyed robot132!
Destroyed robot130!
Destroyed robot187!
Destroyed robot174!
Destroyed robot221!
Destroyed robot50!
Destroyed robot142!
Destroyed robot92!
Destroyed robot52!
Destroyed robot137!
Destroyed robot23!
Destroyed robot35!
Destroyed robot270!
Destroyed robot246!
Destroyed robot180!
Destroyed robot219!
Destroyed robot7!
Destroyed robot94!
Destroyed robot267!
Destroyed robot255!
Destroyed robot247!
Destroyed robot152!
Destroyed robot276!
Destroyed robot254!
Destroyed robot261!
Destroyed robot120!
Destroyed robot216!
Destroyed robot153!
Destroyed robot110!
Destroyed robot193!
Destroyed robot177!
Destroyed robot59!
Destroyed robot37!
Destroyed robot119!
Destroyed robot231!
Destroyed robot215!
Destroyed robot258!
Destroyed robot124!
Destroyed robot224!
Destroyed robot244!
Destroyed robot40!
Destroyed robot228!
Destroyed robot87!
Destroyed robot268!
Destroyed robot14!
Destroyed robot70!
Destroyed robot16!
Destroyed robot170!
Destroyed robot260!
Destroyed robot223!
Destroyed robot61!
Destroyed robot113!
Destroyed robot243!
Destroyed robot73!
Destroyed robot172!
Destroyed robot86!
Destroyed robot178!
Destroyed robot101!
Destroyed robot81!
Destroyed robot136!
Destroyed robot218!
Destroyed robot150!
Destroyed robot83!
Destroyed robot64!
Destroyed robot18!
Destroyed robot175!
Destroyed robot241!
Destroyed robot0!
Destroyed robot21!
Destroyed robot9!
Destroyed robot77!
Destroyed robot126!
Destroyed robot279!
Destroyed robot68!
Destroyed robot102!
Destroyed robot144!
Destroyed robot13!
Destroyed robot105!
Destroyed robot6!
Destroyed robot121!
Destroyed robot182!
Destroyed robot71!
Destroyed robot262!
Destroyed robot5!
Destroyed robot133!
Destroyed robot272!
Destroyed robot10!
Destroyed robot99!
Destroyed robot117!
Destroyed robot226!
Destroyed robot154!
Destroyed robot62!
Destroyed robot72!
Destroyed robot42!
Destroyed robot162!
Destroyed robot248!
Destroyed robot159!
Destroyed robot249!
Destroyed robot123!
Destroyed robot161!
Destroyed robot78!
Destroyed robot4!
Destroyed robot250!
Destroyed robot48!
Destroyed robot25!
Destroyed robot165!
Destroyed robot188!
Destroyed robot32!
Destroyed robot264!
Destroyed robot229!
Destroyed robot51!
Destroyed robot22!
Destroyed robot55!
Destroyed robot88!
Destroyed robot186!
Destroyed robot20!
Destroyed robot80!
Destroyed robot106!
Destroyed robot65!
Destroyed robot263!
Destroyed robot251!
Destroyed robot129!
Destroyed robot253!
Destroyed robot252!
Destroyed robot235!
Destroyed robot207!
Destroyed robot145!
Destroyed robot240!
Destroyed robot76!
Destroyed robot210!
Destroyed robot43!
Destroyed robot114!
Destroyed robot108!
Destroyed robot2!
Destroyed robot122!
Destroyed robot212!
Destroyed robot157!
Destroyed robot200!
Destroyed robot90!
Destroyed robot12!
Destroyed robot238!
Destroyed robot11!
Destroyed robot211!
Destroyed robot49!
Destroyed robot56!
Destroyed robot201!
Destroyed robot17!
Destroyed robot34!
Destroyed robot112!
Destroyed robot103!
Destroyed robot135!
Destroyed robot82!
Destroyed robot69!
Destroyed robot184!
Destroyed robot278!
Destroyed robot199!
Destroyed robot127!
Destroyed robot31!
Destroyed robot208!
Destroyed robot176!
******* testar.sh 280  ********


*** determinar crescimento de RS em relacao 280 robos ****


Experimento numero 23


analise80.sh: line 22: ./testar.sh: Permission denied
mv: cannot stat 'logs': No such file or directory
/home/andersoney/algoritmotcc
Stage 4.3.0 [GUI disabled]
 [Loading automatic1.world][Include map.inc][Include sick.inc][Include pioneer.inc]
Destroyed robot105!
Destroyed robot178!
Destroyed robot175!
Destroyed robot170!
Destroyed robot11!
Destroyed robot111!
Destroyed robot131!
Destroyed robot127!
Destroyed robot199!
Destroyed robot240!
Destroyed robot159!
Destroyed robot43!
Destroyed robot26!
Destroyed robot104!
Destroyed robot5!
Destroyed robot87!
Destroyed robot113!
Destroyed robot37!
Destroyed robot161!
Destroyed robot96!
Destroyed robot55!
Destroyed robot81!
Destroyed robot75!
Destroyed robot89!
Destroyed robot154!
Destroyed robot190!
Destroyed robot174!
Destroyed robot46!
Destroyed robot152!
Destroyed robot222!
Destroyed robot186!
Destroyed robot83!
Destroyed robot63!
Destroyed robot109!
Destroyed robot278!
Destroyed robot124!
Destroyed robot220!
Destroyed robot270!
Destroyed robot176!
Destroyed robot102!
Destroyed robot30!
Destroyed robot238!
Destroyed robot193!
Destroyed robot50!
Destroyed robot209!
Destroyed robot157!
Destroyed robot273!
Destroyed robot244!
Destroyed robot8!
Destroyed robot31!
Destroyed robot236!
Destroyed robot44!
Destroyed robot237!
Destroyed robot134!
Destroyed robot130!
Destroyed robot141!
Destroyed robot169!
Destroyed robot57!
Destroyed robot25!
Destroyed robot214!
Destroyed robot56!
Destroyed robot103!
Destroyed robot71!
Destroyed robot225!
Destroyed robot72!
Destroyed robot135!
Destroyed robot67!
Destroyed robot140!
Destroyed robot230!
Destroyed robot200!
Destroyed robot12!
Destroyed robot204!
Destroyed robot272!
Destroyed robot1!
Destroyed robot181!
Destroyed robot266!
Destroyed robot167!
Destroyed robot108!
Destroyed robot59!
Destroyed robot205!
Destroyed robot235!
Destroyed robot143!
Destroyed robot15!
Destroyed robot36!
Destroyed robot10!
Destroyed robot84!
Destroyed robot233!
Destroyed robot241!
Destroyed robot136!
Destroyed robot117!
Destroyed robot246!
Destroyed robot271!
Destroyed robot115!
Destroyed robot245!
Destroyed robot242!
Destroyed robot226!
Destroyed robot112!
Destroyed robot146!
Destroyed robot65!
Destroyed robot166!
Destroyed robot223!
Destroyed robot62!
Destroyed robot158!
Destroyed robot51!
Destroyed robot39!
Destroyed robot151!
Destroyed robot184!
Destroyed robot16!
Destroyed robot47!
Destroyed robot82!
Destroyed robot42!
Destroyed robot53!
Destroyed robot92!
Destroyed robot239!
Destroyed robot60!
Destroyed robot187!
Destroyed robot107!
Destroyed robot165!
Destroyed robot52!
Destroyed robot153!
Destroyed robot252!
Destroyed robot206!
Destroyed robot203!
Destroyed robot69!
Destroyed robot3!
Destroyed robot132!
Destroyed robot262!
Destroyed robot179!
Destroyed robot264!
Destroyed robot251!
Destroyed robot91!
Destroyed robot80!
Destroyed robot188!
Destroyed robot54!
Destroyed robot263!
Destroyed robot255!
Destroyed robot17!
Destroyed robot93!
Destroyed robot13!
Destroyed robot234!
Destroyed robot274!
Destroyed robot260!
Destroyed robot254!
Destroyed robot192!
Destroyed robot116!
Destroyed robot276!
Destroyed robot23!
Destroyed robot85!
Destroyed robot142!
Destroyed robot168!
Destroyed robot216!
Destroyed robot224!
Destroyed robot79!
Destroyed robot64!
Destroyed robot40!
Destroyed robot86!
Destroyed robot229!
Destroyed robot232!
Destroyed robot34!
Destroyed robot162!
Destroyed robot24!
Destroyed robot19!
Destroyed robot202!
Destroyed robot163!
Destroyed robot14!
Destroyed robot198!
Destroyed robot243!
Destroyed robot228!
Destroyed robot189!
Destroyed robot217!
Destroyed robot172!
Destroyed robot185!
Destroyed robot259!
Destroyed robot121!
Destroyed robot197!
Destroyed robot148!
Destroyed robot20!
Destroyed robot182!
Destroyed robot144!
Destroyed robot18!
Destroyed robot213!
Destroyed robot133!
Destroyed robot48!
Destroyed robot21!
Destroyed robot208!
Destroyed robot164!
Destroyed robot269!
Destroyed robot139!
Destroyed robot126!
Destroyed robot106!
Destroyed robot125!
Destroyed robot66!
Destroyed robot160!
Destroyed robot22!
Destroyed robot149!
Destroyed robot173!
Destroyed robot27!
Destroyed robot74!
Destroyed robot257!
Destroyed robot28!
Destroyed robot114!
Destroyed robot122!
Destroyed robot221!
Destroyed robot253!
Destroyed robot118!
Destroyed robot155!
Destroyed robot211!
Destroyed robot95!
Destroyed robot275!
Destroyed robot41!
Destroyed robot88!
Destroyed robot150!
Destroyed robot94!
Destroyed robot99!
Destroyed robot171!
Destroyed robot147!
Destroyed robot90!
Destroyed robot33!
Destroyed robot183!
Destroyed robot218!
Destroyed robot49!
Destroyed robot227!
Destroyed robot119!
Destroyed robot145!
Destroyed robot29!
Destroyed robot38!
Destroyed robot73!
Destroyed robot196!
Destroyed robot120!
Destroyed robot78!
Destroyed robot32!
Destroyed robot97!
Destroyed robot194!
Destroyed robot77!
Destroyed robot110!
Destroyed robot70!
Destroyed robot256!
Destroyed robot258!
Destroyed robot247!
Destroyed robot277!
Destroyed robot61!
Destroyed robot6!
Destroyed robot100!
Destroyed robot0!
Destroyed robot249!
Destroyed robot248!
Destroyed robot180!
Destroyed robot231!
Destroyed robot138!
Destroyed robot76!
Destroyed robot9!
Destroyed robot250!
Destroyed robot207!
Destroyed robot68!
Destroyed robot219!
Destroyed robot265!
Destroyed robot58!
Destroyed robot201!
Destroyed robot129!
Destroyed robot45!
Destroyed robot4!
Destroyed robot215!
Destroyed robot128!
Destroyed robot7!
Destroyed robot268!
Destroyed robot123!
Destroyed robot279!
Destroyed robot156!
Destroyed robot177!
Destroyed robot137!
Destroyed robot98!
Destroyed robot191!
Destroyed robot101!
Destroyed robot261!
Destroyed robot210!
Destroyed robot195!
Destroyed robot267!
Destroyed robot35!
Destroyed robot2!
******* testar.sh 280  ********


*** determinar crescimento de RS em relacao 280 robos ****


Experimento numero 24


analise80.sh: line 22: ./testar.sh: Permission denied
mv: cannot stat 'logs': No such file or directory
/home/andersoney/algoritmotcc
Stage 4.3.0 [GUI disabled]
 [Loading automatic1.world][Include map.inc][Include sick.inc][Include pioneer.inc]
Destroyed robot251!
Destroyed robot200!
Destroyed robot49!
Destroyed robot192!
Destroyed robot3!
Destroyed robot152!
Destroyed robot32!
Destroyed robot10!
Destroyed robot92!
Destroyed robot155!
Destroyed robot64!
Destroyed robot42!
Destroyed robot119!
Destroyed robot215!
Destroyed robot229!
Destroyed robot166!
Destroyed robot217!
Destroyed robot250!
Destroyed robot252!
Destroyed robot56!
Destroyed robot232!
Destroyed robot16!
Destroyed robot1!
Destroyed robot45!
Destroyed robot46!
Destroyed robot175!
Destroyed robot139!
Destroyed robot135!
Destroyed robot169!
Destroyed robot221!
Destroyed robot11!
Destroyed robot36!
Destroyed robot224!
Destroyed robot160!
Destroyed robot78!
Destroyed robot143!
Destroyed robot218!
Destroyed robot136!
Destroyed robot2!
Destroyed robot118!
Destroyed robot156!
Destroyed robot279!
Destroyed robot187!
Destroyed robot43!
Destroyed robot34!
Destroyed robot226!
Destroyed robot204!
Destroyed robot48!
Destroyed robot111!
Destroyed robot124!
Destroyed robot184!
Destroyed robot170!
Destroyed robot23!
Destroyed robot52!
Destroyed robot208!
Destroyed robot27!
Destroyed robot28!
Destroyed robot107!
Destroyed robot113!
Destroyed robot165!
Destroyed robot171!
Destroyed robot123!
Destroyed robot117!
Destroyed robot30!
Destroyed robot225!
Destroyed robot260!
Destroyed robot9!
Destroyed robot59!
Destroyed robot183!
Destroyed robot265!
Destroyed robot121!
Destroyed robot137!
Destroyed robot173!
Destroyed robot159!
Destroyed robot57!
Destroyed robot145!
Destroyed robot83!
Destroyed robot40!
Destroyed robot96!
Destroyed robot222!
Destroyed robot144!
Destroyed robot0!
Destroyed robot97!
Destroyed robot255!
Destroyed robot66!
Destroyed robot131!
Destroyed robot69!
Destroyed robot31!
Destroyed robot181!
Destroyed robot88!
Destroyed robot77!
Destroyed robot20!
Destroyed robot258!
Destroyed robot176!
Destroyed robot230!
Destroyed robot201!
Destroyed robot51!
Destroyed robot245!
Destroyed robot266!
Destroyed robot138!
Destroyed robot26!
Destroyed robot103!
Destroyed robot274!
Destroyed robot162!
Destroyed robot7!
Destroyed robot268!
Destroyed robot231!
Destroyed robot102!
Destroyed robot24!
Destroyed robot168!
Destroyed robot238!
Destroyed robot38!
Destroyed robot14!
Destroyed robot207!
Destroyed robot13!
Destroyed robot129!
Destroyed robot193!
Destroyed robot150!
Destroyed robot219!
Destroyed robot4!
Destroyed robot15!
Destroyed robot164!
Destroyed robot134!
Destroyed robot85!
Destroyed robot132!
Destroyed robot246!
Destroyed robot19!
Destroyed robot91!
Destroyed robot147!
Destroyed robot270!
Destroyed robot75!
Destroyed robot242!
Destroyed robot167!
Destroyed robot213!
Destroyed robot267!
Destroyed robot185!
Destroyed robot71!
Destroyed robot216!
Destroyed robot194!
Destroyed robot223!
Destroyed robot154!
Destroyed robot177!
Destroyed robot76!
Destroyed robot89!
Destroyed robot73!
Destroyed robot205!
Destroyed robot5!
Destroyed robot95!
Destroyed robot261!
Destroyed robot163!
Destroyed robot235!
Destroyed robot55!
Destroyed robot237!
Destroyed robot276!
Destroyed robot179!
Destroyed robot8!
Destroyed robot195!
Destroyed robot236!
Destroyed robot120!
Destroyed robot47!
Destroyed robot98!
Destroyed robot157!
Destroyed robot248!
Destroyed robot174!
Destroyed robot112!
Destroyed robot199!
Destroyed robot196!
Destroyed robot6!
Destroyed robot233!
Destroyed robot122!
Destroyed robot67!
Destroyed robot234!
Destroyed robot101!
Destroyed robot241!
Destroyed robot239!
Destroyed robot262!
Destroyed robot244!
Destroyed robot151!
Destroyed robot212!
Destroyed robot247!
Destroyed robot115!
Destroyed robot62!
Destroyed robot272!
Destroyed robot206!
Destroyed robot126!
Destroyed robot114!
Destroyed robot220!
Destroyed robot148!
Destroyed robot249!
Destroyed robot116!
Destroyed robot29!
Destroyed robot94!
Destroyed robot191!
Destroyed robot271!
Destroyed robot273!
Destroyed robot127!
Destroyed robot182!
Destroyed robot35!
Destroyed robot158!
Destroyed robot41!
Destroyed robot153!
Destroyed robot44!
Destroyed robot79!
Destroyed robot253!
Destroyed robot190!
Destroyed robot203!
Destroyed robot82!
Destroyed robot60!
Destroyed robot61!
Destroyed robot149!
Destroyed robot50!
Destroyed robot227!
Destroyed robot228!
Destroyed robot186!
Destroyed robot133!
Destroyed robot12!
Destroyed robot254!
Destroyed robot37!
Destroyed robot21!
Destroyed robot105!
Destroyed robot189!
Destroyed robot39!
Destroyed robot198!
Destroyed robot256!
Destroyed robot86!
Destroyed robot80!
Destroyed robot210!
Destroyed robot18!
Destroyed robot68!
Destroyed robot25!
Destroyed robot278!
Destroyed robot33!
Destroyed robot108!
Destroyed robot109!
Destroyed robot240!
Destroyed robot275!
Destroyed robot214!
Destroyed robot53!
Destroyed robot243!
Destroyed robot110!
Destroyed robot264!
Destroyed robot259!
Destroyed robot130!
Destroyed robot93!
Destroyed robot178!
Destroyed robot63!
Destroyed robot70!
Destroyed robot161!
Destroyed robot54!
Destroyed robot209!
Destroyed robot65!
Destroyed robot142!
Destroyed robot188!
Destroyed robot128!
Destroyed robot84!
Destroyed robot172!
Destroyed robot125!
Destroyed robot74!
Destroyed robot180!
Destroyed robot141!
Destroyed robot90!
Destroyed robot146!
Destroyed robot257!
Destroyed robot58!
Destroyed robot81!
Destroyed robot100!
Destroyed robot197!
Destroyed robot22!
Destroyed robot72!
Destroyed robot140!
Destroyed robot211!
Destroyed robot104!
Destroyed robot263!
Destroyed robot17!
Destroyed robot277!
Destroyed robot269!
Destroyed robot99!
Destroyed robot87!
Destroyed robot106!
******* testar.sh 280  ********


*** determinar crescimento de RS em relacao 280 robos ****


Experimento numero 25


analise80.sh: line 22: ./testar.sh: Permission denied
mv: cannot stat 'logs': No such file or directory
/home/andersoney/algoritmotcc
Stage 4.3.0 [GUI disabled]
 [Loading automatic1.world][Include map.inc][Include sick.inc][Include pioneer.inc]
Destroyed robot260!
Destroyed robot81!
Destroyed robot189!
Destroyed robot158!
Destroyed robot128!
Destroyed robot45!
Destroyed robot279!
Destroyed robot71!
Destroyed robot111!
Destroyed robot83!
Destroyed robot197!
Destroyed robot68!
Destroyed robot57!
Destroyed robot112!
Destroyed robot20!
Destroyed robot192!
Destroyed robot188!
Destroyed robot13!
Destroyed robot91!
Destroyed robot22!
Destroyed robot234!
Destroyed robot243!
Destroyed robot43!
Destroyed robot133!
Destroyed robot74!
Destroyed robot149!
Destroyed robot58!
Destroyed robot257!
Destroyed robot155!
Destroyed robot250!
Destroyed robot129!
Destroyed robot220!
Destroyed robot130!
Destroyed robot9!
Destroyed robot276!
Destroyed robot263!
Destroyed robot200!
Destroyed robot122!
Destroyed robot221!
Destroyed robot87!
Destroyed robot190!
Destroyed robot154!
Destroyed robot183!
Destroyed robot95!
Destroyed robot239!
Destroyed robot249!
Destroyed robot168!
Destroyed robot125!
Destroyed robot217!
Destroyed robot199!
Destroyed robot252!
Destroyed robot223!
Destroyed robot72!
Destroyed robot123!
Destroyed robot208!
Destroyed robot173!
Destroyed robot156!
Destroyed robot261!
Destroyed robot113!
Destroyed robot124!
Destroyed robot29!
Destroyed robot144!
Destroyed robot152!
Destroyed robot195!
Destroyed robot116!
Destroyed robot30!
Destroyed robot38!
Destroyed robot107!
Destroyed robot222!
Destroyed robot270!
Destroyed robot120!
Destroyed robot86!
Destroyed robot65!
Destroyed robot159!
Destroyed robot52!
Destroyed robot33!
Destroyed robot180!
Destroyed robot163!
Destroyed robot172!
Destroyed robot98!
Destroyed robot271!
Destroyed robot82!
Destroyed robot174!
Destroyed robot194!
Destroyed robot134!
Destroyed robot269!
Destroyed robot96!
Destroyed robot100!
Destroyed robot242!
Destroyed robot178!
Destroyed robot184!
Destroyed robot46!
Destroyed robot31!
Destroyed robot131!
Destroyed robot92!
Destroyed robot56!
Destroyed robot21!
Destroyed robot103!
Destroyed robot212!
Destroyed robot214!
Destroyed robot115!
Destroyed robot90!
Destroyed robot265!
Destroyed robot262!
Destroyed robot40!
Destroyed robot206!
Destroyed robot191!
Destroyed robot19!
Destroyed robot147!
Destroyed robot238!
Destroyed robot93!
Destroyed robot51!
Destroyed robot99!
Destroyed robot277!
Destroyed robot244!
Destroyed robot48!
Destroyed robot126!
Destroyed robot225!
Destroyed robot175!
Destroyed robot77!
Destroyed robot44!
Destroyed robot16!
Destroyed robot94!
Destroyed robot241!
Destroyed robot139!
Destroyed robot251!
Destroyed robot66!
Destroyed robot61!
Destroyed robot117!
Destroyed robot235!
Destroyed robot80!
Destroyed robot258!
Destroyed robot14!
Destroyed robot37!
Destroyed robot228!
Destroyed robot138!
Destroyed robot23!
Destroyed robot101!
Destroyed robot105!
Destroyed robot35!
Destroyed robot102!
Destroyed robot69!
Destroyed robot193!
Destroyed robot255!
Destroyed robot203!
Destroyed robot218!
Destroyed robot34!
Destroyed robot187!
Destroyed robot127!
Destroyed robot162!
Destroyed robot219!
Destroyed robot254!
Destroyed robot253!
Destroyed robot230!
Destroyed robot8!
Destroyed robot273!
Destroyed robot150!
Destroyed robot78!
Destroyed robot79!
Destroyed robot275!
Destroyed robot106!
Destroyed robot151!
Destroyed robot148!
Destroyed robot177!
Destroyed robot2!
Destroyed robot53!
Destroyed robot67!
Destroyed robot0!
Destroyed robot215!
Destroyed robot18!
Destroyed robot170!
Destroyed robot142!
Destroyed robot7!
Destroyed robot236!
Destroyed robot259!
Destroyed robot169!
Destroyed robot85!
Destroyed robot146!
Destroyed robot166!
Destroyed robot10!
Destroyed robot181!
Destroyed robot39!
Destroyed robot196!
Destroyed robot70!
Destroyed robot60!
Destroyed robot204!
Destroyed robot3!
Destroyed robot233!
Destroyed robot137!
Destroyed robot47!
Destroyed robot213!
Destroyed robot216!
Destroyed robot267!
Destroyed robot232!
Destroyed robot50!
Destroyed robot121!
Destroyed robot76!
Destroyed robot132!
Destroyed robot64!
Destroyed robot11!
Destroyed robot209!
Destroyed robot272!
Destroyed robot109!
Destroyed robot160!
Destroyed robot264!
Destroyed robot5!
Destroyed robot201!
Destroyed robot274!
Destroyed robot157!
Destroyed robot89!
Destroyed robot118!
Destroyed robot186!
Destroyed robot55!
Destroyed robot114!
Destroyed robot207!
Destroyed robot41!
Destroyed robot167!
Destroyed robot12!
Destroyed robot141!
Destroyed robot62!
Destroyed robot36!
Destroyed robot245!
Destroyed robot185!
Destroyed robot161!
Destroyed robot229!
Destroyed robot247!
Destroyed robot240!
Destroyed robot26!
Destroyed robot246!
Destroyed robot210!
Destroyed robot32!
Destroyed robot135!
Destroyed robot6!
Destroyed robot119!
Destroyed robot145!
Destroyed robot63!
Destroyed robot205!
Destroyed robot176!
Destroyed robot268!
Destroyed robot171!
Destroyed robot231!
Destroyed robot25!
Destroyed robot88!
Destroyed robot248!
Destroyed robot140!
Destroyed robot143!
Destroyed robot54!
Destroyed robot278!
Destroyed robot179!
Destroyed robot49!
Destroyed robot153!
Destroyed robot27!
Destroyed robot211!
Destroyed robot59!
Destroyed robot237!
Destroyed robot73!
Destroyed robot42!
Destroyed robot15!
Destroyed robot4!
Destroyed robot28!
Destroyed robot165!
Destroyed robot227!
Destroyed robot104!
Destroyed robot256!
Destroyed robot198!
Destroyed robot182!
Destroyed robot110!
Destroyed robot75!
Destroyed robot17!
Destroyed robot202!
Destroyed robot224!
Destroyed robot164!
Destroyed robot97!
Destroyed robot1!
Destroyed robot226!
Destroyed robot24!
Destroyed robot136!
Destroyed robot84!
Destroyed robot266!
******* testar.sh 280  ********


*** determinar crescimento de RS em relacao 280 robos ****


Experimento numero 26


analise80.sh: line 22: ./testar.sh: Permission denied
mv: cannot stat 'logs': No such file or directory
/home/andersoney/algoritmotcc
Stage 4.3.0 [GUI disabled]
 [Loading automatic1.world][Include map.inc][Include sick.inc][Include pioneer.inc]
Destroyed robot146!
Destroyed robot263!
Destroyed robot198!
Destroyed robot24!
Destroyed robot6!
Destroyed robot33!
Destroyed robot189!
Destroyed robot28!
Destroyed robot167!
Destroyed robot234!
Destroyed robot170!
Destroyed robot43!
Destroyed robot84!
Destroyed robot27!
Destroyed robot186!
Destroyed robot62!
Destroyed robot137!
Destroyed robot131!
Destroyed robot14!
Destroyed robot98!
Destroyed robot0!
Destroyed robot49!
Destroyed robot226!
Destroyed robot106!
Destroyed robot23!
Destroyed robot173!
Destroyed robot68!
Destroyed robot4!
Destroyed robot70!
Destroyed robot259!
Destroyed robot16!
Destroyed robot32!
Destroyed robot153!
Destroyed robot271!
Destroyed robot26!
Destroyed robot165!
Destroyed robot156!
Destroyed robot129!
Destroyed robot235!
Destroyed robot231!
Destroyed robot245!
Destroyed robot276!
Destroyed robot56!
Destroyed robot60!
Destroyed robot191!
Destroyed robot241!
Destroyed robot168!
Destroyed robot97!
Destroyed robot154!
Destroyed robot163!
Destroyed robot119!
Destroyed robot190!
Destroyed robot144!
Destroyed robot220!
Destroyed robot31!
Destroyed robot116!
Destroyed robot45!
Destroyed robot162!
Destroyed robot66!
Destroyed robot270!
Destroyed robot238!
Destroyed robot148!
Destroyed robot12!
Destroyed robot247!
Destroyed robot11!
Destroyed robot85!
Destroyed robot211!
Destroyed robot35!
Destroyed robot169!
Destroyed robot123!
Destroyed robot150!
Destroyed robot200!
Destroyed robot268!
Destroyed robot48!
Destroyed robot18!
Destroyed robot223!
Destroyed robot72!
Destroyed robot136!
Destroyed robot252!
Destroyed robot59!
Destroyed robot177!
Destroyed robot218!
Destroyed robot185!
Destroyed robot139!
Destroyed robot22!
Destroyed robot155!
Destroyed robot138!
Destroyed robot38!
Destroyed robot255!
Destroyed robot240!
Destroyed robot195!
Destroyed robot277!
Destroyed robot99!
Destroyed robot267!
Destroyed robot124!
Destroyed robot187!
Destroyed robot230!
Destroyed robot80!
Destroyed robot225!
Destroyed robot134!
Destroyed robot76!
Destroyed robot207!
Destroyed robot193!
Destroyed robot21!
Destroyed robot256!
Destroyed robot100!
Destroyed robot71!
Destroyed robot251!
Destroyed robot20!
Destroyed robot5!
Destroyed robot111!
Destroyed robot222!
Destroyed robot236!
Destroyed robot171!
Destroyed robot141!
Destroyed robot279!
Destroyed robot204!
Destroyed robot179!
Destroyed robot94!
Destroyed robot41!
Destroyed robot212!
Destroyed robot13!
Destroyed robot74!
Destroyed robot264!
Destroyed robot65!
Destroyed robot127!
Destroyed robot248!
Destroyed robot151!
Destroyed robot215!
Destroyed robot121!
Destroyed robot176!
Destroyed robot244!
Destroyed robot96!
Destroyed robot269!
Destroyed robot17!
Destroyed robot39!
Destroyed robot8!
Destroyed robot133!
Destroyed robot117!
Destroyed robot101!
Destroyed robot257!
Destroyed robot75!
Destroyed robot183!
Destroyed robot175!
Destroyed robot64!
Destroyed robot58!
Destroyed robot239!
Destroyed robot128!
Destroyed robot132!
Destroyed robot164!
Destroyed robot158!
Destroyed robot89!
Destroyed robot206!
Destroyed robot3!
Destroyed robot174!
Destroyed robot159!
Destroyed robot194!
Destroyed robot161!
Destroyed robot232!
Destroyed robot54!
Destroyed robot142!
Destroyed robot67!
Destroyed robot86!
Destroyed robot213!
Destroyed robot69!
Destroyed robot103!
Destroyed robot199!
Destroyed robot278!
Destroyed robot205!
Destroyed robot149!
Destroyed robot122!
Destroyed robot224!
Destroyed robot10!
Destroyed robot184!
Destroyed robot227!
Destroyed robot113!
Destroyed robot229!
Destroyed robot19!
Destroyed robot157!
Destroyed robot120!
Destroyed robot262!
Destroyed robot108!
Destroyed robot83!
Destroyed robot95!
Destroyed robot105!
Destroyed robot258!
Destroyed robot242!
Destroyed robot9!
Destroyed robot219!
Destroyed robot216!
Destroyed robot102!
Destroyed robot166!
Destroyed robot15!
Destroyed robot274!
Destroyed robot63!
Destroyed robot115!
Destroyed robot61!
Destroyed robot110!
Destroyed robot36!
Destroyed robot261!
Destroyed robot53!
Destroyed robot109!
Destroyed robot77!
Destroyed robot104!
Destroyed robot46!
Destroyed robot246!
Destroyed robot243!
Destroyed robot44!
Destroyed robot180!
Destroyed robot90!
Destroyed robot73!
Destroyed robot114!
Destroyed robot50!
Destroyed robot202!
Destroyed robot201!
Destroyed robot81!
Destroyed robot192!
Destroyed robot143!
Destroyed robot208!
Destroyed robot130!
Destroyed robot275!
Destroyed robot78!
Destroyed robot118!
Destroyed robot125!
Destroyed robot182!
Destroyed robot82!
Destroyed robot250!
Destroyed robot160!
Destroyed robot217!
Destroyed robot1!
Destroyed robot37!
Destroyed robot107!
Destroyed robot88!
Destroyed robot93!
Destroyed robot260!
Destroyed robot126!
Destroyed robot55!
Destroyed robot147!
Destroyed robot196!
Destroyed robot30!
Destroyed robot51!
Destroyed robot254!
Destroyed robot172!
Destroyed robot145!
Destroyed robot178!
Destroyed robot181!
Destroyed robot91!
Destroyed robot253!
Destroyed robot221!
Destroyed robot42!
Destroyed robot203!
Destroyed robot25!
Destroyed robot112!
Destroyed robot228!
Destroyed robot210!
Destroyed robot40!
Destroyed robot135!
Destroyed robot197!
Destroyed robot92!
Destroyed robot188!
Destroyed robot47!
Destroyed robot52!
Destroyed robot233!
Destroyed robot34!
Destroyed robot237!
Destroyed robot265!
Destroyed robot87!
Destroyed robot249!
Destroyed robot57!
Destroyed robot266!
Destroyed robot29!
Destroyed robot272!
Destroyed robot273!
Destroyed robot2!
Destroyed robot209!
Destroyed robot140!
Destroyed robot7!
Destroyed robot214!
Destroyed robot79!
******* testar.sh 280  ********


*** determinar crescimento de RS em relacao 280 robos ****


Experimento numero 27


analise80.sh: line 22: ./testar.sh: Permission denied
mv: cannot stat 'logs': No such file or directory
/home/andersoney/algoritmotcc
Stage 4.3.0 [GUI disabled]
 [Loading automatic1.world][Include map.inc][Include sick.inc][Include pioneer.inc]
Destroyed robot208!
Destroyed robot16!
Destroyed robot23!
Destroyed robot111!
Destroyed robot89!
Destroyed robot53!
Destroyed robot210!
Destroyed robot260!
Destroyed robot112!
Destroyed robot183!
Destroyed robot34!
Destroyed robot211!
Destroyed robot228!
Destroyed robot7!
Destroyed robot24!
Destroyed robot15!
Destroyed robot268!
Destroyed robot206!
Destroyed robot4!
Destroyed robot189!
Destroyed robot232!
Destroyed robot193!
Destroyed robot113!
Destroyed robot230!
Destroyed robot120!
Destroyed robot30!
Destroyed robot44!
Destroyed robot77!
Destroyed robot124!
Destroyed robot165!
Destroyed robot41!
Destroyed robot279!
Destroyed robot131!
Destroyed robot52!
Destroyed robot184!
Destroyed robot8!
Destroyed robot18!
Destroyed robot201!
Destroyed robot277!
Destroyed robot118!
Destroyed robot242!
Destroyed robot70!
Destroyed robot209!
Destroyed robot142!
Destroyed robot93!
Destroyed robot1!
Destroyed robot26!
Destroyed robot264!
Destroyed robot155!
Destroyed robot263!
Destroyed robot176!
Destroyed robot241!
Destroyed robot139!
Destroyed robot17!
Destroyed robot29!
Destroyed robot170!
Destroyed robot275!
Destroyed robot157!
Destroyed robot28!
Destroyed robot192!
Destroyed robot138!
Destroyed robot82!
Destroyed robot122!
Destroyed robot187!
Destroyed robot199!
Destroyed robot25!
Destroyed robot182!
Destroyed robot129!
Destroyed robot31!
Destroyed robot168!
Destroyed robot237!
Destroyed robot160!
Destroyed robot116!
Destroyed robot67!
Destroyed robot231!
Destroyed robot135!
Destroyed robot61!
Destroyed robot222!
Destroyed robot110!
Destroyed robot98!
Destroyed robot46!
Destroyed robot204!
Destroyed robot205!
Destroyed robot130!
Destroyed robot90!
Destroyed robot218!
Destroyed robot186!
Destroyed robot132!
Destroyed robot85!
Destroyed robot273!
Destroyed robot32!
Destroyed robot103!
Destroyed robot12!
Destroyed robot37!
Destroyed robot224!
Destroyed robot259!
Destroyed robot71!
Destroyed robot43!
Destroyed robot161!
Destroyed robot156!
Destroyed robot196!
Destroyed robot202!
Destroyed robot62!
Destroyed robot73!
Destroyed robot216!
Destroyed robot249!
Destroyed robot148!
Destroyed robot49!
Destroyed robot276!
Destroyed robot106!
Destroyed robot3!
Destroyed robot171!
Destroyed robot188!
Destroyed robot146!
Destroyed robot243!
Destroyed robot75!
Destroyed robot267!
Destroyed robot194!
Destroyed robot79!
Destroyed robot80!
Destroyed robot261!
Destroyed robot115!
Destroyed robot56!
Destroyed robot151!
Destroyed robot107!
Destroyed robot58!
Destroyed robot104!
Destroyed robot57!
Destroyed robot9!
Destroyed robot47!
Destroyed robot190!
Destroyed robot97!
Destroyed robot235!
Destroyed robot125!
Destroyed robot164!
Destroyed robot152!
Destroyed robot158!
Destroyed robot74!
Destroyed robot63!
Destroyed robot42!
Destroyed robot11!
Destroyed robot10!
Destroyed robot48!
Destroyed robot173!
Destroyed robot251!
Destroyed robot262!
Destroyed robot255!
Destroyed robot185!
Destroyed robot143!
Destroyed robot134!
Destroyed robot145!
Destroyed robot200!
Destroyed robot163!
Destroyed robot221!
Destroyed robot83!
Destroyed robot223!
Destroyed robot239!
Destroyed robot94!
Destroyed robot195!
Destroyed robot6!
Destroyed robot88!
Destroyed robot5!
Destroyed robot254!
Destroyed robot248!
Destroyed robot149!
Destroyed robot109!
Destroyed robot123!
Destroyed robot244!
Destroyed robot22!
Destroyed robot87!
Destroyed robot274!
Destroyed robot167!
Destroyed robot252!
Destroyed robot214!
Destroyed robot33!
Destroyed robot91!
Destroyed robot60!
Destroyed robot229!
Destroyed robot253!
Destroyed robot2!
Destroyed robot197!
Destroyed robot45!
Destroyed robot269!
Destroyed robot246!
Destroyed robot66!
Destroyed robot150!
Destroyed robot219!
Destroyed robot19!
Destroyed robot172!
Destroyed robot127!
Destroyed robot128!
Destroyed robot14!
Destroyed robot175!
Destroyed robot238!
Destroyed robot247!
Destroyed robot236!
Destroyed robot54!
Destroyed robot136!
Destroyed robot39!
Destroyed robot162!
Destroyed robot76!
Destroyed robot181!
Destroyed robot140!
Destroyed robot21!
Destroyed robot233!
Destroyed robot147!
Destroyed robot212!
Destroyed robot178!
Destroyed robot105!
Destroyed robot96!
Destroyed robot117!
Destroyed robot141!
Destroyed robot27!
Destroyed robot100!
Destroyed robot215!
Destroyed robot133!
Destroyed robot38!
Destroyed robot35!
Destroyed robot278!
Destroyed robot64!
Destroyed robot272!
Destroyed robot81!
Destroyed robot265!
Destroyed robot159!
Destroyed robot78!
Destroyed robot174!
Destroyed robot198!
Destroyed robot234!
Destroyed robot68!
Destroyed robot108!
Destroyed robot256!
Destroyed robot169!
Destroyed robot50!
Destroyed robot72!
Destroyed robot92!
Destroyed robot180!
Destroyed robot166!
Destroyed robot101!
Destroyed robot137!
Destroyed robot69!
Destroyed robot191!
Destroyed robot220!
Destroyed robot126!
Destroyed robot13!
Destroyed robot0!
Destroyed robot59!
Destroyed robot121!
Destroyed robot99!
Destroyed robot217!
Destroyed robot119!
Destroyed robot266!
Destroyed robot250!
Destroyed robot245!
Destroyed robot114!
Destroyed robot36!
Destroyed robot177!
Destroyed robot225!
Destroyed robot257!
Destroyed robot213!
Destroyed robot203!
Destroyed robot55!
Destroyed robot65!
Destroyed robot154!
Destroyed robot153!
Destroyed robot227!
Destroyed robot86!
Destroyed robot179!
Destroyed robot84!
Destroyed robot20!
Destroyed robot271!
Destroyed robot40!
Destroyed robot240!
Destroyed robot226!
Destroyed robot207!
Destroyed robot270!
Destroyed robot102!
Destroyed robot95!
Destroyed robot144!
Destroyed robot258!
******* testar.sh 280  ********


*** determinar crescimento de RS em relacao 280 robos ****


Experimento numero 28


analise80.sh: line 22: ./testar.sh: Permission denied
mv: cannot stat 'logs': No such file or directory
/home/andersoney/algoritmotcc
Stage 4.3.0 [GUI disabled]
 [Loading automatic1.world][Include map.inc][Include sick.inc][Include pioneer.inc]
Destroyed robot6!
Destroyed robot231!
Destroyed robot105!
Destroyed robot230!
Destroyed robot124!
Destroyed robot43!
Destroyed robot201!
Destroyed robot265!
Destroyed robot199!
Destroyed robot92!
Destroyed robot47!
Destroyed robot232!
Destroyed robot98!
Destroyed robot164!
Destroyed robot260!
Destroyed robot53!
Destroyed robot61!
Destroyed robot34!
Destroyed robot112!
Destroyed robot62!
Destroyed robot165!
Destroyed robot148!
Destroyed robot253!
Destroyed robot207!
Destroyed robot103!
Destroyed robot137!
Destroyed robot9!
Destroyed robot186!
Destroyed robot1!
Destroyed robot5!
Destroyed robot102!
Destroyed robot179!
Destroyed robot135!
Destroyed robot247!
Destroyed robot114!
Destroyed robot48!
Destroyed robot236!
Destroyed robot94!
Destroyed robot86!
Destroyed robot45!
Destroyed robot28!
Destroyed robot195!
Destroyed robot189!
Destroyed robot111!
Destroyed robot154!
Destroyed robot196!
Destroyed robot233!
Destroyed robot109!
Destroyed robot31!
Destroyed robot144!
Destroyed robot220!
Destroyed robot121!
Destroyed robot147!
Destroyed robot23!
Destroyed robot71!
Destroyed robot279!
Destroyed robot20!
Destroyed robot159!
Destroyed robot212!
Destroyed robot42!
Destroyed robot30!
Destroyed robot263!
Destroyed robot243!
Destroyed robot259!
Destroyed robot211!
Destroyed robot64!
Destroyed robot235!
Destroyed robot110!
Destroyed robot187!
Destroyed robot138!
Destroyed robot7!
Destroyed robot142!
Destroyed robot175!
Destroyed robot116!
Destroyed robot180!
Destroyed robot131!
Destroyed robot32!
Destroyed robot51!
Destroyed robot58!
Destroyed robot266!
Destroyed robot10!
Destroyed robot255!
Destroyed robot59!
Destroyed robot73!
Destroyed robot57!
Destroyed robot246!
Destroyed robot63!
Destroyed robot225!
Destroyed robot122!
Destroyed robot206!
Destroyed robot237!
Destroyed robot52!
Destroyed robot143!
Destroyed robot141!
Destroyed robot193!
Destroyed robot194!
Destroyed robot27!
Destroyed robot276!
Destroyed robot268!
Destroyed robot227!
Destroyed robot96!
Destroyed robot177!
Destroyed robot258!
Destroyed robot181!
Destroyed robot157!
Destroyed robot26!
Destroyed robot208!
Destroyed robot174!
Destroyed robot170!
Destroyed robot169!
Destroyed robot24!
Destroyed robot108!
Destroyed robot40!
Destroyed robot264!
Destroyed robot149!
Destroyed robot67!
Destroyed robot25!
Destroyed robot184!
Destroyed robot238!
Destroyed robot78!
Destroyed robot3!
Destroyed robot190!
Destroyed robot256!
Destroyed robot152!
Destroyed robot229!
Destroyed robot146!
Destroyed robot156!
Destroyed robot145!
Destroyed robot97!
Destroyed robot70!
Destroyed robot76!
Destroyed robot254!
Destroyed robot192!
Destroyed robot19!
Destroyed robot166!
Destroyed robot197!
Destroyed robot241!
Destroyed robot200!
Destroyed robot136!
Destroyed robot60!
Destroyed robot75!
Destroyed robot66!
Destroyed robot216!
Destroyed robot273!
Destroyed robot14!
Destroyed robot93!
Destroyed robot18!
Destroyed robot132!
Destroyed robot234!
Destroyed robot39!
Destroyed robot35!
Destroyed robot56!
Destroyed robot277!
Destroyed robot178!
Destroyed robot271!
Destroyed robot120!
Destroyed robot90!
Destroyed robot84!
Destroyed robot168!
Destroyed robot55!
Destroyed robot219!
Destroyed robot113!
Destroyed robot183!
Destroyed robot191!
Destroyed robot115!
Destroyed robot125!
Destroyed robot87!
Destroyed robot203!
Destroyed robot17!
Destroyed robot123!
Destroyed robot275!
Destroyed robot245!
Destroyed robot171!
Destroyed robot83!
Destroyed robot223!
Destroyed robot172!
Destroyed robot274!
Destroyed robot133!
Destroyed robot167!
Destroyed robot176!
Destroyed robot81!
Destroyed robot257!
Destroyed robot36!
Destroyed robot267!
Destroyed robot100!
Destroyed robot205!
Destroyed robot185!
Destroyed robot21!
Destroyed robot15!
Destroyed robot134!
Destroyed robot79!
Destroyed robot250!
Destroyed robot210!
Destroyed robot46!
Destroyed robot155!
Destroyed robot126!
Destroyed robot222!
Destroyed robot107!
Destroyed robot13!
Destroyed robot80!
Destroyed robot29!
Destroyed robot127!
Destroyed robot218!
Destroyed robot49!
Destroyed robot4!
Destroyed robot50!
Destroyed robot139!
Destroyed robot101!
Destroyed robot249!
Destroyed robot173!
Destroyed robot182!
Destroyed robot158!
Destroyed robot129!
Destroyed robot198!
Destroyed robot226!
Destroyed robot239!
Destroyed robot37!
Destroyed robot204!
Destroyed robot0!
Destroyed robot89!
Destroyed robot150!
Destroyed robot95!
Destroyed robot54!
Destroyed robot244!
Destroyed robot228!
Destroyed robot69!
Destroyed robot217!
Destroyed robot163!
Destroyed robot151!
Destroyed robot209!
Destroyed robot160!
Destroyed robot153!
Destroyed robot128!
Destroyed robot41!
Destroyed robot272!
Destroyed robot270!
Destroyed robot106!
Destroyed robot119!
Destroyed robot74!
Destroyed robot104!
Destroyed robot240!
Destroyed robot88!
Destroyed robot77!
Destroyed robot22!
Destroyed robot214!
Destroyed robot224!
Destroyed robot269!
Destroyed robot11!
Destroyed robot72!
Destroyed robot242!
Destroyed robot16!
Destroyed robot261!
Destroyed robot82!
Destroyed robot251!
Destroyed robot65!
Destroyed robot85!
Destroyed robot33!
Destroyed robot12!
Destroyed robot202!
Destroyed robot130!
Destroyed robot38!
Destroyed robot99!
Destroyed robot221!
Destroyed robot117!
Destroyed robot278!
Destroyed robot161!
Destroyed robot252!
Destroyed robot118!
Destroyed robot248!
Destroyed robot215!
Destroyed robot68!
Destroyed robot2!
Destroyed robot213!
Destroyed robot91!
Destroyed robot8!
Destroyed robot140!
Destroyed robot262!
Destroyed robot162!
Destroyed robot188!
******* testar.sh 280  ********


*** determinar crescimento de RS em relacao 280 robos ****


Experimento numero 29


analise80.sh: line 22: ./testar.sh: Permission denied
mv: cannot stat 'logs': No such file or directory
/home/andersoney/algoritmotcc
Stage 4.3.0 [GUI disabled]
 [Loading automatic1.world][Include map.inc][Include sick.inc][Include pioneer.inc]
Destroyed robot229!
Destroyed robot238!
Destroyed robot30!
Destroyed robot215!
Destroyed robot119!
Destroyed robot46!
Destroyed robot22!
Destroyed robot256!
Destroyed robot31!
Destroyed robot39!
Destroyed robot114!
Destroyed robot178!
Destroyed robot94!
Destroyed robot134!
Destroyed robot48!
Destroyed robot151!
Destroyed robot226!
Destroyed robot53!
Destroyed robot64!
Destroyed robot273!
Destroyed robot138!
Destroyed robot263!
Destroyed robot77!
Destroyed robot221!
Destroyed robot169!
Destroyed robot28!
Destroyed robot244!
Destroyed robot75!
Destroyed robot72!
Destroyed robot27!
Destroyed robot16!
Destroyed robot86!
Destroyed robot66!
Destroyed robot208!
Destroyed robot275!
Destroyed robot8!
Destroyed robot123!
Destroyed robot78!
Destroyed robot37!
Destroyed robot18!
Destroyed robot172!
Destroyed robot105!
Destroyed robot73!
Destroyed robot157!
Destroyed robot130!
Destroyed robot20!
Destroyed robot70!
Destroyed robot1!
Destroyed robot5!
Destroyed robot42!
Destroyed robot93!
Destroyed robot186!
Destroyed robot155!
Destroyed robot268!
Destroyed robot205!
Destroyed robot274!
Destroyed robot154!
Destroyed robot272!
Destroyed robot222!
Destroyed robot182!
Destroyed robot258!
Destroyed robot124!
Destroyed robot59!
Destroyed robot162!
Destroyed robot101!
Destroyed robot269!
Destroyed robot36!
Destroyed robot45!
Destroyed robot91!
Destroyed robot232!
Destroyed robot181!
Destroyed robot189!
Destroyed robot100!
Destroyed robot52!
Destroyed robot149!
Destroyed robot148!
Destroyed robot253!
Destroyed robot141!
Destroyed robot104!
Destroyed robot179!
Destroyed robot81!
Destroyed robot248!
Destroyed robot13!
Destroyed robot106!
Destroyed robot35!
Destroyed robot142!
Destroyed robot213!
Destroyed robot115!
Destroyed robot33!
Destroyed robot62!
Destroyed robot58!
Destroyed robot276!
Destroyed robot67!
Destroyed robot259!
Destroyed robot202!
Destroyed robot7!
Destroyed robot9!
Destroyed robot180!
Destroyed robot69!
Destroyed robot245!
Destroyed robot139!
Destroyed robot111!
Destroyed robot161!
Destroyed robot44!
Destroyed robot11!
Destroyed robot204!
Destroyed robot191!
Destroyed robot90!
Destroyed robot174!
Destroyed robot135!
Destroyed robot61!
Destroyed robot153!
Destroyed robot15!
Destroyed robot98!
Destroyed robot96!
Destroyed robot88!
Destroyed robot255!
Destroyed robot19!
Destroyed robot176!
Destroyed robot68!
Destroyed robot201!
Destroyed robot137!
Destroyed robot74!
Destroyed robot206!
Destroyed robot133!
Destroyed robot168!
Destroyed robot193!
Destroyed robot29!
Destroyed robot85!
Destroyed robot249!
Destroyed robot278!
Destroyed robot270!
Destroyed robot99!
Destroyed robot198!
Destroyed robot146!
Destroyed robot26!
Destroyed robot218!
Destroyed robot163!
Destroyed robot279!
Destroyed robot197!
Destroyed robot34!
Destroyed robot10!
Destroyed robot166!
Destroyed robot240!
Destroyed robot131!
Destroyed robot117!
Destroyed robot234!
Destroyed robot84!
Destroyed robot23!
Destroyed robot220!
Destroyed robot211!
Destroyed robot188!
Destroyed robot125!
Destroyed robot185!
Destroyed robot80!
Destroyed robot143!
Destroyed robot103!
Destroyed robot55!
Destroyed robot183!
Destroyed robot97!
Destroyed robot56!
Destroyed robot170!
Destroyed robot239!
Destroyed robot112!
Destroyed robot219!
Destroyed robot184!
Destroyed robot194!
Destroyed robot107!
Destroyed robot224!
Destroyed robot230!
Destroyed robot121!
Destroyed robot129!
Destroyed robot228!
Destroyed robot158!
Destroyed robot265!
Destroyed robot82!
Destroyed robot63!
Destroyed robot113!
Destroyed robot266!
Destroyed robot14!
Destroyed robot177!
Destroyed robot49!
Destroyed robot128!
Destroyed robot236!
Destroyed robot65!
Destroyed robot203!
Destroyed robot171!
Destroyed robot43!
Destroyed robot225!
Destroyed robot190!
Destroyed robot277!
Destroyed robot212!
Destroyed robot242!
Destroyed robot156!
Destroyed robot173!
Destroyed robot247!
Destroyed robot217!
Destroyed robot187!
Destroyed robot257!
Destroyed robot71!
Destroyed robot21!
Destroyed robot200!
Destroyed robot6!
Destroyed robot51!
Destroyed robot246!
Destroyed robot2!
Destroyed robot164!
Destroyed robot116!
Destroyed robot207!
Destroyed robot165!
Destroyed robot4!
Destroyed robot79!
Destroyed robot60!
Destroyed robot140!
Destroyed robot40!
Destroyed robot254!
Destroyed robot102!
Destroyed robot47!
Destroyed robot264!
Destroyed robot243!
Destroyed robot192!
Destroyed robot87!
Destroyed robot262!
Destroyed robot136!
Destroyed robot127!
Destroyed robot223!
Destroyed robot145!
Destroyed robot209!
Destroyed robot122!
Destroyed robot195!
Destroyed robot110!
Destroyed robot132!
Destroyed robot118!
Destroyed robot227!
Destroyed robot0!
Destroyed robot235!
Destroyed robot108!
Destroyed robot199!
Destroyed robot251!
Destroyed robot76!
Destroyed robot83!
Destroyed robot216!
Destroyed robot147!
Destroyed robot160!
Destroyed robot95!
Destroyed robot3!
Destroyed robot250!
Destroyed robot25!
Destroyed robot50!
Destroyed robot214!
Destroyed robot261!
Destroyed robot17!
Destroyed robot120!
Destroyed robot271!
Destroyed robot159!
Destroyed robot24!
Destroyed robot144!
Destroyed robot175!
Destroyed robot252!
Destroyed robot32!
Destroyed robot54!
Destroyed robot38!
Destroyed robot267!
Destroyed robot152!
Destroyed robot233!
Destroyed robot210!
Destroyed robot241!
Destroyed robot57!
Destroyed robot237!
Destroyed robot231!
Destroyed robot150!
Destroyed robot92!
Destroyed robot126!
Destroyed robot12!
Destroyed robot167!
Destroyed robot196!
Destroyed robot260!
Destroyed robot89!
Destroyed robot109!
******* testar.sh 280  ********


*** determinar crescimento de RS em relacao 280 robos ****


Experimento numero 30


analise80.sh: line 22: ./testar.sh: Permission denied
mv: cannot stat 'logs': No such file or directory
/home/andersoney/algoritmotcc
Stage 4.3.0 [GUI disabled]
 [Loading automatic1.world][Include map.inc][Include sick.inc][Include pioneer.inc]
Destroyed robot98!
Destroyed robot54!
Destroyed robot216!
Destroyed robot11!
Destroyed robot24!
Destroyed robot73!
Destroyed robot60!
Destroyed robot257!
Destroyed robot275!
Destroyed robot61!
Destroyed robot268!
Destroyed robot162!
Destroyed robot181!
Destroyed robot157!
Destroyed robot29!
Destroyed robot231!
Destroyed robot122!
Destroyed robot138!
Destroyed robot33!
Destroyed robot5!
Destroyed robot125!
Destroyed robot86!
Destroyed robot113!
Destroyed robot117!
Destroyed robot97!
Destroyed robot59!
Destroyed robot104!
Destroyed robot48!
Destroyed robot188!
Destroyed robot183!
Destroyed robot53!
Destroyed robot63!
Destroyed robot260!
Destroyed robot150!
Destroyed robot227!
Destroyed robot120!
Destroyed robot144!
Destroyed robot149!
Destroyed robot265!
Destroyed robot278!
Destroyed robot266!
Destroyed robot52!
Destroyed robot107!
Destroyed robot248!
Destroyed robot88!
Destroyed robot154!
Destroyed robot55!
Destroyed robot6!
Destroyed robot128!
Destroyed robot264!
Destroyed robot93!
Destroyed robot169!
Destroyed robot204!
Destroyed robot10!
Destroyed robot9!
Destroyed robot91!
Destroyed robot170!
Destroyed robot85!
Destroyed robot46!
Destroyed robot161!
Destroyed robot119!
Destroyed robot38!
Destroyed robot236!
Destroyed robot27!
Destroyed robot115!
Destroyed robot94!
Destroyed robot47!
Destroyed robot239!
Destroyed robot15!
Destroyed robot253!
Destroyed robot200!
Destroyed robot130!
Destroyed robot152!
Destroyed robot43!
Destroyed robot34!
Destroyed robot182!
Destroyed robot121!
Destroyed robot105!
Destroyed robot124!
Destroyed robot208!
Destroyed robot116!
Destroyed robot147!
Destroyed robot159!
Destroyed robot92!
Destroyed robot164!
Destroyed robot158!
Destroyed robot234!
Destroyed robot187!
Destroyed robot74!
Destroyed robot209!
Destroyed robot67!
Destroyed robot252!
Destroyed robot21!
Destroyed robot250!
Destroyed robot141!
Destroyed robot194!
Destroyed robot137!
Destroyed robot255!
Destroyed robot70!
Destroyed robot179!
Destroyed robot81!
Destroyed robot72!
Destroyed robot66!
Destroyed robot177!
Destroyed robot233!
Destroyed robot49!
Destroyed robot251!
Destroyed robot126!
Destroyed robot267!
Destroyed robot44!
Destroyed robot26!
Destroyed robot75!
Destroyed robot192!
Destroyed robot0!
Destroyed robot243!
Destroyed robot259!
Destroyed robot195!
Destroyed robot155!
Destroyed robot174!
Destroyed robot217!
Destroyed robot82!
Destroyed robot95!
Destroyed robot190!
Destroyed robot185!
Destroyed robot167!
Destroyed robot112!
Destroyed robot214!
Destroyed robot23!
Destroyed robot166!
Destroyed robot123!
Destroyed robot247!
Destroyed robot45!
Destroyed robot201!
Destroyed robot151!
Destroyed robot224!
Destroyed robot270!
Destroyed robot210!
Destroyed robot65!
Destroyed robot245!
Destroyed robot193!
Destroyed robot80!
Destroyed robot198!
Destroyed robot103!
Destroyed robot279!
Destroyed robot84!
Destroyed robot42!
Destroyed robot3!
Destroyed robot16!
Destroyed robot89!
Destroyed robot143!
Destroyed robot269!
Destroyed robot51!
Destroyed robot28!
Destroyed robot203!
Destroyed robot102!
Destroyed robot96!
Destroyed robot223!
Destroyed robot207!
Destroyed robot237!
Destroyed robot213!
Destroyed robot12!
Destroyed robot71!
Destroyed robot69!
Destroyed robot64!
Destroyed robot180!
Destroyed robot40!
Destroyed robot1!
Destroyed robot41!
Destroyed robot242!
Destroyed robot31!
Destroyed robot37!
Destroyed robot241!
Destroyed robot261!
Destroyed robot246!
Destroyed robot178!
Destroyed robot212!
Destroyed robot254!
Destroyed robot205!
Destroyed robot156!
Destroyed robot118!
Destroyed robot68!
Destroyed robot134!
Destroyed robot131!
Destroyed robot202!
Destroyed robot249!
Destroyed robot175!
Destroyed robot153!
Destroyed robot219!
Destroyed robot114!
Destroyed robot220!
Destroyed robot76!
Destroyed robot129!
Destroyed robot176!
Destroyed robot87!
Destroyed robot79!
Destroyed robot109!
Destroyed robot100!
Destroyed robot25!
Destroyed robot215!
Destroyed robot184!
Destroyed robot258!
Destroyed robot211!
Destroyed robot240!
Destroyed robot90!
Destroyed robot218!
Destroyed robot189!
Destroyed robot78!
Destroyed robot20!
Destroyed robot235!
Destroyed robot106!
Destroyed robot57!
Destroyed robot62!
Destroyed robot228!
Destroyed robot199!
Destroyed robot197!
Destroyed robot221!
Destroyed robot230!
Destroyed robot222!
Destroyed robot50!
Destroyed robot108!
Destroyed robot163!
Destroyed robot111!
Destroyed robot232!
Destroyed robot13!
Destroyed robot142!
Destroyed robot136!
Destroyed robot160!
Destroyed robot8!
Destroyed robot4!
Destroyed robot145!
Destroyed robot272!
Destroyed robot22!
Destroyed robot271!
Destroyed robot99!
Destroyed robot263!
Destroyed robot32!
Destroyed robot168!
Destroyed robot139!
Destroyed robot101!
Destroyed robot135!
Destroyed robot14!
Destroyed robot229!
Destroyed robot127!
Terminated
mv: cannot stat 'logs': No such file or directory
/home/andersoney/algoritmotcc
Stage 4.3.0 [GUI disabled]
 [Loading automatic1.world][Include map.inc][Include sick.inc][Include pioneer.inc]
Destroyed robot194!
Destroyed robot180!
Destroyed robot230!
Destroyed robot99!
Destroyed robot137!
Destroyed robot233!
Destroyed robot187!
Destroyed robot234!
Destroyed robot69!
Destroyed robot21!
Destroyed robot106!
Destroyed robot62!
Destroyed robot279!
Destroyed robot135!
Destroyed robot269!
Destroyed robot72!
Destroyed robot54!
Destroyed robot105!
Destroyed robot117!
Destroyed robot204!
Destroyed robot1!
Destroyed robot60!
Destroyed robot224!
Destroyed robot71!
Destroyed robot129!
Destroyed robot122!
Destroyed robot143!
Destroyed robot101!
Destroyed robot98!
Destroyed robot113!
Destroyed robot46!
Destroyed robot2!
Destroyed robot124!
Destroyed robot127!
Destroyed robot30!
Destroyed robot12!
Destroyed robot274!
Destroyed robot236!
Destroyed robot171!
Destroyed robot270!
Destroyed robot68!
Destroyed robot251!
Destroyed robot181!
Destroyed robot260!
Destroyed robot215!
Destroyed robot221!
Destroyed robot257!
Destroyed robot111!
Destroyed robot261!
Destroyed robot49!
Destroyed robot206!
Destroyed robot240!
Destroyed robot26!
Destroyed robot268!
Destroyed robot168!
Destroyed robot32!
Destroyed robot156!
Destroyed robot214!
Destroyed robot163!
Destroyed robot248!
Destroyed robot56!
Destroyed robot86!
Destroyed robot232!
Destroyed robot170!
Destroyed robot252!
Destroyed robot10!
Destroyed robot259!
Destroyed robot243!
Destroyed robot64!
Destroyed robot16!
Destroyed robot176!
Destroyed robot210!
Destroyed robot278!
Destroyed robot148!
Destroyed robot91!
Destroyed robot19!
Destroyed robot151!
Destroyed robot239!
Destroyed robot110!
Destroyed robot177!
Destroyed robot36!
Destroyed robot109!
Destroyed robot271!
Destroyed robot275!
Destroyed robot207!
Destroyed robot172!
Destroyed robot14!
Destroyed robot128!
Destroyed robot15!
Destroyed robot29!
Destroyed robot154!
Destroyed robot226!
Destroyed robot228!
Destroyed robot247!
Destroyed robot197!
Destroyed robot4!
Destroyed robot213!
Destroyed robot184!
Destroyed robot114!
Destroyed robot178!
Destroyed robot160!
Destroyed robot70!
Destroyed robot241!
Destroyed robot47!
Destroyed robot140!
Destroyed robot18!
Destroyed robot96!
Destroyed robot67!
Destroyed robot126!
Destroyed robot141!
Destroyed robot167!
Destroyed robot63!
Destroyed robot267!
Destroyed robot55!
Destroyed robot0!
Destroyed robot203!
Destroyed robot95!
Destroyed robot121!
Destroyed robot76!
Destroyed robot131!
Destroyed robot93!
Destroyed robot256!
Destroyed robot155!
Destroyed robot186!
Destroyed robot189!
Destroyed robot166!
Destroyed robot130!
Destroyed robot173!
Destroyed robot90!
Destroyed robot57!
Destroyed robot92!
Destroyed robot23!
Destroyed robot258!
Destroyed robot231!
Destroyed robot244!
Destroyed robot225!
Destroyed robot195!
Destroyed robot147!
Destroyed robot200!
Destroyed robot116!
Destroyed robot229!
Destroyed robot142!
Destroyed robot119!
Destroyed robot255!
Destroyed robot144!
Destroyed robot133!
Destroyed robot78!
Destroyed robot191!
Destroyed robot162!
Destroyed robot223!
Destroyed robot75!
Destroyed robot202!
Destroyed robot152!
Destroyed robot5!
Destroyed robot34!
Destroyed robot65!
Destroyed robot103!
Destroyed robot123!
Destroyed robot150!
Destroyed robot249!
Destroyed robot253!
Destroyed robot40!
Destroyed robot188!
Destroyed robot212!
Destroyed robot245!
Destroyed robot39!
Destroyed robot216!
Destroyed robot6!
Destroyed robot24!
Destroyed robot33!
Destroyed robot42!
Destroyed robot8!
Destroyed robot174!
Destroyed robot237!
Destroyed robot182!
Destroyed robot22!
Destroyed robot102!
Destroyed robot264!
Destroyed robot31!
Destroyed robot196!
Destroyed robot217!
Destroyed robot266!
Destroyed robot169!
Destroyed robot136!
Destroyed robot273!
Destroyed robot115!
Destroyed robot246!
Destroyed robot83!
Destroyed robot153!
Destroyed robot81!
Destroyed robot97!
Destroyed robot89!
Destroyed robot13!
Destroyed robot94!
Destroyed robot219!
Destroyed robot44!
Destroyed robot48!
Destroyed robot11!
Destroyed robot107!
Destroyed robot242!
Destroyed robot53!
Destroyed robot199!
Destroyed robot192!
Destroyed robot17!
Destroyed robot165!
Destroyed robot27!
Destroyed robot254!
Destroyed robot159!
Destroyed robot58!
Destroyed robot73!
Destroyed robot7!
Destroyed robot88!
Destroyed robot80!
Destroyed robot82!
Destroyed robot164!
Destroyed robot263!
Destroyed robot35!
Destroyed robot158!
Destroyed robot61!
Destroyed robot235!
Destroyed robot265!
Destroyed robot41!
Destroyed robot79!
Destroyed robot179!
Destroyed robot20!
Destroyed robot38!
Destroyed robot108!
Destroyed robot112!
Destroyed robot157!
Destroyed robot208!
Destroyed robot3!
Destroyed robot211!
Destroyed robot146!
Destroyed robot134!
Destroyed robot161!
Destroyed robot84!
Destroyed robot100!
Destroyed robot59!
Destroyed robot85!
Destroyed robot139!
Destroyed robot118!
Destroyed robot238!
Destroyed robot74!
Destroyed robot87!
Destroyed robot28!
Destroyed robot276!
Destroyed robot50!
Destroyed robot145!
Destroyed robot205!
Destroyed robot77!
Destroyed robot272!
Destroyed robot185!
Destroyed robot66!
Destroyed robot277!
Destroyed robot25!
Destroyed robot227!
Destroyed robot175!
Destroyed robot262!
Destroyed robot104!
Destroyed robot9!
Destroyed robot52!
Destroyed robot43!
Destroyed robot250!
Destroyed robot149!
Destroyed robot45!
Destroyed robot120!
Destroyed robot132!
Destroyed robot51!
Destroyed robot218!
Destroyed robot37!
Destroyed robot220!
Destroyed robot198!
Destroyed robot190!
Destroyed robot193!
Destroyed robot209!
Destroyed robot201!
Destroyed robot222!
Destroyed robot183!
Destroyed robot138!
******* testar.sh 280  ********


*** determinar crescimento de RS em relacao 280 robos ****


Experimento numero 31


analise80.sh: line 22: ./testar.sh: Permission denied
mv: cannot stat 'logs': No such file or directory
/home/andersoney/algoritmotcc
Stage 4.3.0 [GUI disabled]
 [Loading automatic1.world][Include map.inc][Include sick.inc][Include pioneer.inc]
Destroyed robot210!
Destroyed robot236!
Destroyed robot5!
Destroyed robot67!
Destroyed robot190!
Destroyed robot155!
Destroyed robot119!
Destroyed robot226!
Destroyed robot33!
Destroyed robot79!
Destroyed robot144!
Destroyed robot172!
Destroyed robot129!
Destroyed robot135!
Destroyed robot279!
Destroyed robot180!
Destroyed robot30!
Destroyed robot48!
Destroyed robot165!
Destroyed robot131!
Destroyed robot234!
Destroyed robot197!
Destroyed robot194!
Destroyed robot52!
Destroyed robot56!
Destroyed robot58!
Destroyed robot177!
Destroyed robot149!
Destroyed robot245!
Destroyed robot99!
Destroyed robot124!
Destroyed robot29!
Destroyed robot45!
Destroyed robot26!
Destroyed robot51!
Destroyed robot15!
Destroyed robot0!
Destroyed robot168!
Destroyed robot247!
Destroyed robot120!
Destroyed robot252!
Destroyed robot198!
Destroyed robot275!
Destroyed robot77!
Destroyed robot7!
Destroyed robot86!
Destroyed robot115!
Destroyed robot136!
Destroyed robot73!
Destroyed robot175!
Destroyed robot36!
Destroyed robot276!
Destroyed robot75!
Destroyed robot274!
Destroyed robot188!
Destroyed robot134!
Destroyed robot78!
Destroyed robot204!
Destroyed robot237!
Destroyed robot16!
Destroyed robot123!
Destroyed robot222!
Destroyed robot64!
Destroyed robot164!
Destroyed robot27!
Destroyed robot122!
Destroyed robot14!
Destroyed robot138!
Destroyed robot260!
Destroyed robot148!
Destroyed robot181!
Destroyed robot32!
Destroyed robot34!
Destroyed robot150!
Destroyed robot189!
Destroyed robot110!
Destroyed robot207!
Destroyed robot11!
Destroyed robot192!
Destroyed robot203!
Destroyed robot18!
Destroyed robot37!
Destroyed robot55!
Destroyed robot170!
Destroyed robot224!
Destroyed robot50!
Destroyed robot191!
Destroyed robot114!
Destroyed robot42!
Destroyed robot87!
Destroyed robot81!
Destroyed robot205!
Destroyed robot238!
Destroyed robot88!
Destroyed robot176!
Destroyed robot49!
Destroyed robot118!
Destroyed robot217!
Destroyed robot250!
Destroyed robot97!
Destroyed robot143!
Destroyed robot142!
Destroyed robot162!
Destroyed robot196!
Destroyed robot66!
Destroyed robot211!
Destroyed robot268!
Destroyed robot112!
Destroyed robot71!
Destroyed robot267!
Destroyed robot159!
Destroyed robot35!
Destroyed robot93!
Destroyed robot249!
Destroyed robot133!
Destroyed robot116!
Destroyed robot25!
Destroyed robot154!
Destroyed robot70!
Destroyed robot264!
Destroyed robot231!
Destroyed robot235!
Destroyed robot31!
Destroyed robot132!
Destroyed robot258!
Destroyed robot254!
Destroyed robot90!
Destroyed robot89!
Destroyed robot163!
Destroyed robot272!
Destroyed robot219!
Destroyed robot24!
Destroyed robot239!
Destroyed robot145!
Destroyed robot171!
Destroyed robot41!
Destroyed robot10!
Destroyed robot151!
Destroyed robot38!
Destroyed robot158!
Destroyed robot161!
Destroyed robot147!
Destroyed robot105!
Destroyed robot9!
Destroyed robot121!
Destroyed robot225!
Destroyed robot130!
Destroyed robot4!
Destroyed robot233!
Destroyed robot243!
Destroyed robot223!
Destroyed robot23!
Destroyed robot269!
Destroyed robot137!
Destroyed robot184!
Destroyed robot57!
Destroyed robot21!
Destroyed robot61!
Destroyed robot186!
Destroyed robot108!
Destroyed robot107!
Destroyed robot85!
Destroyed robot261!
Destroyed robot44!
Destroyed robot76!
Destroyed robot200!
Destroyed robot117!
Destroyed robot212!
Destroyed robot230!
Destroyed robot201!
Destroyed robot101!
Destroyed robot244!
Destroyed robot74!
Destroyed robot128!
Destroyed robot208!
Destroyed robot62!
Destroyed robot241!
Destroyed robot229!
Destroyed robot12!
Destroyed robot277!
Destroyed robot199!
Destroyed robot40!
Destroyed robot251!
Destroyed robot202!
Destroyed robot153!
Destroyed robot104!
Destroyed robot216!
Destroyed robot28!
Destroyed robot109!
Destroyed robot82!
Destroyed robot187!
Destroyed robot59!
Destroyed robot259!
Destroyed robot47!
Destroyed robot53!
Destroyed robot80!
Destroyed robot98!
Destroyed robot213!
Destroyed robot69!
Destroyed robot94!
Destroyed robot169!
Destroyed robot246!
Destroyed robot22!
Destroyed robot106!
Destroyed robot13!
Destroyed robot96!
Destroyed robot242!
Destroyed robot6!
Destroyed robot2!
Destroyed robot215!
Destroyed robot265!
Destroyed robot271!
Destroyed robot72!
Destroyed robot127!
Destroyed robot183!
Destroyed robot102!
Destroyed robot39!
Destroyed robot54!
Destroyed robot152!
Destroyed robot262!
Destroyed robot160!
Destroyed robot278!
Destroyed robot91!
Destroyed robot178!
Destroyed robot95!
Destroyed robot43!
Destroyed robot140!
Destroyed robot257!
Destroyed robot156!
Destroyed robot173!
Destroyed robot113!
Destroyed robot20!
Destroyed robot206!
Destroyed robot255!
Destroyed robot167!
Destroyed robot253!
Destroyed robot273!
Destroyed robot266!
Destroyed robot146!
Destroyed robot84!
Destroyed robot270!
Destroyed robot126!
Destroyed robot157!
Destroyed robot179!
Destroyed robot214!
Destroyed robot263!
Destroyed robot3!
Destroyed robot227!
Destroyed robot240!
Destroyed robot103!
Destroyed robot141!
Destroyed robot63!
Destroyed robot46!
Destroyed robot1!
Destroyed robot68!
Destroyed robot218!
Destroyed robot221!
Destroyed robot256!
Destroyed robot209!
Destroyed robot248!
Destroyed robot100!
Destroyed robot228!
Destroyed robot182!
Destroyed robot195!
Destroyed robot125!
Destroyed robot19!
Destroyed robot92!
Destroyed robot174!
Destroyed robot232!
Destroyed robot60!
Destroyed robot65!
Destroyed robot193!
Destroyed robot83!
Destroyed robot166!
Destroyed robot185!
Destroyed robot139!
Destroyed robot111!
Destroyed robot8!
Destroyed robot17!
******* testar.sh 280  ********


*** determinar crescimento de RS em relacao 280 robos ****


Experimento numero 32


analise80.sh: line 22: ./testar.sh: Permission denied
mv: cannot stat 'logs': No such file or directory
/home/andersoney/algoritmotcc
Stage 4.3.0 [GUI disabled]
 [Loading automatic1.world][Include map.inc][Include sick.inc][Include pioneer.inc]
Destroyed robot259!
Destroyed robot205!
Destroyed robot55!
Destroyed robot270!
Destroyed robot56!
Destroyed robot138!
Destroyed robot197!
Destroyed robot67!
Destroyed robot82!
Destroyed robot277!
Destroyed robot0!
Destroyed robot97!
Destroyed robot23!
Destroyed robot39!
Destroyed robot217!
Destroyed robot29!
Destroyed robot155!
Destroyed robot28!
Destroyed robot274!
Destroyed robot77!
Destroyed robot153!
Destroyed robot31!
Destroyed robot275!
Destroyed robot182!
Destroyed robot194!
Destroyed robot149!
Destroyed robot108!
Destroyed robot47!
Destroyed robot232!
Destroyed robot44!
Destroyed robot142!
Destroyed robot32!
Destroyed robot238!
Destroyed robot50!
Destroyed robot164!
Destroyed robot58!
Destroyed robot33!
Destroyed robot117!
Destroyed robot152!
Destroyed robot104!
Destroyed robot162!
Destroyed robot218!
Destroyed robot273!
Destroyed robot57!
Destroyed robot265!
Destroyed robot175!
Destroyed robot173!
Destroyed robot269!
Destroyed robot15!
Destroyed robot59!
Destroyed robot189!
Destroyed robot167!
Destroyed robot169!
Destroyed robot159!
Destroyed robot116!
Destroyed robot109!
Destroyed robot258!
Destroyed robot200!
Destroyed robot190!
Destroyed robot115!
Destroyed robot128!
Destroyed robot38!
Destroyed robot214!
Destroyed robot4!
Destroyed robot110!
Destroyed robot90!
Destroyed robot12!
Destroyed robot219!
Destroyed robot220!
Destroyed robot272!
Destroyed robot168!
Destroyed robot130!
Destroyed robot127!
Destroyed robot27!
Destroyed robot170!
Destroyed robot250!
Destroyed robot236!
Destroyed robot61!
Destroyed robot147!
Destroyed robot20!
Destroyed robot95!
Destroyed robot137!
Destroyed robot121!
Destroyed robot1!
Destroyed robot75!
Destroyed robot51!
Destroyed robot254!
Destroyed robot92!
Destroyed robot262!
Destroyed robot132!
Destroyed robot14!
Destroyed robot76!
Destroyed robot227!
Destroyed robot100!
Destroyed robot279!
Destroyed robot85!
Destroyed robot158!
Destroyed robot199!
Destroyed robot278!
Destroyed robot114!
Destroyed robot98!
Destroyed robot139!
Destroyed robot35!
Destroyed robot276!
Destroyed robot46!
Destroyed robot111!
Destroyed robot99!
Destroyed robot156!
Destroyed robot261!
Destroyed robot256!
Destroyed robot135!
Destroyed robot119!
Destroyed robot251!
Destroyed robot107!
Destroyed robot174!
Destroyed robot239!
Destroyed robot198!
Destroyed robot120!
Destroyed robot48!
Destroyed robot271!
Destroyed robot42!
Destroyed robot22!
Destroyed robot134!
Destroyed robot221!
Destroyed robot94!
Destroyed robot21!
Destroyed robot184!
Destroyed robot260!
Destroyed robot131!
Destroyed robot89!
Destroyed robot166!
Destroyed robot5!
Destroyed robot268!
Destroyed robot247!
Destroyed robot226!
Destroyed robot6!
Destroyed robot145!
Destroyed robot171!
Destroyed robot222!
Destroyed robot19!
Destroyed robot223!
Destroyed robot36!
Destroyed robot88!
Destroyed robot264!
Destroyed robot195!
Destroyed robot165!
Destroyed robot105!
Destroyed robot187!
Destroyed robot203!
Destroyed robot34!
Destroyed robot7!
Destroyed robot202!
Destroyed robot65!
Destroyed robot183!
Destroyed robot96!
Destroyed robot215!
Destroyed robot103!
Destroyed robot229!
Destroyed robot53!
Destroyed robot192!
Destroyed robot161!
Destroyed robot216!
Destroyed robot18!
Destroyed robot206!
Destroyed robot208!
Destroyed robot133!
Destroyed robot125!
Destroyed robot71!
Destroyed robot87!
Destroyed robot102!
Destroyed robot84!
Destroyed robot93!
Destroyed robot11!
Destroyed robot124!
Destroyed robot24!
Destroyed robot204!
Destroyed robot25!
Destroyed robot234!
Destroyed robot267!
Destroyed robot146!
Destroyed robot193!
Destroyed robot150!
Destroyed robot80!
Destroyed robot123!
Destroyed robot70!
Destroyed robot79!
Destroyed robot26!
Destroyed robot16!
Destroyed robot126!
Destroyed robot233!
Destroyed robot10!
Destroyed robot266!
Destroyed robot129!
Destroyed robot13!
Destroyed robot9!
Destroyed robot141!
Destroyed robot62!
Destroyed robot60!
Destroyed robot73!
Destroyed robot113!
Destroyed robot52!
Destroyed robot252!
Destroyed robot213!
Destroyed robot68!
Destroyed robot242!
Destroyed robot74!
Destroyed robot151!
Destroyed robot37!
Destroyed robot40!
Destroyed robot263!
Destroyed robot43!
Destroyed robot143!
Destroyed robot101!
Destroyed robot224!
Destroyed robot191!
Destroyed robot240!
Destroyed robot81!
Destroyed robot8!
Destroyed robot230!
Destroyed robot210!
Destroyed robot209!
Destroyed robot30!
Destroyed robot246!
Destroyed robot211!
Destroyed robot148!
Destroyed robot154!
Destroyed robot118!
Destroyed robot188!
Destroyed robot212!
Destroyed robot207!
Destroyed robot241!
Destroyed robot69!
Destroyed robot225!
Destroyed robot160!
Destroyed robot196!
Destroyed robot255!
Destroyed robot185!
Destroyed robot54!
Destroyed robot45!
Destroyed robot249!
Destroyed robot177!
Destroyed robot181!
Destroyed robot186!
Destroyed robot2!
Destroyed robot86!
Destroyed robot144!
Destroyed robot3!
Destroyed robot253!
Destroyed robot231!
Destroyed robot157!
Destroyed robot17!
Destroyed robot72!
Destroyed robot248!
Destroyed robot163!
Destroyed robot83!
Destroyed robot257!
Destroyed robot178!
Destroyed robot244!
Destroyed robot237!
Destroyed robot63!
Destroyed robot179!
Destroyed robot235!
Destroyed robot78!
Destroyed robot106!
Destroyed robot201!
Destroyed robot180!
Destroyed robot122!
Destroyed robot112!
Destroyed robot245!
Destroyed robot136!
Destroyed robot41!
Destroyed robot49!
Destroyed robot172!
Destroyed robot176!
Destroyed robot243!
Destroyed robot64!
Destroyed robot140!
Destroyed robot91!
Destroyed robot66!
******* testar.sh 280  ********


*** determinar crescimento de RS em relacao 280 robos ****


Experimento numero 33


analise80.sh: line 22: ./testar.sh: Permission denied
mv: cannot stat 'logs': No such file or directory
/home/andersoney/algoritmotcc
Stage 4.3.0 [GUI disabled]
 [Loading automatic1.world][Include map.inc][Include sick.inc][Include pioneer.inc]
Destroyed robot262!
Destroyed robot135!
Destroyed robot253!
Destroyed robot184!
Destroyed robot0!
Destroyed robot137!
Destroyed robot257!
Destroyed robot235!
Destroyed robot73!
Destroyed robot228!
Destroyed robot34!
Destroyed robot171!
Destroyed robot114!
Destroyed robot168!
Destroyed robot58!
Destroyed robot35!
Destroyed robot40!
Destroyed robot276!
Destroyed robot172!
Destroyed robot1!
Destroyed robot209!
Destroyed robot47!
Destroyed robot98!
Destroyed robot21!
Destroyed robot95!
Destroyed robot140!
Destroyed robot7!
Destroyed robot153!
Destroyed robot259!
Destroyed robot148!
Destroyed robot108!
Destroyed robot224!
Destroyed robot213!
Destroyed robot74!
Destroyed robot265!
Destroyed robot141!
Destroyed robot274!
Destroyed robot129!
Destroyed robot55!
Destroyed robot82!
Destroyed robot160!
Destroyed robot9!
Destroyed robot175!
Destroyed robot220!
Destroyed robot198!
Destroyed robot4!
Destroyed robot59!
Destroyed robot154!
Destroyed robot278!
Destroyed robot169!
Destroyed robot103!
Destroyed robot275!
Destroyed robot185!
Destroyed robot217!
Destroyed robot128!
Destroyed robot123!
Destroyed robot236!
Destroyed robot208!
Destroyed robot238!
Destroyed robot248!
Destroyed robot155!
Destroyed robot264!
Destroyed robot201!
Destroyed robot211!
Destroyed robot136!
Destroyed robot99!
Destroyed robot44!
Destroyed robot219!
Destroyed robot256!
Destroyed robot20!
Destroyed robot254!
Destroyed robot139!
Destroyed robot167!
Destroyed robot12!
Destroyed robot192!
Destroyed robot116!
Destroyed robot145!
Destroyed robot18!
Destroyed robot194!
Destroyed robot71!
Destroyed robot5!
Destroyed robot164!
Destroyed robot63!
Destroyed robot76!
Destroyed robot241!
Destroyed robot215!
Destroyed robot37!
Destroyed robot183!
Destroyed robot60!
Destroyed robot260!
Destroyed robot61!
Destroyed robot83!
Destroyed robot67!
Destroyed robot96!
Destroyed robot88!
Destroyed robot225!
Destroyed robot159!
Destroyed robot110!
Destroyed robot106!
Destroyed robot109!
Destroyed robot120!
Destroyed robot279!
Destroyed robot2!
Destroyed robot102!
Destroyed robot39!
Destroyed robot27!
Destroyed robot195!
Destroyed robot230!
Destroyed robot3!
Destroyed robot125!
Destroyed robot197!
Destroyed robot143!
Destroyed robot229!
Destroyed robot50!
Destroyed robot94!
Destroyed robot42!
Destroyed robot78!
Destroyed robot216!
Destroyed robot127!
Destroyed robot214!
Destroyed robot17!
Destroyed robot223!
Destroyed robot6!
Destroyed robot36!
Destroyed robot190!
Destroyed robot176!
Destroyed robot210!
Destroyed robot149!
Destroyed robot142!
Destroyed robot62!
Destroyed robot97!
Destroyed robot157!
Destroyed robot277!
Destroyed robot252!
Destroyed robot80!
Destroyed robot51!
Destroyed robot243!
Destroyed robot23!
Destroyed robot249!
Destroyed robot90!
Destroyed robot75!
Destroyed robot178!
Destroyed robot56!
Destroyed robot26!
Destroyed robot258!
Destroyed robot177!
Destroyed robot104!
Destroyed robot112!
Destroyed robot170!
Destroyed robot152!
Destroyed robot203!
Destroyed robot227!
Destroyed robot162!
Destroyed robot130!
Destroyed robot234!
Destroyed robot204!
Destroyed robot250!
Destroyed robot30!
Destroyed robot8!
Destroyed robot28!
Destroyed robot69!
Destroyed robot182!
Destroyed robot221!
Destroyed robot84!
Destroyed robot242!
Destroyed robot247!
Destroyed robot273!
Destroyed robot29!
Destroyed robot52!
Destroyed robot173!
Destroyed robot156!
Destroyed robot15!
Destroyed robot268!
Destroyed robot244!
Destroyed robot14!
Destroyed robot132!
Destroyed robot165!
Destroyed robot31!
Destroyed robot16!
Destroyed robot19!
Destroyed robot72!
Destroyed robot237!
Destroyed robot33!
Destroyed robot206!
Destroyed robot121!
Destroyed robot122!
Destroyed robot158!
Destroyed robot113!
Destroyed robot57!
Destroyed robot66!
Destroyed robot200!
Destroyed robot186!
Destroyed robot45!
Destroyed robot107!
Destroyed robot251!
Destroyed robot231!
Destroyed robot119!
Destroyed robot267!
Destroyed robot100!
Destroyed robot189!
Destroyed robot24!
Destroyed robot233!
Destroyed robot226!
Destroyed robot101!
Destroyed robot181!
Destroyed robot117!
Destroyed robot124!
Destroyed robot166!
Destroyed robot118!
Destroyed robot126!
Destroyed robot144!
Destroyed robot151!
Destroyed robot134!
Destroyed robot38!
Destroyed robot191!
Destroyed robot207!
Destroyed robot79!
Destroyed robot180!
Destroyed robot111!
Destroyed robot150!
Destroyed robot146!
Destroyed robot255!
Destroyed robot202!
Destroyed robot179!
Destroyed robot105!
Destroyed robot32!
Destroyed robot193!
Destroyed robot87!
Destroyed robot68!
Destroyed robot269!
Destroyed robot138!
Destroyed robot85!
Destroyed robot93!
Destroyed robot131!
Destroyed robot53!
Destroyed robot147!
Destroyed robot163!
Destroyed robot218!
Destroyed robot81!
Destroyed robot46!
Destroyed robot199!
Destroyed robot89!
Destroyed robot41!
Destroyed robot266!
Destroyed robot25!
Destroyed robot13!
Destroyed robot261!
Destroyed robot22!
Destroyed robot240!
Destroyed robot187!
Destroyed robot64!
Destroyed robot270!
Destroyed robot239!
Destroyed robot43!
Destroyed robot49!
Destroyed robot77!
Destroyed robot161!
Destroyed robot133!
Destroyed robot91!
Destroyed robot212!
Destroyed robot222!
Destroyed robot10!
Destroyed robot271!
Destroyed robot188!
Destroyed robot65!
Destroyed robot115!
Destroyed robot205!
Destroyed robot86!
Destroyed robot245!
Destroyed robot196!
Destroyed robot263!
Destroyed robot272!
Destroyed robot54!
Destroyed robot174!
Destroyed robot48!
Destroyed robot92!
Destroyed robot246!
Destroyed robot11!
Destroyed robot70!
******* testar.sh 280  ********


*** determinar crescimento de RS em relacao 280 robos ****


Experimento numero 34


analise80.sh: line 22: ./testar.sh: Permission denied
mv: cannot stat 'logs': No such file or directory
/home/andersoney/algoritmotcc
Stage 4.3.0 [GUI disabled]
 [Loading automatic1.world][Include map.inc][Include sick.inc][Include pioneer.inc]
Destroyed robot19!
Destroyed robot120!
Destroyed robot49!
Destroyed robot277!
Destroyed robot211!
Destroyed robot25!
Destroyed robot117!
Destroyed robot175!
Destroyed robot149!
Destroyed robot45!
Destroyed robot190!
Destroyed robot11!
Destroyed robot56!
Destroyed robot53!
Destroyed robot97!
Destroyed robot92!
Destroyed robot266!
Destroyed robot2!
Destroyed robot270!
Destroyed robot51!
Destroyed robot52!
Destroyed robot5!
Destroyed robot32!
Destroyed robot169!
Destroyed robot249!
Destroyed robot58!
Destroyed robot222!
Destroyed robot142!
Destroyed robot129!
Destroyed robot167!
Destroyed robot244!
Destroyed robot170!
Destroyed robot204!
Destroyed robot14!
Destroyed robot7!
Destroyed robot157!
Destroyed robot213!
Destroyed robot143!
Destroyed robot128!
Destroyed robot21!
Destroyed robot124!
Destroyed robot114!
Destroyed robot177!
Destroyed robot145!
Destroyed robot138!
Destroyed robot94!
Destroyed robot212!
Destroyed robot239!
Destroyed robot228!
Destroyed robot112!
Destroyed robot155!
Destroyed robot73!
Destroyed robot162!
Destroyed robot201!
Destroyed robot81!
Destroyed robot164!
Destroyed robot152!
Destroyed robot71!
Destroyed robot151!
Destroyed robot57!
Destroyed robot203!
Destroyed robot133!
Destroyed robot61!
Destroyed robot115!
Destroyed robot64!
Destroyed robot220!
Destroyed robot254!
Destroyed robot34!
Destroyed robot194!
Destroyed robot60!
Destroyed robot74!
Destroyed robot200!
Destroyed robot192!
Destroyed robot182!
Destroyed robot250!
Destroyed robot63!
Destroyed robot161!
Destroyed robot140!
Destroyed robot104!
Destroyed robot121!
Destroyed robot208!
Destroyed robot24!
Destroyed robot252!
Destroyed robot265!
Destroyed robot22!
Destroyed robot55!
Destroyed robot188!
Destroyed robot44!
Destroyed robot96!
Destroyed robot42!
Destroyed robot1!
Destroyed robot238!
Destroyed robot258!
Destroyed robot184!
Destroyed robot205!
Destroyed robot130!
Destroyed robot168!
Destroyed robot4!
Destroyed robot153!
Destroyed robot216!
Destroyed robot26!
Destroyed robot193!
Destroyed robot84!
Destroyed robot38!
Destroyed robot86!
Destroyed robot9!
Destroyed robot10!
Destroyed robot125!
Destroyed robot12!
Destroyed robot246!
Destroyed robot3!
Destroyed robot50!
Destroyed robot207!
Destroyed robot210!
Destroyed robot236!
Destroyed robot46!
Destroyed robot214!
Destroyed robot77!
Destroyed robot230!
Destroyed robot198!
Destroyed robot136!
Destroyed robot82!
Destroyed robot255!
Destroyed robot41!
Destroyed robot144!
Destroyed robot260!
Destroyed robot176!
Destroyed robot89!
Destroyed robot131!
Destroyed robot174!
Destroyed robot122!
Destroyed robot267!
Destroyed robot29!
Destroyed robot279!
Destroyed robot185!
Destroyed robot134!
Destroyed robot6!
Destroyed robot235!
Destroyed robot135!
Destroyed robot85!
Destroyed robot75!
Destroyed robot165!
Destroyed robot116!
Destroyed robot146!
Destroyed robot264!
Destroyed robot221!
Destroyed robot159!
Destroyed robot111!
Destroyed robot160!
Destroyed robot237!
Destroyed robot23!
Destroyed robot233!
Destroyed robot76!
Destroyed robot83!
Destroyed robot28!
Destroyed robot275!
Destroyed robot232!
Destroyed robot39!
Destroyed robot123!
Destroyed robot103!
Destroyed robot259!
Destroyed robot166!
Destroyed robot224!
Destroyed robot263!
Destroyed robot100!
Destroyed robot105!
Destroyed robot181!
Destroyed robot189!
Destroyed robot269!
Destroyed robot78!
Destroyed robot67!
Destroyed robot8!
Destroyed robot0!
Destroyed robot141!
Destroyed robot215!
Destroyed robot186!
Destroyed robot180!
Destroyed robot43!
Destroyed robot261!
Destroyed robot209!
Destroyed robot101!
Destroyed robot218!
Destroyed robot40!
Destroyed robot118!
Destroyed robot147!
Destroyed robot227!
Destroyed robot66!
Destroyed robot54!
Destroyed robot16!
Destroyed robot241!
Destroyed robot179!
Destroyed robot47!
Destroyed robot126!
Destroyed robot240!
Destroyed robot173!
Destroyed robot271!
Destroyed robot195!
Destroyed robot183!
Destroyed robot148!
Destroyed robot253!
Destroyed robot15!
Destroyed robot247!
Destroyed robot87!
Destroyed robot30!
Destroyed robot199!
Destroyed robot245!
Destroyed robot20!
Destroyed robot197!
Destroyed robot196!
Destroyed robot278!
Destroyed robot272!
Destroyed robot127!
Destroyed robot139!
Destroyed robot106!
Destroyed robot234!
Destroyed robot206!
Destroyed robot88!
Destroyed robot225!
Destroyed robot35!
Destroyed robot119!
Destroyed robot132!
Destroyed robot109!
Destroyed robot72!
Destroyed robot191!
Destroyed robot150!
Destroyed robot242!
Destroyed robot95!
Destroyed robot79!
Destroyed robot158!
Destroyed robot137!
Destroyed robot31!
Destroyed robot156!
Destroyed robot27!
Destroyed robot273!
Destroyed robot219!
Destroyed robot18!
Destroyed robot110!
Destroyed robot276!
Destroyed robot102!
Destroyed robot187!
Destroyed robot178!
Destroyed robot223!
Destroyed robot113!
Destroyed robot217!
Destroyed robot69!
Destroyed robot262!
Destroyed robot229!
Destroyed robot70!
Destroyed robot248!
Destroyed robot172!
Destroyed robot251!
Destroyed robot59!
Destroyed robot93!
Destroyed robot163!
Destroyed robot36!
Destroyed robot68!
Destroyed robot90!
Destroyed robot257!
Destroyed robot256!
Destroyed robot243!
Destroyed robot37!
Destroyed robot13!
Destroyed robot154!
Destroyed robot91!
Destroyed robot62!
Destroyed robot171!
Destroyed robot48!
Destroyed robot80!
Destroyed robot65!
Destroyed robot202!
Destroyed robot274!
Destroyed robot226!
Destroyed robot231!
Destroyed robot98!
Destroyed robot99!
Destroyed robot268!
Destroyed robot17!
Destroyed robot108!
Destroyed robot33!
******* testar.sh 280  ********


*** determinar crescimento de RS em relacao 280 robos ****


Experimento numero 35


analise80.sh: line 22: ./testar.sh: Permission denied
mv: cannot stat 'logs': No such file or directory
/home/andersoney/algoritmotcc
Stage 4.3.0 [GUI disabled]
 [Loading automatic1.world][Include map.inc][Include sick.inc][Include pioneer.inc]
Destroyed robot262!
Destroyed robot125!
Destroyed robot65!
Destroyed robot33!
Destroyed robot168!
Destroyed robot183!
Destroyed robot127!
Destroyed robot17!
Destroyed robot122!
Destroyed robot30!
Destroyed robot80!
Destroyed robot185!
Destroyed robot3!
Destroyed robot230!
Destroyed robot38!
Destroyed robot82!
Destroyed robot161!
Destroyed robot115!
Destroyed robot28!
Destroyed robot211!
Destroyed robot90!
Destroyed robot197!
Destroyed robot159!
Destroyed robot108!
Destroyed robot72!
Destroyed robot112!
Destroyed robot22!
Destroyed robot101!
Destroyed robot93!
Destroyed robot20!
Destroyed robot276!
Destroyed robot199!
Destroyed robot36!
Destroyed robot255!
Destroyed robot126!
Destroyed robot152!
Destroyed robot251!
Destroyed robot98!
Destroyed robot268!
Destroyed robot39!
Destroyed robot134!
Destroyed robot243!
Destroyed robot7!
Destroyed robot157!
Destroyed robot68!
Destroyed robot169!
Destroyed robot222!
Destroyed robot278!
Destroyed robot221!
Destroyed robot12!
Destroyed robot76!
Destroyed robot50!
Destroyed robot153!
Destroyed robot210!
Destroyed robot187!
Destroyed robot226!
Destroyed robot174!
Destroyed robot228!
Destroyed robot25!
Destroyed robot218!
Destroyed robot257!
Destroyed robot138!
Destroyed robot63!
Destroyed robot273!
Destroyed robot219!
Destroyed robot150!
Destroyed robot46!
Destroyed robot146!
Destroyed robot119!
Destroyed robot100!
Destroyed robot78!
Destroyed robot86!
Destroyed robot248!
Destroyed robot18!
Destroyed robot272!
Destroyed robot35!
Destroyed robot203!
Destroyed robot270!
Destroyed robot267!
Destroyed robot67!
Destroyed robot192!
Destroyed robot130!
Destroyed robot43!
Destroyed robot215!
Destroyed robot117!
Destroyed robot263!
Destroyed robot206!
Destroyed robot245!
Destroyed robot172!
Destroyed robot107!
Destroyed robot121!
Destroyed robot79!
Destroyed robot156!
Destroyed robot34!
Destroyed robot277!
Destroyed robot200!
Destroyed robot54!
Destroyed robot81!
Destroyed robot71!
Destroyed robot133!
Destroyed robot111!
Destroyed robot57!
Destroyed robot259!
Destroyed robot155!
Destroyed robot260!
Destroyed robot194!
Destroyed robot77!
Destroyed robot99!
Destroyed robot0!
Destroyed robot91!
Destroyed robot271!
Destroyed robot85!
Destroyed robot27!
Destroyed robot103!
Destroyed robot92!
Destroyed robot52!
Destroyed robot265!
Destroyed robot16!
Destroyed robot40!
Destroyed robot279!
Destroyed robot147!
Destroyed robot96!
Destroyed robot247!
Destroyed robot60!
Destroyed robot261!
Destroyed robot87!
Destroyed robot214!
Destroyed robot229!
Destroyed robot26!
Destroyed robot24!
Destroyed robot227!
Destroyed robot49!
Destroyed robot160!
Destroyed robot61!
Destroyed robot163!
Destroyed robot64!
Destroyed robot1!
Destroyed robot74!
Destroyed robot170!
Destroyed robot186!
Destroyed robot249!
Destroyed robot173!
Destroyed robot201!
Destroyed robot97!
Destroyed robot198!
Destroyed robot137!
Destroyed robot29!
Destroyed robot116!
Destroyed robot66!
Destroyed robot233!
Destroyed robot164!
Destroyed robot165!
Destroyed robot148!
Destroyed robot23!
Destroyed robot131!
Destroyed robot231!
Destroyed robot223!
Destroyed robot145!
Destroyed robot42!
Destroyed robot235!
Destroyed robot224!
Destroyed robot47!
Destroyed robot53!
Destroyed robot132!
Destroyed robot5!
Destroyed robot10!
Destroyed robot154!
Destroyed robot209!
Destroyed robot120!
Destroyed robot56!
Destroyed robot250!
Destroyed robot181!
Destroyed robot4!
Destroyed robot128!
Destroyed robot274!
Destroyed robot193!
Destroyed robot212!
Destroyed robot158!
Destroyed robot41!
Destroyed robot83!
Destroyed robot11!
Destroyed robot73!
Destroyed robot62!
Destroyed robot75!
Destroyed robot196!
Destroyed robot180!
Destroyed robot123!
Destroyed robot110!
Destroyed robot182!
Destroyed robot118!
Destroyed robot246!
Destroyed robot236!
Destroyed robot225!
Destroyed robot244!
Destroyed robot240!
Destroyed robot256!
Destroyed robot6!
Destroyed robot217!
Destroyed robot167!
Destroyed robot188!
Destroyed robot258!
Destroyed robot95!
Destroyed robot191!
Destroyed robot124!
Destroyed robot275!
Destroyed robot204!
Destroyed robot195!
Destroyed robot252!
Destroyed robot48!
Destroyed robot136!
Destroyed robot37!
Destroyed robot205!
Destroyed robot106!
Destroyed robot239!
Destroyed robot266!
Destroyed robot2!
Destroyed robot220!
Destroyed robot51!
Destroyed robot207!
Destroyed robot264!
Destroyed robot269!
Destroyed robot202!
Destroyed robot242!
Destroyed robot176!
Destroyed robot59!
Destroyed robot113!
Destroyed robot151!
Destroyed robot14!
Destroyed robot19!
Destroyed robot234!
Destroyed robot32!
Destroyed robot139!
Destroyed robot94!
Destroyed robot31!
Destroyed robot216!
Destroyed robot44!
Destroyed robot254!
Destroyed robot237!
Destroyed robot241!
Destroyed robot15!
Destroyed robot140!
Destroyed robot45!
Destroyed robot238!
Destroyed robot84!
Destroyed robot109!
Destroyed robot69!
Destroyed robot135!
Destroyed robot142!
Destroyed robot208!
Destroyed robot144!
Destroyed robot129!
Destroyed robot105!
Destroyed robot89!
Destroyed robot55!
Destroyed robot114!
Destroyed robot253!
Destroyed robot21!
Destroyed robot166!
Destroyed robot179!
Destroyed robot171!
Destroyed robot189!
Destroyed robot213!
Destroyed robot13!
Destroyed robot58!
Destroyed robot232!
Destroyed robot162!
Destroyed robot190!
Destroyed robot149!
Destroyed robot177!
Destroyed robot102!
Destroyed robot9!
Destroyed robot88!
Destroyed robot175!
Destroyed robot184!
Destroyed robot178!
Destroyed robot70!
Destroyed robot8!
Destroyed robot141!
Destroyed robot143!
******* testar.sh 280  ********


*** determinar crescimento de RS em relacao 280 robos ****


Experimento numero 36


analise80.sh: line 22: ./testar.sh: Permission denied
mv: cannot stat 'logs': No such file or directory
/home/andersoney/algoritmotcc
Stage 4.3.0 [GUI disabled]
 [Loading automatic1.world][Include map.inc][Include sick.inc][Include pioneer.inc]
Destroyed robot142!
Destroyed robot241!
Destroyed robot219!
Destroyed robot232!
Destroyed robot146!
Destroyed robot186!
Destroyed robot189!
Destroyed robot11!
Destroyed robot70!
Destroyed robot23!
Destroyed robot164!
Destroyed robot169!
Destroyed robot16!
Destroyed robot242!
Destroyed robot147!
Destroyed robot277!
Destroyed robot211!
Destroyed robot276!
Destroyed robot4!
Destroyed robot100!
Destroyed robot122!
Destroyed robot26!
Destroyed robot216!
Destroyed robot90!
Destroyed robot124!
Destroyed robot76!
Destroyed robot102!
Destroyed robot271!
Destroyed robot21!
Destroyed robot159!
Destroyed robot58!
Destroyed robot221!
Destroyed robot12!
Destroyed robot108!
Destroyed robot268!
Destroyed robot87!
Destroyed robot29!
Destroyed robot39!
Destroyed robot179!
Destroyed robot167!
Destroyed robot233!
Destroyed robot40!
Destroyed robot236!
Destroyed robot43!
Destroyed robot60!
Destroyed robot56!
Destroyed robot149!
Destroyed robot203!
Destroyed robot154!
Destroyed robot197!
Destroyed robot239!
Destroyed robot178!
Destroyed robot180!
Destroyed robot195!
Destroyed robot150!
Destroyed robot24!
Destroyed robot46!
Destroyed robot250!
Destroyed robot80!
Destroyed robot118!
Destroyed robot264!
Destroyed robot220!
Destroyed robot123!
Destroyed robot79!
Destroyed robot129!
Destroyed robot235!
Destroyed robot215!
Destroyed robot35!
Destroyed robot256!
Destroyed robot112!
Destroyed robot218!
Destroyed robot279!
Destroyed robot194!
Destroyed robot243!
Destroyed robot30!
Destroyed robot238!
Destroyed robot172!
Destroyed robot55!
Destroyed robot157!
Destroyed robot153!
Destroyed robot158!
Destroyed robot89!
Destroyed robot116!
Destroyed robot199!
Destroyed robot240!
Destroyed robot53!
Destroyed robot214!
Destroyed robot93!
Destroyed robot92!
Destroyed robot67!
Destroyed robot78!
Destroyed robot137!
Destroyed robot162!
Destroyed robot37!
Destroyed robot138!
Destroyed robot25!
Destroyed robot86!
Destroyed robot71!
Destroyed robot33!
Destroyed robot213!
Destroyed robot73!
Destroyed robot247!
Destroyed robot208!
Destroyed robot84!
Destroyed robot144!
Destroyed robot266!
Destroyed robot3!
Destroyed robot163!
Destroyed robot49!
Destroyed robot120!
Destroyed robot110!
Destroyed robot267!
Destroyed robot38!
Destroyed robot249!
Destroyed robot255!
Destroyed robot126!
Destroyed robot202!
Destroyed robot103!
Destroyed robot2!
Destroyed robot81!
Destroyed robot77!
Destroyed robot156!
Destroyed robot64!
Destroyed robot7!
Destroyed robot270!
Destroyed robot54!
Destroyed robot74!
Destroyed robot97!
Destroyed robot181!
Destroyed robot9!
Destroyed robot98!
Destroyed robot173!
Destroyed robot228!
Destroyed robot200!
Destroyed robot105!
Destroyed robot269!
Destroyed robot127!
Destroyed robot226!
Destroyed robot201!
Destroyed robot106!
Destroyed robot10!
Destroyed robot14!
Destroyed robot204!
Destroyed robot132!
Destroyed robot160!
Destroyed robot27!
Destroyed robot95!
Destroyed robot198!
Destroyed robot31!
Destroyed robot223!
Destroyed robot128!
Destroyed robot187!
Destroyed robot17!
Destroyed robot22!
Destroyed robot278!
Destroyed robot115!
Destroyed robot63!
Destroyed robot62!
Destroyed robot148!
Destroyed robot261!
Destroyed robot176!
Destroyed robot210!
Destroyed robot175!
Destroyed robot231!
Destroyed robot15!
Destroyed robot252!
Destroyed robot131!
Destroyed robot234!
Destroyed robot185!
Destroyed robot75!
Destroyed robot139!
Destroyed robot66!
Destroyed robot183!
Destroyed robot246!
Destroyed robot47!
Destroyed robot41!
Destroyed robot225!
Destroyed robot217!
Destroyed robot193!
Destroyed robot143!
Destroyed robot260!
Destroyed robot262!
Destroyed robot85!
Destroyed robot191!
Destroyed robot188!
Destroyed robot263!
Destroyed robot109!
Destroyed robot134!
Destroyed robot229!
Destroyed robot104!
Destroyed robot196!
Destroyed robot182!
Destroyed robot125!
Destroyed robot135!
Destroyed robot245!
Destroyed robot107!
Destroyed robot174!
Destroyed robot119!
Destroyed robot207!
Destroyed robot254!
Destroyed robot192!
Destroyed robot170!
Destroyed robot155!
Destroyed robot18!
Destroyed robot59!
Destroyed robot83!
Destroyed robot82!
Destroyed robot113!
Destroyed robot222!
Destroyed robot227!
Destroyed robot57!
Destroyed robot88!
Destroyed robot36!
Destroyed robot130!
Destroyed robot190!
Destroyed robot101!
Destroyed robot51!
Destroyed robot136!
Destroyed robot152!
Destroyed robot34!
Destroyed robot5!
Destroyed robot145!
Destroyed robot114!
Destroyed robot244!
Destroyed robot28!
Destroyed robot44!
Destroyed robot48!
Destroyed robot257!
Destroyed robot224!
Destroyed robot205!
Destroyed robot166!
Destroyed robot1!
Destroyed robot61!
Destroyed robot65!
Destroyed robot52!
Destroyed robot72!
Destroyed robot273!
Destroyed robot258!
Destroyed robot165!
Destroyed robot151!
Destroyed robot69!
Destroyed robot209!
Destroyed robot237!
Destroyed robot68!
Destroyed robot275!
Destroyed robot45!
Destroyed robot99!
Destroyed robot141!
Destroyed robot8!
Destroyed robot248!
Destroyed robot177!
Destroyed robot121!
Destroyed robot6!
Destroyed robot265!
Destroyed robot251!
Destroyed robot13!
Destroyed robot259!
Destroyed robot184!
Destroyed robot96!
Destroyed robot171!
Destroyed robot274!
Destroyed robot94!
Destroyed robot253!
Destroyed robot20!
Destroyed robot0!
Destroyed robot133!
Destroyed robot230!
Destroyed robot32!
Destroyed robot212!
Destroyed robot140!
Destroyed robot91!
Destroyed robot206!
Destroyed robot111!
Destroyed robot161!
Destroyed robot272!
Destroyed robot117!
Destroyed robot42!
Destroyed robot50!
Destroyed robot19!
******* testar.sh 280  ********


*** determinar crescimento de RS em relacao 280 robos ****


Experimento numero 37


analise80.sh: line 22: ./testar.sh: Permission denied
mv: cannot stat 'logs': No such file or directory
/home/andersoney/algoritmotcc
Stage 4.3.0 [GUI disabled]
 [Loading automatic1.world][Include map.inc][Include sick.inc][Include pioneer.inc]
Destroyed robot88!
Destroyed robot13!
Destroyed robot131!
Destroyed robot174!
Destroyed robot114!
Destroyed robot163!
Destroyed robot69!
Destroyed robot223!
Destroyed robot113!
Destroyed robot68!
Destroyed robot42!
Destroyed robot207!
Destroyed robot239!
Destroyed robot61!
Destroyed robot11!
Destroyed robot137!
Destroyed robot200!
Destroyed robot1!
Destroyed robot108!
Destroyed robot269!
Destroyed robot110!
Destroyed robot218!
Destroyed robot202!
Destroyed robot243!
Destroyed robot40!
Destroyed robot27!
Destroyed robot258!
Destroyed robot24!
Destroyed robot59!
Destroyed robot219!
Destroyed robot179!
Destroyed robot244!
Destroyed robot89!
Destroyed robot58!
Destroyed robot119!
Destroyed robot159!
Destroyed robot71!
Destroyed robot112!
Destroyed robot215!
Destroyed robot30!
Destroyed robot56!
Destroyed robot84!
Destroyed robot111!
Destroyed robot37!
Destroyed robot238!
Destroyed robot182!
Destroyed robot120!
Destroyed robot177!
Destroyed robot15!
Destroyed robot49!
Destroyed robot255!
Destroyed robot55!
Destroyed robot194!
Destroyed robot101!
Destroyed robot259!
Destroyed robot164!
Destroyed robot125!
Destroyed robot4!
Destroyed robot79!
Destroyed robot233!
Destroyed robot87!
Destroyed robot201!
Destroyed robot236!
Destroyed robot46!
Destroyed robot184!
Destroyed robot278!
Destroyed robot21!
Destroyed robot23!
Destroyed robot5!
Destroyed robot246!
Destroyed robot93!
Destroyed robot19!
Destroyed robot274!
Destroyed robot91!
Destroyed robot205!
Destroyed robot245!
Destroyed robot225!
Destroyed robot12!
Destroyed robot143!
Destroyed robot134!
Destroyed robot212!
Destroyed robot135!
Destroyed robot178!
Destroyed robot105!
Destroyed robot67!
Destroyed robot197!
Destroyed robot191!
Destroyed robot156!
Destroyed robot187!
Destroyed robot148!
Destroyed robot277!
Destroyed robot193!
Destroyed robot3!
Destroyed robot249!
Destroyed robot167!
Destroyed robot252!
Destroyed robot47!
Destroyed robot240!
Destroyed robot268!
Destroyed robot70!
Destroyed robot158!
Destroyed robot35!
Destroyed robot180!
Destroyed robot34!
Destroyed robot272!
Destroyed robot10!
Destroyed robot122!
Destroyed robot256!
Destroyed robot121!
Destroyed robot168!
Destroyed robot214!
Destroyed robot116!
Destroyed robot242!
Destroyed robot133!
Destroyed robot103!
Destroyed robot266!
Destroyed robot175!
Destroyed robot96!
Destroyed robot220!
Destroyed robot160!
Destroyed robot25!
Destroyed robot6!
Destroyed robot169!
Destroyed robot22!
Destroyed robot62!
Destroyed robot262!
Destroyed robot117!
Destroyed robot229!
Destroyed robot139!
Destroyed robot43!
Destroyed robot157!
Destroyed robot115!
Destroyed robot48!
Destroyed robot279!
Destroyed robot51!
Destroyed robot77!
Destroyed robot260!
Destroyed robot226!
Destroyed robot54!
Destroyed robot118!
Destroyed robot90!
Destroyed robot45!
Destroyed robot41!
Destroyed robot183!
Destroyed robot227!
Destroyed robot271!
Destroyed robot154!
Destroyed robot72!
Destroyed robot98!
Destroyed robot66!
Destroyed robot166!
Destroyed robot264!
Destroyed robot176!
Destroyed robot136!
Destroyed robot80!
Destroyed robot155!
Destroyed robot161!
Destroyed robot20!
Destroyed robot196!
Destroyed robot165!
Destroyed robot9!
Destroyed robot149!
Destroyed robot106!
Destroyed robot230!
Destroyed robot248!
Destroyed robot213!
Destroyed robot97!
Destroyed robot83!
Destroyed robot95!
Destroyed robot199!
Destroyed robot234!
Destroyed robot203!
Destroyed robot50!
Destroyed robot82!
Destroyed robot32!
Destroyed robot18!
Destroyed robot60!
Destroyed robot189!
Destroyed robot254!
Destroyed robot28!
Destroyed robot237!
Destroyed robot130!
Destroyed robot171!
Destroyed robot204!
Destroyed robot7!
Destroyed robot211!
Destroyed robot104!
Destroyed robot141!
Destroyed robot231!
Destroyed robot222!
Destroyed robot102!
Destroyed robot53!
Destroyed robot78!
Destroyed robot138!
Destroyed robot142!
Destroyed robot94!
Destroyed robot26!
Destroyed robot210!
Destroyed robot232!
Destroyed robot228!
Destroyed robot261!
Destroyed robot170!
Destroyed robot151!
Destroyed robot195!
Destroyed robot57!
Destroyed robot206!
Destroyed robot140!
Destroyed robot188!
Destroyed robot147!
Destroyed robot99!
Destroyed robot36!
Destroyed robot44!
Destroyed robot192!
Destroyed robot150!
Destroyed robot153!
Destroyed robot270!
Destroyed robot251!
Destroyed robot63!
Destroyed robot241!
Destroyed robot273!
Destroyed robot144!
Destroyed robot216!
Destroyed robot86!
Destroyed robot217!
Destroyed robot109!
Destroyed robot235!
Destroyed robot145!
Destroyed robot107!
Destroyed robot173!
Destroyed robot190!
Destroyed robot33!
Destroyed robot17!
Destroyed robot123!
Destroyed robot253!
Destroyed robot221!
Destroyed robot64!
Destroyed robot224!
Destroyed robot92!
Destroyed robot127!
Destroyed robot75!
Destroyed robot250!
Destroyed robot247!
Destroyed robot76!
Destroyed robot100!
Destroyed robot31!
Destroyed robot186!
Destroyed robot208!
Destroyed robot126!
Destroyed robot267!
Destroyed robot257!
Destroyed robot38!
Destroyed robot276!
Destroyed robot73!
Destroyed robot162!
Destroyed robot198!
Destroyed robot132!
Destroyed robot172!
Destroyed robot185!
Destroyed robot2!
Destroyed robot181!
Destroyed robot52!
Destroyed robot65!
Destroyed robot124!
Destroyed robot81!
Destroyed robot85!
Destroyed robot74!
Destroyed robot265!
Destroyed robot263!
Destroyed robot129!
Destroyed robot14!
Destroyed robot8!
Destroyed robot209!
Destroyed robot275!
Destroyed robot29!
Destroyed robot0!
Destroyed robot152!
Destroyed robot16!
Destroyed robot39!
Destroyed robot128!
******* testar.sh 280  ********


*** determinar crescimento de RS em relacao 280 robos ****


Experimento numero 38


analise80.sh: line 22: ./testar.sh: Permission denied
mv: cannot stat 'logs': No such file or directory
/home/andersoney/algoritmotcc
Stage 4.3.0 [GUI disabled]
 [Loading automatic1.world][Include map.inc][Include sick.inc][Include pioneer.inc]
Destroyed robot80!
Destroyed robot147!
Destroyed robot170!
Destroyed robot150!
Destroyed robot162!
Destroyed robot228!
Destroyed robot30!
Destroyed robot87!
Destroyed robot104!
Destroyed robot259!
Destroyed robot101!
Destroyed robot73!
Destroyed robot8!
Destroyed robot0!
Destroyed robot226!
Destroyed robot223!
Destroyed robot211!
Destroyed robot53!
Destroyed robot9!
Destroyed robot161!
Destroyed robot195!
Destroyed robot151!
Destroyed robot165!
Destroyed robot59!
Destroyed robot142!
Destroyed robot98!
Destroyed robot246!
Destroyed robot69!
Destroyed robot20!
Destroyed robot119!
Destroyed robot40!
Destroyed robot96!
Destroyed robot192!
Destroyed robot199!
Destroyed robot4!
Destroyed robot222!
Destroyed robot62!
Destroyed robot114!
Destroyed robot64!
Destroyed robot207!
Destroyed robot83!
Destroyed robot263!
Destroyed robot219!
Destroyed robot128!
Destroyed robot202!
Destroyed robot91!
Destroyed robot97!
Destroyed robot48!
Destroyed robot261!
Destroyed robot153!
Destroyed robot105!
Destroyed robot168!
Destroyed robot214!
Destroyed robot46!
Destroyed robot22!
Destroyed robot243!
Destroyed robot217!
Destroyed robot245!
Destroyed robot45!
Destroyed robot240!
Destroyed robot218!
Destroyed robot66!
Destroyed robot253!
Destroyed robot144!
Destroyed robot163!
Destroyed robot130!
Destroyed robot221!
Destroyed robot236!
Destroyed robot233!
Destroyed robot89!
Destroyed robot265!
Destroyed robot84!
Destroyed robot206!
Destroyed robot135!
Destroyed robot268!
Destroyed robot12!
Destroyed robot13!
Destroyed robot100!
Destroyed robot29!
Destroyed robot193!
Destroyed robot138!
Destroyed robot108!
Destroyed robot154!
Destroyed robot249!
Destroyed robot24!
Destroyed robot21!
Destroyed robot198!
Destroyed robot49!
Destroyed robot63!
Destroyed robot126!
Destroyed robot26!
Destroyed robot208!
Destroyed robot186!
Destroyed robot37!
Destroyed robot92!
Destroyed robot43!
Destroyed robot159!
Destroyed robot257!
Destroyed robot36!
Destroyed robot74!
Destroyed robot118!
Destroyed robot143!
Destroyed robot227!
Destroyed robot75!
Destroyed robot121!
Destroyed robot254!
Destroyed robot33!
Destroyed robot145!
Destroyed robot181!
Destroyed robot179!
Destroyed robot78!
Destroyed robot77!
Destroyed robot16!
Destroyed robot18!
Destroyed robot230!
Destroyed robot15!
Destroyed robot152!
Destroyed robot242!
Destroyed robot255!
Destroyed robot220!
Destroyed robot120!
Destroyed robot157!
Destroyed robot107!
Destroyed robot70!
Destroyed robot19!
Destroyed robot173!
Destroyed robot252!
Destroyed robot71!
Destroyed robot188!
Destroyed robot35!
Destroyed robot94!
Destroyed robot2!
Destroyed robot39!
Destroyed robot125!
Destroyed robot148!
Destroyed robot28!
Destroyed robot234!
Destroyed robot67!
Destroyed robot237!
Destroyed robot201!
Destroyed robot68!
Destroyed robot196!
Destroyed robot215!
Destroyed robot25!
Destroyed robot10!
Destroyed robot113!
Destroyed robot258!
Destroyed robot41!
Destroyed robot65!
Destroyed robot178!
Destroyed robot183!
Destroyed robot58!
Destroyed robot85!
Destroyed robot247!
Destroyed robot116!
Destroyed robot194!
Destroyed robot7!
Destroyed robot81!
Destroyed robot14!
Destroyed robot267!
Destroyed robot76!
Destroyed robot6!
Destroyed robot180!
Destroyed robot250!
Destroyed robot117!
Destroyed robot51!
Destroyed robot102!
Destroyed robot271!
Destroyed robot95!
Destroyed robot146!
Destroyed robot17!
Destroyed robot189!
Destroyed robot54!
Destroyed robot244!
Destroyed robot110!
Destroyed robot134!
Destroyed robot238!
Destroyed robot191!
Destroyed robot57!
Destroyed robot248!
Destroyed robot225!
Destroyed robot3!
Destroyed robot235!
Destroyed robot47!
Destroyed robot55!
Destroyed robot167!
Destroyed robot109!
Destroyed robot111!
Destroyed robot90!
Destroyed robot177!
Destroyed robot164!
Destroyed robot122!
Destroyed robot136!
Destroyed robot79!
Destroyed robot140!
Destroyed robot56!
Destroyed robot251!
Destroyed robot187!
Destroyed robot158!
Destroyed robot127!
Destroyed robot262!
Destroyed robot203!
Destroyed robot27!
Destroyed robot141!
Destroyed robot229!
Destroyed robot149!
Destroyed robot197!
Destroyed robot82!
Destroyed robot174!
Destroyed robot99!
Destroyed robot137!
Destroyed robot279!
Destroyed robot184!
Destroyed robot172!
Destroyed robot190!
Destroyed robot278!
Destroyed robot272!
Destroyed robot31!
Destroyed robot270!
Destroyed robot169!
Destroyed robot103!
Destroyed robot50!
Destroyed robot273!
Destroyed robot276!
Destroyed robot132!
Destroyed robot210!
Destroyed robot275!
Destroyed robot182!
Destroyed robot129!
Destroyed robot232!
Destroyed robot171!
Destroyed robot204!
Destroyed robot212!
Destroyed robot256!
Destroyed robot209!
Destroyed robot139!
Destroyed robot106!
Destroyed robot269!
Destroyed robot176!
Destroyed robot124!
Destroyed robot61!
Destroyed robot38!
Destroyed robot115!
Destroyed robot166!
Destroyed robot23!
Destroyed robot200!
Destroyed robot160!
Destroyed robot86!
Destroyed robot274!
Destroyed robot11!
Destroyed robot260!
Destroyed robot224!
Destroyed robot185!
Destroyed robot32!
Destroyed robot175!
Destroyed robot123!
Destroyed robot60!
Destroyed robot112!
Destroyed robot1!
Destroyed robot131!
Destroyed robot213!
Destroyed robot133!
Destroyed robot52!
Destroyed robot5!
Destroyed robot266!
Destroyed robot277!
Destroyed robot205!
Destroyed robot156!
Destroyed robot93!
Destroyed robot216!
Destroyed robot34!
Destroyed robot239!
Destroyed robot264!
Destroyed robot72!
Destroyed robot42!
Destroyed robot241!
Destroyed robot231!
Destroyed robot88!
Destroyed robot155!
******* testar.sh 280  ********


*** determinar crescimento de RS em relacao 280 robos ****


Experimento numero 39


analise80.sh: line 22: ./testar.sh: Permission denied
mv: cannot stat 'logs': No such file or directory
/home/andersoney/algoritmotcc
Stage 4.3.0 [GUI disabled]
 [Loading automatic1.world][Include map.inc][Include sick.inc][Include pioneer.inc]
Destroyed robot232!
Destroyed robot218!
Destroyed robot253!
Destroyed robot116!
Destroyed robot12!
Destroyed robot202!
Destroyed robot25!
Destroyed robot61!
Destroyed robot179!
Destroyed robot31!
Destroyed robot113!
Destroyed robot109!
Destroyed robot5!
Destroyed robot69!
Destroyed robot34!
Destroyed robot197!
Destroyed robot92!
Destroyed robot168!
Destroyed robot94!
Destroyed robot45!
Destroyed robot149!
Destroyed robot206!
Destroyed robot241!
Destroyed robot33!
Destroyed robot222!
Destroyed robot16!
Destroyed robot7!
Destroyed robot245!
Destroyed robot28!
Destroyed robot95!
Destroyed robot129!
Destroyed robot274!
Destroyed robot97!
Destroyed robot83!
Destroyed robot47!
Destroyed robot219!
Destroyed robot81!
Destroyed robot177!
Destroyed robot196!
Destroyed robot178!
Destroyed robot1!
Destroyed robot248!
Destroyed robot41!
Destroyed robot125!
Destroyed robot98!
Destroyed robot2!
Destroyed robot20!
Destroyed robot107!
Destroyed robot213!
Destroyed robot216!
Destroyed robot90!
Destroyed robot160!
Destroyed robot195!
Destroyed robot14!
Destroyed robot229!
Destroyed robot126!
Destroyed robot22!
Destroyed robot57!
Destroyed robot270!
Destroyed robot249!
Destroyed robot244!
Destroyed robot217!
Destroyed robot191!
Destroyed robot147!
Destroyed robot112!
Destroyed robot215!
Destroyed robot85!
Destroyed robot60!
Destroyed robot135!
Destroyed robot263!
Destroyed robot154!
Destroyed robot176!
Destroyed robot220!
Destroyed robot198!
Destroyed robot214!
Destroyed robot8!
Destroyed robot210!
Destroyed robot96!
Destroyed robot252!
Destroyed robot211!
Destroyed robot233!
Destroyed robot153!
Destroyed robot127!
Destroyed robot103!
Destroyed robot49!
Destroyed robot131!
Destroyed robot158!
Destroyed robot224!
Destroyed robot66!
Destroyed robot17!
Destroyed robot18!
Destroyed robot234!
Destroyed robot186!
Destroyed robot104!
Destroyed robot261!
Destroyed robot133!
Destroyed robot184!
Destroyed robot208!
Destroyed robot212!
Destroyed robot139!
Destroyed robot62!
Destroyed robot223!
Destroyed robot102!
Destroyed robot161!
Destroyed robot272!
Destroyed robot13!
Destroyed robot122!
Destroyed robot239!
Destroyed robot39!
Destroyed robot35!
Destroyed robot157!
Destroyed robot67!
Destroyed robot73!
Destroyed robot275!
Destroyed robot251!
Destroyed robot3!
Destroyed robot48!
Destroyed robot262!
Destroyed robot183!
Destroyed robot203!
Destroyed robot182!
Destroyed robot100!
Destroyed robot192!
Destroyed robot259!
Destroyed robot19!
Destroyed robot106!
Destroyed robot136!
Destroyed robot167!
Destroyed robot24!
Destroyed robot257!
Destroyed robot209!
Destroyed robot237!
Destroyed robot42!
Destroyed robot71!
Destroyed robot74!
Destroyed robot155!
Destroyed robot204!
Destroyed robot29!
Destroyed robot0!
Destroyed robot30!
Destroyed robot110!
Destroyed robot166!
Destroyed robot111!
Destroyed robot46!
Destroyed robot38!
Destroyed robot141!
Destroyed robot114!
Destroyed robot91!
Destroyed robot264!
Destroyed robot82!
Destroyed robot101!
Destroyed robot144!
Destroyed robot273!
Destroyed robot119!
Destroyed robot164!
Destroyed robot124!
Destroyed robot151!
Destroyed robot75!
Destroyed robot59!
Destroyed robot194!
Destroyed robot134!
Destroyed robot118!
Destroyed robot165!
Destroyed robot171!
Destroyed robot256!
Destroyed robot230!
Destroyed robot99!
Destroyed robot44!
Destroyed robot156!
Destroyed robot138!
Destroyed robot120!
Destroyed robot267!
Destroyed robot64!
Destroyed robot169!
Destroyed robot9!
Destroyed robot201!
Destroyed robot200!
Destroyed robot150!
Destroyed robot146!
Destroyed robot240!
Destroyed robot36!
Destroyed robot235!
Destroyed robot187!
Destroyed robot123!
Destroyed robot278!
Destroyed robot56!
Destroyed robot236!
Destroyed robot205!
Destroyed robot68!
Destroyed robot121!
Destroyed robot188!
Destroyed robot40!
Destroyed robot108!
Destroyed robot58!
Destroyed robot255!
Destroyed robot88!
Destroyed robot27!
Destroyed robot65!
Destroyed robot148!
Destroyed robot238!
Destroyed robot86!
Destroyed robot15!
Destroyed robot79!
Destroyed robot26!
Destroyed robot207!
Destroyed robot4!
Destroyed robot55!
Destroyed robot137!
Destroyed robot152!
Destroyed robot159!
Destroyed robot180!
Destroyed robot226!
Destroyed robot6!
Destroyed robot87!
Destroyed robot32!
Destroyed robot10!
Destroyed robot276!
Destroyed robot145!
Destroyed robot193!
Destroyed robot258!
Destroyed robot189!
Destroyed robot228!
Destroyed robot115!
Destroyed robot84!
Destroyed robot247!
Destroyed robot243!
Destroyed robot11!
Destroyed robot231!
Destroyed robot70!
Destroyed robot174!
Destroyed robot53!
Destroyed robot80!
Destroyed robot78!
Destroyed robot50!
Destroyed robot268!
Destroyed robot271!
Destroyed robot254!
Destroyed robot162!
Destroyed robot250!
Destroyed robot76!
Destroyed robot175!
Destroyed robot140!
Destroyed robot130!
Destroyed robot227!
Destroyed robot279!
Destroyed robot190!
Destroyed robot128!
Destroyed robot77!
Destroyed robot225!
Destroyed robot246!
Destroyed robot172!
Destroyed robot170!
Destroyed robot266!
Destroyed robot163!
Destroyed robot21!
Destroyed robot54!
Destroyed robot132!
Destroyed robot93!
Destroyed robot173!
Destroyed robot181!
Destroyed robot89!
Destroyed robot43!
Destroyed robot199!
Destroyed robot221!
Destroyed robot269!
Destroyed robot117!
Destroyed robot265!
Destroyed robot185!
Destroyed robot72!
Destroyed robot51!
Destroyed robot105!
Destroyed robot23!
Destroyed robot142!
Destroyed robot63!
Destroyed robot37!
Destroyed robot52!
Destroyed robot277!
Destroyed robot242!
Destroyed robot260!
******* testar.sh 280  ********


*** determinar crescimento de RS em relacao 280 robos ****


Experimento numero 40


analise80.sh: line 22: ./testar.sh: Permission denied
mv: cannot stat 'logs': No such file or directory
/home/andersoney/algoritmotcc
Stage 4.3.0 [GUI disabled]
 [Loading automatic1.world][Include map.inc][Include sick.inc][Include pioneer.inc]
Destroyed robot93!
Destroyed robot260!
Destroyed robot273!
Destroyed robot163!
Destroyed robot131!
Destroyed robot236!
Destroyed robot31!
Destroyed robot36!
Destroyed robot38!
Destroyed robot78!
Destroyed robot227!
Destroyed robot137!
Destroyed robot200!
Destroyed robot169!
Destroyed robot203!
Destroyed robot102!
Destroyed robot180!
Destroyed robot228!
Destroyed robot12!
Destroyed robot21!
Destroyed robot77!
Destroyed robot104!
Destroyed robot168!
Destroyed robot242!
Destroyed robot79!
Destroyed robot15!
Destroyed robot136!
Destroyed robot209!
Destroyed robot167!
Destroyed robot154!
Destroyed robot230!
Destroyed robot22!
Destroyed robot275!
Destroyed robot55!
Destroyed robot126!
Destroyed robot276!
Destroyed robot110!
Destroyed robot120!
Destroyed robot235!
Destroyed robot220!
Destroyed robot206!
Destroyed robot238!
Destroyed robot261!
Destroyed robot241!
Destroyed robot148!
Destroyed robot68!
Destroyed robot74!
Destroyed robot64!
Destroyed robot201!
Destroyed robot123!
Destroyed robot270!
Destroyed robot41!
Destroyed robot99!
Destroyed robot18!
Destroyed robot8!
Destroyed robot244!
Destroyed robot225!
Destroyed robot44!
Destroyed robot118!
Destroyed robot30!
Destroyed robot160!
Destroyed robot1!
Destroyed robot63!
Destroyed robot259!
Destroyed robot2!
Destroyed robot114!
Destroyed robot3!
Destroyed robot73!
Destroyed robot53!
Destroyed robot69!
Destroyed robot142!
Destroyed robot43!
Destroyed robot247!
Destroyed robot0!
Destroyed robot130!
Destroyed robot157!
Destroyed robot61!
Destroyed robot49!
Destroyed robot210!
Destroyed robot198!
Destroyed robot254!
Destroyed robot158!
Destroyed robot116!
Destroyed robot149!
Destroyed robot245!
Destroyed robot216!
Destroyed robot91!
Destroyed robot199!
Destroyed robot234!
Destroyed robot9!
Destroyed robot70!
Destroyed robot191!
Destroyed robot89!
Destroyed robot202!
Destroyed robot140!
Destroyed robot115!
Destroyed robot24!
Destroyed robot213!
Destroyed robot187!
Destroyed robot86!
Destroyed robot6!
Destroyed robot222!
Destroyed robot100!
Destroyed robot129!
Destroyed robot279!
Destroyed robot87!
Destroyed robot34!
Destroyed robot253!
Destroyed robot159!
Destroyed robot231!
Destroyed robot184!
Destroyed robot212!
Destroyed robot62!
Destroyed robot223!
Destroyed robot153!
Destroyed robot54!
Destroyed robot215!
Destroyed robot208!
Destroyed robot20!
Destroyed robot214!
Destroyed robot262!
Destroyed robot165!
Destroyed robot204!
Destroyed robot173!
Destroyed robot269!
Destroyed robot92!
Destroyed robot58!
Destroyed robot117!
Destroyed robot265!
Destroyed robot7!
Destroyed robot5!
Destroyed robot90!
Destroyed robot66!
Destroyed robot197!
Destroyed robot51!
Destroyed robot95!
Destroyed robot251!
Destroyed robot150!
Destroyed robot257!
Destroyed robot46!
Destroyed robot194!
Destroyed robot10!
Destroyed robot113!
Destroyed robot207!
Destroyed robot65!
Destroyed robot277!
Destroyed robot195!
Destroyed robot155!
Destroyed robot183!
Destroyed robot211!
Destroyed robot139!
Destroyed robot47!
Destroyed robot174!
Destroyed robot48!
Destroyed robot45!
Destroyed robot32!
Destroyed robot152!
Destroyed robot240!
Destroyed robot239!
Destroyed robot35!
Destroyed robot226!
Destroyed robot147!
Destroyed robot107!
Destroyed robot135!
Destroyed robot161!
Destroyed robot176!
Destroyed robot182!
Destroyed robot4!
Destroyed robot217!
Destroyed robot88!
Destroyed robot186!
Destroyed robot37!
Destroyed robot101!
Destroyed robot188!
Destroyed robot28!
Destroyed robot83!
Destroyed robot56!
Destroyed robot52!
Destroyed robot40!
Destroyed robot71!
Destroyed robot246!
Destroyed robot27!
Destroyed robot11!
Destroyed robot85!
Destroyed robot82!
Destroyed robot17!
Destroyed robot105!
Destroyed robot145!
Destroyed robot278!
Destroyed robot178!
Destroyed robot250!
Destroyed robot50!
Destroyed robot172!
Destroyed robot179!
Destroyed robot144!
Destroyed robot103!
Destroyed robot143!
Destroyed robot224!
Destroyed robot60!
Destroyed robot14!
Destroyed robot109!
Destroyed robot138!
Destroyed robot57!
Destroyed robot263!
Destroyed robot193!
Destroyed robot256!
Destroyed robot229!
Destroyed robot29!
Destroyed robot98!
Destroyed robot96!
Destroyed robot151!
Destroyed robot16!
Destroyed robot267!
Destroyed robot23!
Destroyed robot164!
Destroyed robot76!
Destroyed robot177!
Destroyed robot218!
Destroyed robot72!
Destroyed robot134!
Destroyed robot13!
Destroyed robot84!
Destroyed robot127!
Destroyed robot125!
Destroyed robot112!
Destroyed robot185!
Destroyed robot132!
Destroyed robot119!
Destroyed robot233!
Destroyed robot156!
Destroyed robot19!
Destroyed robot258!
Destroyed robot252!
Destroyed robot192!
Destroyed robot67!
Destroyed robot111!
Destroyed robot274!
Destroyed robot39!
Destroyed robot232!
Destroyed robot181!
Destroyed robot166!
Destroyed robot128!
Destroyed robot97!
Destroyed robot264!
Destroyed robot108!
Destroyed robot26!
Destroyed robot124!
Destroyed robot25!
Destroyed robot268!
Destroyed robot133!
Destroyed robot243!
Destroyed robot221!
Destroyed robot170!
Destroyed robot75!
Destroyed robot141!
Destroyed robot81!
Destroyed robot80!
Destroyed robot205!
Destroyed robot189!
Destroyed robot272!
Destroyed robot175!
Destroyed robot59!
Destroyed robot122!
Destroyed robot248!
Destroyed robot219!
Destroyed robot94!
Destroyed robot196!
Destroyed robot146!
Destroyed robot121!
Destroyed robot271!
Destroyed robot249!
Destroyed robot171!
Destroyed robot106!
Destroyed robot237!
Destroyed robot266!
Destroyed robot190!
Destroyed robot33!
Destroyed robot42!
Destroyed robot255!
******* testar.sh 380  ********
analise80.sh: line 22: ./testar.sh: Permission denied


*** determinar crescimento de RS em relacao 380 robos ****


Experimento numero 1


mv: cannot stat 'logs': No such file or directory
/home/andersoney/algoritmotcc
