nohup: ignoring input
make: Nothing to be done for 'run'.
******* testar.sh 260  ********
analise60.sh: line 22: ./testar.sh: Permission denied


*** determinar crescimento de RS em relacao 260 robos ****


Experimento numero 1


mv: cannot stat 'logs': No such file or directory
/home/andersoney/algoritmotcc
Stage 4.3.0 [GUI disabled]
 [Loading automatic1.world][Include map.inc][Include sick.inc][Include pioneer.inc]
Destroyed robot143!
Destroyed robot72!
Destroyed robot122!
Destroyed robot13!
Destroyed robot74!
Destroyed robot110!
Destroyed robot128!
Destroyed robot137!
Destroyed robot245!
Destroyed robot24!
Destroyed robot226!
Destroyed robot167!
Destroyed robot208!
Destroyed robot92!
Destroyed robot38!
Destroyed robot99!
Destroyed robot25!
Destroyed robot239!
Destroyed robot57!
Destroyed robot177!
Destroyed robot5!
Destroyed robot153!
Destroyed robot123!
Destroyed robot160!
Destroyed robot166!
Destroyed robot207!
Destroyed robot50!
Destroyed robot31!
Destroyed robot148!
Destroyed robot85!
Destroyed robot140!
Destroyed robot61!
Destroyed robot237!
Destroyed robot46!
Destroyed robot205!
Destroyed robot190!
Destroyed robot247!
Destroyed robot223!
Destroyed robot219!
Destroyed robot52!
Destroyed robot106!
Destroyed robot136!
Destroyed robot213!
Destroyed robot149!
Destroyed robot114!
Destroyed robot69!
Destroyed robot191!
Destroyed robot84!
Destroyed robot258!
Destroyed robot155!
Destroyed robot90!
Destroyed robot253!
Destroyed robot59!
Destroyed robot75!
Destroyed robot195!
Destroyed robot26!
Destroyed robot105!
Destroyed robot126!
Destroyed robot171!
Destroyed robot227!
Destroyed robot225!
Destroyed robot259!
Destroyed robot91!
Destroyed robot180!
Destroyed robot65!
Destroyed robot93!
Destroyed robot236!
Destroyed robot234!
Destroyed robot67!
Destroyed robot113!
Destroyed robot111!
Destroyed robot196!
Destroyed robot45!
Destroyed robot15!
Destroyed robot159!
Destroyed robot7!
Destroyed robot39!
Destroyed robot51!
Destroyed robot203!
Destroyed robot220!
Destroyed robot181!
Destroyed robot71!
Destroyed robot103!
Destroyed robot14!
Destroyed robot216!
Destroyed robot250!
Destroyed robot186!
Destroyed robot29!
Destroyed robot89!
Destroyed robot145!
Destroyed robot68!
Destroyed robot211!
Destroyed robot20!
Destroyed robot2!
Destroyed robot161!
Destroyed robot254!
Destroyed robot183!
Destroyed robot124!
Destroyed robot173!
Destroyed robot4!
Destroyed robot174!
Destroyed robot169!
Destroyed robot142!
Destroyed robot232!
Destroyed robot41!
Destroyed robot109!
Destroyed robot42!
Destroyed robot18!
Destroyed robot156!
Destroyed robot242!
Destroyed robot241!
Destroyed robot249!
Destroyed robot154!
Destroyed robot80!
Destroyed robot209!
Destroyed robot66!
Destroyed robot30!
Destroyed robot11!
Destroyed robot134!
Destroyed robot56!
Destroyed robot96!
Destroyed robot98!
Destroyed robot62!
Destroyed robot194!
Destroyed robot58!
Destroyed robot130!
Destroyed robot1!
Destroyed robot83!
Destroyed robot251!
Destroyed robot88!
Destroyed robot102!
Destroyed robot162!
Destroyed robot78!
Destroyed robot131!
Destroyed robot34!
Destroyed robot40!
Destroyed robot152!
Destroyed robot16!
Destroyed robot187!
Destroyed robot202!
Destroyed robot22!
Destroyed robot164!
Destroyed robot125!
Destroyed robot12!
Destroyed robot238!
Destroyed robot165!
Destroyed robot179!
Destroyed robot120!
Destroyed robot200!
Destroyed robot182!
Destroyed robot189!
Destroyed robot178!
Destroyed robot33!
Destroyed robot176!
Destroyed robot246!
Destroyed robot228!
Destroyed robot215!
Destroyed robot248!
Destroyed robot127!
Destroyed robot8!
Destroyed robot77!
Destroyed robot94!
Destroyed robot47!
Destroyed robot221!
Destroyed robot116!
Destroyed robot170!
Destroyed robot175!
Destroyed robot188!
Destroyed robot184!
Destroyed robot60!
Destroyed robot163!
Destroyed robot44!
Destroyed robot133!
Destroyed robot82!
Destroyed robot97!
Destroyed robot147!
Destroyed robot53!
Destroyed robot81!
Destroyed robot141!
Destroyed robot21!
Destroyed robot138!
Destroyed robot206!
Destroyed robot76!
Destroyed robot244!
Destroyed robot231!
Destroyed robot168!
Destroyed robot10!
Destroyed robot117!
Destroyed robot229!
Destroyed robot79!
Destroyed robot43!
Destroyed robot37!
Destroyed robot19!
Destroyed robot55!
Destroyed robot107!
Destroyed robot108!
Destroyed robot230!
Destroyed robot0!
Destroyed robot118!
Destroyed robot157!
Destroyed robot204!
Destroyed robot70!
Destroyed robot151!
Destroyed robot95!
Destroyed robot132!
Destroyed robot212!
Destroyed robot214!
Destroyed robot218!
Destroyed robot144!
Destroyed robot240!
Destroyed robot27!
Destroyed robot139!
Destroyed robot64!
Destroyed robot198!
Destroyed robot201!
Destroyed robot35!
Destroyed robot28!
Destroyed robot192!
Destroyed robot104!
Destroyed robot199!
Destroyed robot3!
Destroyed robot243!
Destroyed robot257!
Destroyed robot233!
Destroyed robot193!
Destroyed robot252!
Destroyed robot172!
Destroyed robot49!
Destroyed robot101!
Destroyed robot48!
Destroyed robot146!
Destroyed robot112!
Destroyed robot119!
Destroyed robot17!
Destroyed robot217!
Destroyed robot224!
Destroyed robot150!
Destroyed robot9!
Destroyed robot121!
Destroyed robot135!
Destroyed robot222!
Destroyed robot86!
Destroyed robot129!
Destroyed robot63!
Destroyed robot54!
Destroyed robot6!
Destroyed robot23!
Destroyed robot210!
Destroyed robot185!
Destroyed robot255!
Destroyed robot256!
Destroyed robot73!
Destroyed robot235!
Destroyed robot36!
Destroyed robot197!
Destroyed robot158!
Destroyed robot32!
Destroyed robot100!
Destroyed robot87!
******* testar.sh 260  ********


*** determinar crescimento de RS em relacao 260 robos ****


Experimento numero 2


analise60.sh: line 22: ./testar.sh: Permission denied
mv: cannot stat 'logs': No such file or directory
/home/andersoney/algoritmotcc
Stage 4.3.0 [GUI disabled]
 [Loading automatic1.world][Include map.inc][Include sick.inc][Include pioneer.inc]
Destroyed robot89!
Destroyed robot86!
Destroyed robot177!
Destroyed robot120!
Destroyed robot6!
Destroyed robot56!
Destroyed robot3!
Destroyed robot119!
Destroyed robot213!
Destroyed robot104!
Destroyed robot161!
Destroyed robot215!
Destroyed robot186!
Destroyed robot174!
Destroyed robot170!
Destroyed robot84!
Destroyed robot239!
Destroyed robot51!
Destroyed robot61!
Destroyed robot33!
Destroyed robot141!
Destroyed robot145!
Destroyed robot96!
Destroyed robot184!
Destroyed robot81!
Destroyed robot150!
Destroyed robot205!
Destroyed robot50!
Destroyed robot12!
Destroyed robot155!
Destroyed robot158!
Destroyed robot197!
Destroyed robot88!
Destroyed robot169!
Destroyed robot87!
Destroyed robot59!
Destroyed robot75!
Destroyed robot231!
Destroyed robot240!
Destroyed robot179!
Destroyed robot146!
Destroyed robot189!
Destroyed robot60!
Destroyed robot113!
Destroyed robot109!
Destroyed robot22!
Destroyed robot121!
Destroyed robot40!
Destroyed robot234!
Destroyed robot190!
Destroyed robot116!
Destroyed robot38!
Destroyed robot228!
Destroyed robot72!
Destroyed robot23!
Destroyed robot47!
Destroyed robot107!
Destroyed robot175!
Destroyed robot10!
Destroyed robot191!
Destroyed robot37!
Destroyed robot5!
Destroyed robot159!
Destroyed robot17!
Destroyed robot230!
Destroyed robot242!
Destroyed robot254!
Destroyed robot26!
Destroyed robot243!
Destroyed robot152!
Destroyed robot143!
Destroyed robot183!
Destroyed robot36!
Destroyed robot105!
Destroyed robot108!
Destroyed robot249!
Destroyed robot259!
Destroyed robot256!
Destroyed robot103!
Destroyed robot19!
Destroyed robot127!
Destroyed robot64!
Destroyed robot199!
Destroyed robot65!
Destroyed robot98!
Destroyed robot131!
Destroyed robot77!
Destroyed robot122!
Destroyed robot53!
Destroyed robot181!
Destroyed robot48!
Destroyed robot46!
Destroyed robot154!
Destroyed robot118!
Destroyed robot79!
Destroyed robot138!
Destroyed robot194!
Destroyed robot137!
Destroyed robot201!
Destroyed robot73!
Destroyed robot39!
Destroyed robot182!
Destroyed robot117!
Destroyed robot136!
Destroyed robot20!
Destroyed robot140!
Destroyed robot90!
Destroyed robot0!
Destroyed robot66!
Destroyed robot129!
Destroyed robot227!
Destroyed robot25!
Destroyed robot160!
Destroyed robot106!
Destroyed robot204!
Destroyed robot74!
Destroyed robot31!
Destroyed robot35!
Destroyed robot128!
Destroyed robot52!
Destroyed robot49!
Destroyed robot111!
Destroyed robot236!
Destroyed robot115!
Destroyed robot76!
Destroyed robot28!
Destroyed robot132!
Destroyed robot253!
Destroyed robot163!
Destroyed robot92!
Destroyed robot91!
Destroyed robot203!
Destroyed robot67!
Destroyed robot248!
Destroyed robot255!
Destroyed robot1!
Destroyed robot130!
Destroyed robot246!
Destroyed robot102!
Destroyed robot62!
Destroyed robot124!
Destroyed robot114!
Destroyed robot97!
Destroyed robot241!
Destroyed robot110!
Destroyed robot16!
Destroyed robot219!
Destroyed robot29!
Destroyed robot82!
Destroyed robot41!
Destroyed robot198!
Destroyed robot125!
Destroyed robot134!
Destroyed robot149!
Destroyed robot247!
Destroyed robot21!
Destroyed robot68!
Destroyed robot193!
Destroyed robot30!
Destroyed robot222!
Destroyed robot214!
Destroyed robot187!
Destroyed robot218!
Destroyed robot237!
Destroyed robot252!
Destroyed robot195!
Destroyed robot126!
Destroyed robot172!
Destroyed robot95!
Destroyed robot70!
Destroyed robot24!
Destroyed robot168!
Destroyed robot34!
Destroyed robot4!
Destroyed robot147!
Destroyed robot162!
Destroyed robot233!
Destroyed robot188!
Destroyed robot258!
Destroyed robot216!
Destroyed robot245!
Destroyed robot180!
Destroyed robot229!
Destroyed robot171!
Destroyed robot185!
Destroyed robot83!
Destroyed robot167!
Destroyed robot54!
Destroyed robot139!
Destroyed robot2!
Destroyed robot44!
Destroyed robot226!
Destroyed robot42!
Destroyed robot217!
Destroyed robot166!
Destroyed robot55!
Destroyed robot45!
Destroyed robot27!
Destroyed robot123!
Destroyed robot14!
Destroyed robot7!
Destroyed robot232!
Destroyed robot112!
Destroyed robot206!
Destroyed robot135!
Destroyed robot157!
Destroyed robot15!
Destroyed robot63!
Destroyed robot200!
Destroyed robot148!
Destroyed robot202!
Destroyed robot9!
Destroyed robot99!
Destroyed robot80!
Destroyed robot178!
Destroyed robot235!
Destroyed robot58!
Destroyed robot207!
Destroyed robot196!
Destroyed robot93!
Destroyed robot173!
Destroyed robot224!
Destroyed robot142!
Destroyed robot220!
Destroyed robot221!
Destroyed robot238!
Destroyed robot57!
Destroyed robot13!
Destroyed robot210!
Destroyed robot144!
Destroyed robot212!
Destroyed robot71!
Destroyed robot208!
Destroyed robot43!
Destroyed robot251!
Destroyed robot176!
Destroyed robot225!
Destroyed robot69!
Destroyed robot209!
Destroyed robot18!
Destroyed robot101!
Destroyed robot211!
Destroyed robot192!
Destroyed robot156!
Destroyed robot164!
Destroyed robot223!
Destroyed robot94!
Destroyed robot100!
Destroyed robot78!
Destroyed robot165!
Destroyed robot151!
Destroyed robot85!
Destroyed robot244!
Destroyed robot32!
Destroyed robot250!
Destroyed robot257!
Destroyed robot133!
Destroyed robot8!
Destroyed robot11!
******* testar.sh 260  ********


*** determinar crescimento de RS em relacao 260 robos ****


Experimento numero 3


analise60.sh: line 22: ./testar.sh: Permission denied
mv: cannot stat 'logs': No such file or directory
/home/andersoney/algoritmotcc
Stage 4.3.0 [GUI disabled]
 [Loading automatic1.world][Include map.inc][Include sick.inc][Include pioneer.inc]
Destroyed robot246!
Destroyed robot19!
Destroyed robot139!
Destroyed robot62!
Destroyed robot140!
Destroyed robot58!
Destroyed robot44!
Destroyed robot0!
Destroyed robot241!
Destroyed robot10!
Destroyed robot169!
Destroyed robot36!
Destroyed robot45!
Destroyed robot234!
Destroyed robot56!
Destroyed robot207!
Destroyed robot129!
Destroyed robot122!
Destroyed robot60!
Destroyed robot233!
Destroyed robot78!
Destroyed robot30!
Destroyed robot11!
Destroyed robot61!
Destroyed robot91!
Destroyed robot166!
Destroyed robot57!
Destroyed robot191!
Destroyed robot116!
Destroyed robot123!
Destroyed robot28!
Destroyed robot64!
Destroyed robot194!
Destroyed robot157!
Destroyed robot72!
Destroyed robot248!
Destroyed robot249!
Destroyed robot68!
Destroyed robot63!
Destroyed robot198!
Destroyed robot247!
Destroyed robot87!
Destroyed robot228!
Destroyed robot227!
Destroyed robot65!
Destroyed robot115!
Destroyed robot171!
Destroyed robot217!
Destroyed robot92!
Destroyed robot255!
Destroyed robot192!
Destroyed robot253!
Destroyed robot127!
Destroyed robot180!
Destroyed robot256!
Destroyed robot137!
Destroyed robot252!
Destroyed robot167!
Destroyed robot183!
Destroyed robot235!
Destroyed robot106!
Destroyed robot200!
Destroyed robot142!
Destroyed robot16!
Destroyed robot4!
Destroyed robot238!
Destroyed robot199!
Destroyed robot7!
Destroyed robot175!
Destroyed robot130!
Destroyed robot54!
Destroyed robot97!
Destroyed robot82!
Destroyed robot112!
Destroyed robot42!
Destroyed robot225!
Destroyed robot80!
Destroyed robot230!
Destroyed robot20!
Destroyed robot85!
Destroyed robot257!
Destroyed robot223!
Destroyed robot144!
Destroyed robot12!
Destroyed robot31!
Destroyed robot18!
Destroyed robot37!
Destroyed robot151!
Destroyed robot59!
Destroyed robot108!
Destroyed robot201!
Destroyed robot259!
Destroyed robot15!
Destroyed robot120!
Destroyed robot203!
Destroyed robot221!
Destroyed robot25!
Destroyed robot165!
Destroyed robot138!
Destroyed robot49!
Destroyed robot74!
Destroyed robot8!
Destroyed robot174!
Destroyed robot67!
Destroyed robot107!
Destroyed robot213!
Destroyed robot95!
Destroyed robot94!
Destroyed robot69!
Destroyed robot55!
Destroyed robot39!
Destroyed robot145!
Destroyed robot131!
Destroyed robot136!
Destroyed robot202!
Destroyed robot197!
Destroyed robot153!
Destroyed robot27!
Destroyed robot155!
Destroyed robot53!
Destroyed robot5!
Destroyed robot71!
Destroyed robot218!
Destroyed robot208!
Destroyed robot222!
Destroyed robot168!
Destroyed robot102!
Destroyed robot3!
Destroyed robot52!
Destroyed robot205!
Destroyed robot134!
Destroyed robot99!
Destroyed robot111!
Destroyed robot149!
Destroyed robot195!
Destroyed robot126!
Destroyed robot103!
Destroyed robot6!
Destroyed robot178!
Destroyed robot161!
Destroyed robot141!
Destroyed robot29!
Destroyed robot164!
Destroyed robot135!
Destroyed robot34!
Destroyed robot212!
Destroyed robot148!
Destroyed robot173!
Destroyed robot133!
Destroyed robot182!
Destroyed robot40!
Destroyed robot190!
Destroyed robot196!
Destroyed robot219!
Destroyed robot176!
Destroyed robot220!
Destroyed robot209!
Destroyed robot152!
Destroyed robot90!
Destroyed robot50!
Destroyed robot26!
Destroyed robot224!
Destroyed robot146!
Destroyed robot119!
Destroyed robot177!
Destroyed robot245!
Destroyed robot9!
Destroyed robot100!
Destroyed robot70!
Destroyed robot96!
Destroyed robot35!
Destroyed robot86!
Destroyed robot84!
Destroyed robot185!
Destroyed robot186!
Destroyed robot81!
Destroyed robot229!
Destroyed robot117!
Destroyed robot188!
Destroyed robot210!
Destroyed robot216!
Destroyed robot232!
Destroyed robot73!
Destroyed robot162!
Destroyed robot33!
Destroyed robot150!
Destroyed robot105!
Destroyed robot121!
Destroyed robot189!
Destroyed robot160!
Destroyed robot143!
Destroyed robot156!
Destroyed robot236!
Destroyed robot101!
Destroyed robot128!
Destroyed robot1!
Destroyed robot132!
Destroyed robot114!
Destroyed robot38!
Destroyed robot66!
Destroyed robot41!
Destroyed robot193!
Destroyed robot158!
Destroyed robot206!
Destroyed robot170!
Destroyed robot22!
Destroyed robot88!
Destroyed robot13!
Destroyed robot226!
Destroyed robot24!
Destroyed robot215!
Destroyed robot110!
Destroyed robot113!
Destroyed robot125!
Destroyed robot154!
Destroyed robot77!
Destroyed robot239!
Destroyed robot172!
Destroyed robot251!
Destroyed robot254!
Destroyed robot244!
Destroyed robot21!
Destroyed robot47!
Destroyed robot204!
Destroyed robot237!
Destroyed robot231!
Destroyed robot258!
Destroyed robot32!
Destroyed robot240!
Destroyed robot147!
Destroyed robot93!
Destroyed robot76!
Destroyed robot184!
Destroyed robot181!
Destroyed robot124!
Destroyed robot46!
Destroyed robot23!
Destroyed robot98!
Destroyed robot214!
Destroyed robot48!
Destroyed robot118!
Destroyed robot14!
Destroyed robot2!
Destroyed robot179!
Destroyed robot211!
Destroyed robot242!
Destroyed robot109!
Destroyed robot104!
Destroyed robot79!
Destroyed robot250!
Destroyed robot243!
Destroyed robot159!
Destroyed robot43!
Destroyed robot83!
Destroyed robot17!
Destroyed robot187!
Destroyed robot163!
Destroyed robot89!
Destroyed robot51!
******* testar.sh 260  ********


*** determinar crescimento de RS em relacao 260 robos ****


Experimento numero 4


analise60.sh: line 22: ./testar.sh: Permission denied
mv: cannot stat 'logs': No such file or directory
/home/andersoney/algoritmotcc
Stage 4.3.0 [GUI disabled]
 [Loading automatic1.world][Include map.inc][Include sick.inc][Include pioneer.inc]
Destroyed robot65!
Destroyed robot218!
Destroyed robot105!
Destroyed robot67!
Destroyed robot160!
Destroyed robot180!
Destroyed robot103!
Destroyed robot98!
Destroyed robot130!
Destroyed robot146!
Destroyed robot242!
Destroyed robot125!
Destroyed robot58!
Destroyed robot75!
Destroyed robot128!
Destroyed robot90!
Destroyed robot208!
Destroyed robot100!
Destroyed robot86!
Destroyed robot223!
Destroyed robot35!
Destroyed robot6!
Destroyed robot217!
Destroyed robot2!
Destroyed robot76!
Destroyed robot164!
Destroyed robot238!
Destroyed robot156!
Destroyed robot63!
Destroyed robot109!
Destroyed robot177!
Destroyed robot221!
Destroyed robot196!
Destroyed robot179!
Destroyed robot165!
Destroyed robot55!
Destroyed robot215!
Destroyed robot126!
Destroyed robot195!
Destroyed robot154!
Destroyed robot233!
Destroyed robot77!
Destroyed robot134!
Destroyed robot243!
Destroyed robot138!
Destroyed robot113!
Destroyed robot198!
Destroyed robot245!
Destroyed robot59!
Destroyed robot13!
Destroyed robot24!
Destroyed robot203!
Destroyed robot172!
Destroyed robot43!
Destroyed robot152!
Destroyed robot53!
Destroyed robot26!
Destroyed robot252!
Destroyed robot175!
Destroyed robot127!
Destroyed robot158!
Destroyed robot48!
Destroyed robot250!
Destroyed robot66!
Destroyed robot214!
Destroyed robot60!
Destroyed robot224!
Destroyed robot182!
Destroyed robot70!
Destroyed robot229!
Destroyed robot5!
Destroyed robot84!
Destroyed robot257!
Destroyed robot140!
Destroyed robot186!
Destroyed robot118!
Destroyed robot131!
Destroyed robot197!
Destroyed robot31!
Destroyed robot202!
Destroyed robot241!
Destroyed robot157!
Destroyed robot176!
Destroyed robot117!
Destroyed robot56!
Destroyed robot204!
Destroyed robot148!
Destroyed robot42!
Destroyed robot145!
Destroyed robot74!
Destroyed robot222!
Destroyed robot150!
Destroyed robot226!
Destroyed robot0!
Destroyed robot114!
Destroyed robot102!
Destroyed robot37!
Destroyed robot141!
Destroyed robot123!
Destroyed robot30!
Destroyed robot57!
Destroyed robot17!
Destroyed robot72!
Destroyed robot68!
Destroyed robot1!
Destroyed robot153!
Destroyed robot151!
Destroyed robot11!
Destroyed robot101!
Destroyed robot96!
Destroyed robot162!
Destroyed robot254!
Destroyed robot227!
Destroyed robot7!
Destroyed robot8!
Destroyed robot21!
Destroyed robot212!
Destroyed robot207!
Destroyed robot129!
Destroyed robot3!
Destroyed robot136!
Destroyed robot259!
Destroyed robot190!
Destroyed robot240!
Destroyed robot15!
Destroyed robot199!
Destroyed robot12!
Destroyed robot206!
Destroyed robot173!
Destroyed robot69!
Destroyed robot82!
Destroyed robot106!
Destroyed robot51!
Destroyed robot256!
Destroyed robot108!
Destroyed robot87!
Destroyed robot34!
Destroyed robot174!
Destroyed robot39!
Destroyed robot246!
Destroyed robot22!
Destroyed robot216!
Destroyed robot167!
Destroyed robot249!
Destroyed robot161!
Destroyed robot253!
Destroyed robot159!
Destroyed robot121!
Destroyed robot81!
Destroyed robot41!
Destroyed robot46!
Destroyed robot258!
Destroyed robot147!
Destroyed robot142!
Destroyed robot184!
Destroyed robot16!
Destroyed robot244!
Destroyed robot92!
Destroyed robot27!
Destroyed robot38!
Destroyed robot78!
Destroyed robot211!
Destroyed robot54!
Destroyed robot230!
Destroyed robot116!
Destroyed robot135!
Destroyed robot194!
Destroyed robot73!
Destroyed robot36!
Destroyed robot169!
Destroyed robot210!
Destroyed robot93!
Destroyed robot236!
Destroyed robot219!
Destroyed robot200!
Destroyed robot239!
Destroyed robot115!
Destroyed robot91!
Destroyed robot149!
Destroyed robot32!
Destroyed robot163!
Destroyed robot33!
Destroyed robot234!
Destroyed robot248!
Destroyed robot83!
Destroyed robot205!
Destroyed robot79!
Destroyed robot85!
Destroyed robot47!
Destroyed robot14!
Destroyed robot40!
Destroyed robot52!
Destroyed robot137!
Destroyed robot94!
Destroyed robot166!
Destroyed robot64!
Destroyed robot19!
Destroyed robot104!
Destroyed robot143!
Destroyed robot71!
Destroyed robot255!
Destroyed robot188!
Destroyed robot201!
Destroyed robot178!
Destroyed robot61!
Destroyed robot225!
Destroyed robot120!
Destroyed robot18!
Destroyed robot168!
Destroyed robot10!
Destroyed robot88!
Destroyed robot45!
Destroyed robot155!
Destroyed robot50!
Destroyed robot62!
Destroyed robot189!
Destroyed robot99!
Destroyed robot20!
Destroyed robot144!
Destroyed robot107!
Destroyed robot213!
Destroyed robot97!
Destroyed robot80!
Destroyed robot191!
Destroyed robot23!
Destroyed robot185!
Destroyed robot209!
Destroyed robot193!
Destroyed robot119!
Destroyed robot29!
Destroyed robot228!
Destroyed robot112!
Destroyed robot4!
Destroyed robot235!
Destroyed robot220!
Destroyed robot251!
Destroyed robot25!
Destroyed robot89!
Destroyed robot247!
Destroyed robot122!
Destroyed robot232!
Destroyed robot49!
Destroyed robot231!
Destroyed robot237!
Destroyed robot170!
Destroyed robot9!
Destroyed robot139!
Destroyed robot181!
Destroyed robot28!
Destroyed robot171!
Destroyed robot183!
Destroyed robot44!
Destroyed robot124!
Destroyed robot192!
Destroyed robot95!
Destroyed robot111!
Destroyed robot110!
Destroyed robot132!
Destroyed robot133!
******* testar.sh 260  ********


*** determinar crescimento de RS em relacao 260 robos ****


Experimento numero 5


analise60.sh: line 22: ./testar.sh: Permission denied
mv: cannot stat 'logs': No such file or directory
/home/andersoney/algoritmotcc
Stage 4.3.0 [GUI disabled]
 [Loading automatic1.world][Include map.inc][Include sick.inc][Include pioneer.inc]
Destroyed robot167!
Destroyed robot120!
Destroyed robot105!
Destroyed robot45!
Destroyed robot200!
Destroyed robot189!
Destroyed robot10!
Destroyed robot244!
Destroyed robot101!
Destroyed robot134!
Destroyed robot107!
Destroyed robot241!
Destroyed robot3!
Destroyed robot19!
Destroyed robot169!
Destroyed robot258!
Destroyed robot98!
Destroyed robot163!
Destroyed robot13!
Destroyed robot11!
Destroyed robot96!
Destroyed robot198!
Destroyed robot89!
Destroyed robot108!
Destroyed robot114!
Destroyed robot220!
Destroyed robot251!
Destroyed robot131!
Destroyed robot184!
Destroyed robot221!
Destroyed robot14!
Destroyed robot74!
Destroyed robot183!
Destroyed robot33!
Destroyed robot37!
Destroyed robot39!
Destroyed robot90!
Destroyed robot53!
Destroyed robot213!
Destroyed robot229!
Destroyed robot253!
Destroyed robot137!
Destroyed robot49!
Destroyed robot242!
Destroyed robot224!
Destroyed robot222!
Destroyed robot16!
Destroyed robot29!
Destroyed robot122!
Destroyed robot226!
Destroyed robot227!
Destroyed robot34!
Destroyed robot206!
Destroyed robot40!
Destroyed robot175!
Destroyed robot176!
Destroyed robot191!
Destroyed robot118!
Destroyed robot218!
Destroyed robot54!
Destroyed robot236!
Destroyed robot24!
Destroyed robot124!
Destroyed robot129!
Destroyed robot44!
Destroyed robot194!
Destroyed robot30!
Destroyed robot117!
Destroyed robot68!
Destroyed robot77!
Destroyed robot178!
Destroyed robot150!
Destroyed robot62!
Destroyed robot91!
Destroyed robot93!
Destroyed robot63!
Destroyed robot238!
Destroyed robot116!
Destroyed robot160!
Destroyed robot166!
Destroyed robot154!
Destroyed robot32!
Destroyed robot22!
Destroyed robot121!
Destroyed robot201!
Destroyed robot205!
Destroyed robot84!
Destroyed robot70!
Destroyed robot209!
Destroyed robot9!
Destroyed robot232!
Destroyed robot46!
Destroyed robot140!
Destroyed robot216!
Destroyed robot211!
Destroyed robot71!
Destroyed robot97!
Destroyed robot38!
Destroyed robot148!
Destroyed robot80!
Destroyed robot239!
Destroyed robot186!
Destroyed robot139!
Destroyed robot195!
Destroyed robot17!
Destroyed robot217!
Destroyed robot180!
Destroyed robot255!
Destroyed robot252!
Destroyed robot179!
Destroyed robot5!
Destroyed robot155!
Destroyed robot132!
Destroyed robot56!
Destroyed robot193!
Destroyed robot246!
Destroyed robot72!
Destroyed robot152!
Destroyed robot78!
Destroyed robot55!
Destroyed robot135!
Destroyed robot115!
Destroyed robot237!
Destroyed robot58!
Destroyed robot149!
Destroyed robot190!
Destroyed robot171!
Destroyed robot182!
Destroyed robot6!
Destroyed robot177!
Destroyed robot43!
Destroyed robot197!
Destroyed robot2!
Destroyed robot95!
Destroyed robot188!
Destroyed robot59!
Destroyed robot243!
Destroyed robot0!
Destroyed robot214!
Destroyed robot144!
Destroyed robot57!
Destroyed robot133!
Destroyed robot110!
Destroyed robot172!
Destroyed robot51!
Destroyed robot187!
Destroyed robot106!
Destroyed robot153!
Destroyed robot223!
Destroyed robot61!
Destroyed robot102!
Destroyed robot112!
Destroyed robot36!
Destroyed robot196!
Destroyed robot15!
Destroyed robot64!
Destroyed robot60!
Destroyed robot86!
Destroyed robot82!
Destroyed robot199!
Destroyed robot123!
Destroyed robot215!
Destroyed robot230!
Destroyed robot52!
Destroyed robot75!
Destroyed robot249!
Destroyed robot1!
Destroyed robot28!
Destroyed robot248!
Destroyed robot12!
Destroyed robot162!
Destroyed robot27!
Destroyed robot138!
Destroyed robot92!
Destroyed robot225!
Destroyed robot185!
Destroyed robot142!
Destroyed robot173!
Destroyed robot85!
Destroyed robot156!
Destroyed robot119!
Destroyed robot125!
Destroyed robot50!
Destroyed robot151!
Destroyed robot208!
Destroyed robot8!
Destroyed robot181!
Destroyed robot41!
Destroyed robot202!
Destroyed robot170!
Destroyed robot192!
Destroyed robot143!
Destroyed robot207!
Destroyed robot212!
Destroyed robot73!
Destroyed robot165!
Destroyed robot159!
Destroyed robot35!
Destroyed robot128!
Destroyed robot113!
Destroyed robot231!
Destroyed robot146!
Destroyed robot233!
Destroyed robot7!
Destroyed robot147!
Destroyed robot219!
Destroyed robot103!
Destroyed robot168!
Destroyed robot164!
Destroyed robot31!
Destroyed robot23!
Destroyed robot69!
Destroyed robot145!
Destroyed robot259!
Destroyed robot111!
Destroyed robot161!
Destroyed robot247!
Destroyed robot136!
Destroyed robot20!
Destroyed robot158!
Destroyed robot18!
Destroyed robot254!
Destroyed robot94!
Destroyed robot250!
Destroyed robot21!
Destroyed robot256!
Destroyed robot79!
Destroyed robot25!
Destroyed robot257!
Destroyed robot126!
Destroyed robot235!
Destroyed robot174!
Destroyed robot4!
Destroyed robot228!
Destroyed robot48!
Destroyed robot42!
Destroyed robot210!
Destroyed robot81!
Destroyed robot100!
Destroyed robot109!
Destroyed robot76!
Destroyed robot104!
Destroyed robot130!
Destroyed robot83!
Destroyed robot245!
Destroyed robot204!
Destroyed robot127!
Destroyed robot157!
Destroyed robot66!
Destroyed robot88!
Destroyed robot47!
Destroyed robot67!
Destroyed robot65!
Destroyed robot203!
Destroyed robot99!
Destroyed robot141!
Destroyed robot240!
Destroyed robot234!
Destroyed robot87!
******* testar.sh 260  ********


*** determinar crescimento de RS em relacao 260 robos ****


Experimento numero 6


analise60.sh: line 22: ./testar.sh: Permission denied
mv: cannot stat 'logs': No such file or directory
/home/andersoney/algoritmotcc
Stage 4.3.0 [GUI disabled]
 [Loading automatic1.world][Include map.inc][Include sick.inc][Include pioneer.inc]
Destroyed robot9!
Destroyed robot194!
Destroyed robot41!
Destroyed robot32!
Destroyed robot168!
Destroyed robot118!
Destroyed robot45!
Destroyed robot238!
Destroyed robot192!
Destroyed robot130!
Destroyed robot213!
Destroyed robot86!
Destroyed robot167!
Destroyed robot59!
Destroyed robot72!
Destroyed robot221!
Destroyed robot149!
Destroyed robot4!
Destroyed robot232!
Destroyed robot48!
Destroyed robot22!
Destroyed robot96!
Destroyed robot202!
Destroyed robot3!
Destroyed robot0!
Destroyed robot71!
Destroyed robot67!
Destroyed robot116!
Destroyed robot157!
Destroyed robot258!
Destroyed robot25!
Destroyed robot234!
Destroyed robot254!
Destroyed robot187!
Destroyed robot115!
Destroyed robot164!
Destroyed robot195!
Destroyed robot51!
Destroyed robot52!
Destroyed robot100!
Destroyed robot120!
Destroyed robot230!
Destroyed robot124!
Destroyed robot142!
Destroyed robot215!
Destroyed robot23!
Destroyed robot87!
Destroyed robot13!
Destroyed robot104!
Destroyed robot78!
Destroyed robot180!
Destroyed robot153!
Destroyed robot204!
Destroyed robot131!
Destroyed robot62!
Destroyed robot193!
Destroyed robot74!
Destroyed robot145!
Destroyed robot179!
Destroyed robot212!
Destroyed robot6!
Destroyed robot97!
Destroyed robot11!
Destroyed robot35!
Destroyed robot225!
Destroyed robot190!
Destroyed robot121!
Destroyed robot220!
Destroyed robot91!
Destroyed robot58!
Destroyed robot138!
Destroyed robot208!
Destroyed robot107!
Destroyed robot54!
Destroyed robot248!
Destroyed robot210!
Destroyed robot222!
Destroyed robot20!
Destroyed robot18!
Destroyed robot61!
Destroyed robot129!
Destroyed robot246!
Destroyed robot223!
Destroyed robot103!
Destroyed robot160!
Destroyed robot56!
Destroyed robot159!
Destroyed robot24!
Destroyed robot42!
Destroyed robot43!
Destroyed robot188!
Destroyed robot199!
Destroyed robot112!
Destroyed robot156!
Destroyed robot39!
Destroyed robot113!
Destroyed robot65!
Destroyed robot244!
Destroyed robot161!
Destroyed robot152!
Destroyed robot69!
Destroyed robot216!
Destroyed robot122!
Destroyed robot134!
Destroyed robot245!
Destroyed robot176!
Destroyed robot189!
Destroyed robot98!
Destroyed robot144!
Destroyed robot7!
Destroyed robot201!
Destroyed robot141!
Destroyed robot89!
Destroyed robot249!
Destroyed robot197!
Destroyed robot110!
Destroyed robot224!
Destroyed robot137!
Destroyed robot185!
Destroyed robot169!
Destroyed robot257!
Destroyed robot117!
Destroyed robot27!
Destroyed robot165!
Destroyed robot105!
Destroyed robot177!
Destroyed robot79!
Destroyed robot101!
Destroyed robot259!
Destroyed robot77!
Destroyed robot132!
Destroyed robot148!
Destroyed robot186!
Destroyed robot83!
Destroyed robot229!
Destroyed robot37!
Destroyed robot151!
Destroyed robot1!
Destroyed robot184!
Destroyed robot146!
Destroyed robot128!
Destroyed robot203!
Destroyed robot119!
Destroyed robot162!
Destroyed robot136!
Destroyed robot158!
Destroyed robot150!
Destroyed robot140!
Destroyed robot125!
Destroyed robot143!
Destroyed robot241!
Destroyed robot68!
Destroyed robot94!
Destroyed robot66!
Destroyed robot10!
Destroyed robot166!
Destroyed robot55!
Destroyed robot92!
Destroyed robot206!
Destroyed robot29!
Destroyed robot218!
Destroyed robot95!
Destroyed robot250!
Destroyed robot253!
Destroyed robot209!
Destroyed robot200!
Destroyed robot36!
Destroyed robot139!
Destroyed robot102!
Destroyed robot251!
Destroyed robot75!
Destroyed robot26!
Destroyed robot123!
Destroyed robot70!
Destroyed robot99!
Destroyed robot182!
Destroyed robot106!
Destroyed robot236!
Destroyed robot14!
Destroyed robot183!
Destroyed robot114!
Destroyed robot80!
Destroyed robot214!
Destroyed robot33!
Destroyed robot178!
Destroyed robot154!
Destroyed robot46!
Destroyed robot126!
Destroyed robot57!
Destroyed robot44!
Destroyed robot12!
Destroyed robot207!
Destroyed robot2!
Destroyed robot40!
Destroyed robot88!
Destroyed robot38!
Destroyed robot60!
Destroyed robot252!
Destroyed robot63!
Destroyed robot53!
Destroyed robot171!
Destroyed robot47!
Destroyed robot93!
Destroyed robot228!
Destroyed robot231!
Destroyed robot82!
Destroyed robot34!
Destroyed robot235!
Destroyed robot16!
Destroyed robot109!
Destroyed robot198!
Destroyed robot227!
Destroyed robot17!
Destroyed robot85!
Destroyed robot219!
Destroyed robot163!
Destroyed robot76!
Destroyed robot239!
Destroyed robot247!
Destroyed robot19!
Destroyed robot147!
Destroyed robot217!
Destroyed robot174!
Destroyed robot170!
Destroyed robot237!
Destroyed robot233!
Destroyed robot84!
Destroyed robot108!
Destroyed robot173!
Destroyed robot64!
Destroyed robot81!
Destroyed robot31!
Destroyed robot256!
Destroyed robot191!
Destroyed robot90!
Destroyed robot15!
Destroyed robot111!
Destroyed robot255!
Destroyed robot127!
Destroyed robot49!
Destroyed robot135!
Destroyed robot226!
Destroyed robot172!
Destroyed robot5!
Destroyed robot175!
Destroyed robot30!
Destroyed robot211!
Destroyed robot196!
Destroyed robot73!
Destroyed robot181!
Destroyed robot50!
Destroyed robot28!
Destroyed robot21!
Destroyed robot240!
Destroyed robot243!
Destroyed robot8!
Destroyed robot133!
Destroyed robot205!
Destroyed robot155!
******* testar.sh 260  ********


*** determinar crescimento de RS em relacao 260 robos ****


Experimento numero 7


analise60.sh: line 22: ./testar.sh: Permission denied
mv: cannot stat 'logs': No such file or directory
/home/andersoney/algoritmotcc
Stage 4.3.0 [GUI disabled]
 [Loading automatic1.world][Include map.inc][Include sick.inc][Include pioneer.inc]
Destroyed robot30!
Destroyed robot78!
Destroyed robot2!
Destroyed robot24!
Destroyed robot241!
Destroyed robot98!
Destroyed robot97!
Destroyed robot11!
Destroyed robot16!
Destroyed robot25!
Destroyed robot50!
Destroyed robot145!
Destroyed robot114!
Destroyed robot101!
Destroyed robot36!
Destroyed robot108!
Destroyed robot40!
Destroyed robot180!
Destroyed robot14!
Destroyed robot176!
Destroyed robot1!
Destroyed robot0!
Destroyed robot197!
Destroyed robot141!
Destroyed robot234!
Destroyed robot82!
Destroyed robot65!
Destroyed robot66!
Destroyed robot118!
Destroyed robot249!
Destroyed robot203!
Destroyed robot205!
Destroyed robot238!
Destroyed robot119!
Destroyed robot190!
Destroyed robot89!
Destroyed robot151!
Destroyed robot216!
Destroyed robot92!
Destroyed robot160!
Destroyed robot69!
Destroyed robot45!
Destroyed robot174!
Destroyed robot159!
Destroyed robot136!
Destroyed robot129!
Destroyed robot252!
Destroyed robot128!
Destroyed robot200!
Destroyed robot121!
Destroyed robot44!
Destroyed robot102!
Destroyed robot94!
Destroyed robot33!
Destroyed robot251!
Destroyed robot3!
Destroyed robot58!
Destroyed robot199!
Destroyed robot130!
Destroyed robot90!
Destroyed robot188!
Destroyed robot105!
Destroyed robot170!
Destroyed robot258!
Destroyed robot208!
Destroyed robot77!
Destroyed robot230!
Destroyed robot131!
Destroyed robot103!
Destroyed robot181!
Destroyed robot224!
Destroyed robot193!
Destroyed robot214!
Destroyed robot84!
Destroyed robot49!
Destroyed robot153!
Destroyed robot109!
Destroyed robot113!
Destroyed robot254!
Destroyed robot61!
Destroyed robot62!
Destroyed robot204!
Destroyed robot125!
Destroyed robot9!
Destroyed robot137!
Destroyed robot117!
Destroyed robot227!
Destroyed robot177!
Destroyed robot202!
Destroyed robot51!
Destroyed robot222!
Destroyed robot52!
Destroyed robot88!
Destroyed robot43!
Destroyed robot28!
Destroyed robot37!
Destroyed robot83!
Destroyed robot5!
Destroyed robot76!
Destroyed robot226!
Destroyed robot173!
Destroyed robot215!
Destroyed robot31!
Destroyed robot48!
Destroyed robot122!
Destroyed robot19!
Destroyed robot67!
Destroyed robot198!
Destroyed robot42!
Destroyed robot53!
Destroyed robot239!
Destroyed robot171!
Destroyed robot20!
Destroyed robot169!
Destroyed robot111!
Destroyed robot116!
Destroyed robot4!
Destroyed robot100!
Destroyed robot163!
Destroyed robot237!
Destroyed robot142!
Destroyed robot178!
Destroyed robot12!
Destroyed robot70!
Destroyed robot242!
Destroyed robot246!
Destroyed robot6!
Destroyed robot253!
Destroyed robot231!
Destroyed robot29!
Destroyed robot162!
Destroyed robot73!
Destroyed robot21!
Destroyed robot75!
Destroyed robot185!
Destroyed robot107!
Destroyed robot154!
Destroyed robot147!
Destroyed robot27!
Destroyed robot95!
Destroyed robot15!
Destroyed robot41!
Destroyed robot71!
Destroyed robot149!
Destroyed robot218!
Destroyed robot161!
Destroyed robot201!
Destroyed robot64!
Destroyed robot127!
Destroyed robot104!
Destroyed robot132!
Destroyed robot140!
Destroyed robot250!
Destroyed robot211!
Destroyed robot60!
Destroyed robot194!
Destroyed robot217!
Destroyed robot182!
Destroyed robot39!
Destroyed robot255!
Destroyed robot123!
Destroyed robot120!
Destroyed robot236!
Destroyed robot196!
Destroyed robot243!
Destroyed robot259!
Destroyed robot57!
Destroyed robot148!
Destroyed robot54!
Destroyed robot18!
Destroyed robot47!
Destroyed robot232!
Destroyed robot93!
Destroyed robot167!
Destroyed robot87!
Destroyed robot245!
Destroyed robot55!
Destroyed robot235!
Destroyed robot233!
Destroyed robot256!
Destroyed robot63!
Destroyed robot192!
Destroyed robot110!
Destroyed robot212!
Destroyed robot213!
Destroyed robot23!
Destroyed robot225!
Destroyed robot139!
Destroyed robot240!
Destroyed robot244!
Destroyed robot247!
Destroyed robot79!
Destroyed robot184!
Destroyed robot72!
Destroyed robot134!
Destroyed robot138!
Destroyed robot96!
Destroyed robot10!
Destroyed robot143!
Destroyed robot257!
Destroyed robot183!
Destroyed robot106!
Destroyed robot86!
Destroyed robot91!
Destroyed robot179!
Destroyed robot17!
Destroyed robot187!
Destroyed robot46!
Destroyed robot195!
Destroyed robot80!
Destroyed robot35!
Destroyed robot146!
Destroyed robot189!
Destroyed robot13!
Destroyed robot210!
Destroyed robot85!
Destroyed robot248!
Destroyed robot99!
Destroyed robot220!
Destroyed robot7!
Destroyed robot223!
Destroyed robot206!
Destroyed robot68!
Destroyed robot165!
Destroyed robot56!
Destroyed robot168!
Destroyed robot207!
Destroyed robot186!
Destroyed robot144!
Destroyed robot38!
Destroyed robot209!
Destroyed robot124!
Destroyed robot150!
Destroyed robot34!
Destroyed robot175!
Destroyed robot164!
Destroyed robot155!
Destroyed robot229!
Destroyed robot158!
Destroyed robot135!
Destroyed robot228!
Destroyed robot22!
Destroyed robot126!
Destroyed robot219!
Destroyed robot112!
Destroyed robot8!
Destroyed robot32!
Destroyed robot74!
Destroyed robot133!
Destroyed robot152!
Destroyed robot172!
Destroyed robot166!
Destroyed robot81!
Destroyed robot157!
Destroyed robot26!
Destroyed robot59!
Destroyed robot115!
Destroyed robot191!
Destroyed robot221!
******* testar.sh 260  ********


*** determinar crescimento de RS em relacao 260 robos ****


Experimento numero 8


analise60.sh: line 22: ./testar.sh: Permission denied
mv: cannot stat 'logs': No such file or directory
/home/andersoney/algoritmotcc
Stage 4.3.0 [GUI disabled]
 [Loading automatic1.world][Include map.inc][Include sick.inc][Include pioneer.inc]
Destroyed robot216!
Destroyed robot99!
Destroyed robot98!
Destroyed robot170!
Destroyed robot256!
Destroyed robot206!
Destroyed robot73!
Destroyed robot188!
Destroyed robot211!
Destroyed robot208!
Destroyed robot0!
Destroyed robot69!
Destroyed robot189!
Destroyed robot95!
Destroyed robot27!
Destroyed robot242!
Destroyed robot79!
Destroyed robot258!
Destroyed robot161!
Destroyed robot209!
Destroyed robot103!
Destroyed robot65!
Destroyed robot53!
Destroyed robot244!
Destroyed robot75!
Destroyed robot164!
Destroyed robot245!
Destroyed robot217!
Destroyed robot238!
Destroyed robot58!
Destroyed robot123!
Destroyed robot197!
Destroyed robot115!
Destroyed robot200!
Destroyed robot165!
Destroyed robot136!
Destroyed robot55!
Destroyed robot147!
Destroyed robot70!
Destroyed robot218!
Destroyed robot199!
Destroyed robot138!
Destroyed robot25!
Destroyed robot4!
Destroyed robot173!
Destroyed robot240!
Destroyed robot131!
Destroyed robot84!
Destroyed robot178!
Destroyed robot172!
Destroyed robot153!
Destroyed robot190!
Destroyed robot223!
Destroyed robot251!
Destroyed robot158!
Destroyed robot203!
Destroyed robot74!
Destroyed robot64!
Destroyed robot78!
Destroyed robot10!
Destroyed robot83!
Destroyed robot8!
Destroyed robot61!
Destroyed robot246!
Destroyed robot152!
Destroyed robot5!
Destroyed robot30!
Destroyed robot23!
Destroyed robot91!
Destroyed robot39!
Destroyed robot201!
Destroyed robot109!
Destroyed robot205!
Destroyed robot7!
Destroyed robot141!
Destroyed robot171!
Destroyed robot231!
Destroyed robot54!
Destroyed robot128!
Destroyed robot166!
Destroyed robot150!
Destroyed robot35!
Destroyed robot33!
Destroyed robot93!
Destroyed robot239!
Destroyed robot145!
Destroyed robot144!
Destroyed robot126!
Destroyed robot68!
Destroyed robot20!
Destroyed robot77!
Destroyed robot157!
Destroyed robot48!
Destroyed robot142!
Destroyed robot195!
Destroyed robot24!
Destroyed robot86!
Destroyed robot213!
Destroyed robot192!
Destroyed robot159!
Destroyed robot254!
Destroyed robot62!
Destroyed robot176!
Destroyed robot49!
Destroyed robot122!
Destroyed robot108!
Destroyed robot94!
Destroyed robot175!
Destroyed robot110!
Destroyed robot52!
Destroyed robot187!
Destroyed robot140!
Destroyed robot196!
Destroyed robot121!
Destroyed robot19!
Destroyed robot168!
Destroyed robot63!
Destroyed robot45!
Destroyed robot174!
Destroyed robot14!
Destroyed robot185!
Destroyed robot101!
Destroyed robot127!
Destroyed robot194!
Destroyed robot6!
Destroyed robot182!
Destroyed robot72!
Destroyed robot41!
Destroyed robot225!
Destroyed robot76!
Destroyed robot80!
Destroyed robot139!
Destroyed robot97!
Destroyed robot3!
Destroyed robot219!
Destroyed robot26!
Destroyed robot12!
Destroyed robot207!
Destroyed robot114!
Destroyed robot102!
Destroyed robot117!
Destroyed robot222!
Destroyed robot252!
Destroyed robot215!
Destroyed robot82!
Destroyed robot32!
Destroyed robot2!
Destroyed robot59!
Destroyed robot156!
Destroyed robot180!
Destroyed robot31!
Destroyed robot250!
Destroyed robot255!
Destroyed robot43!
Destroyed robot177!
Destroyed robot154!
Destroyed robot226!
Destroyed robot233!
Destroyed robot42!
Destroyed robot119!
Destroyed robot100!
Destroyed robot38!
Destroyed robot234!
Destroyed robot247!
Destroyed robot148!
Destroyed robot237!
Destroyed robot130!
Destroyed robot202!
Destroyed robot167!
Destroyed robot66!
Destroyed robot191!
Destroyed robot253!
Destroyed robot104!
Destroyed robot16!
Destroyed robot9!
Destroyed robot40!
Destroyed robot13!
Destroyed robot210!
Destroyed robot214!
Destroyed robot212!
Destroyed robot105!
Destroyed robot146!
Destroyed robot129!
Destroyed robot124!
Destroyed robot46!
Destroyed robot169!
Destroyed robot89!
Destroyed robot135!
Destroyed robot259!
Destroyed robot163!
Destroyed robot90!
Destroyed robot111!
Destroyed robot37!
Destroyed robot133!
Destroyed robot249!
Destroyed robot116!
Destroyed robot143!
Destroyed robot88!
Destroyed robot236!
Destroyed robot248!
Destroyed robot186!
Destroyed robot235!
Destroyed robot151!
Destroyed robot15!
Destroyed robot112!
Destroyed robot87!
Destroyed robot92!
Destroyed robot21!
Destroyed robot230!
Destroyed robot85!
Destroyed robot18!
Destroyed robot193!
Destroyed robot132!
Destroyed robot257!
Destroyed robot221!
Destroyed robot67!
Destroyed robot57!
Destroyed robot137!
Destroyed robot160!
Destroyed robot22!
Destroyed robot17!
Destroyed robot179!
Destroyed robot60!
Destroyed robot229!
Destroyed robot107!
Destroyed robot113!
Destroyed robot183!
Destroyed robot11!
Destroyed robot243!
Destroyed robot118!
Destroyed robot232!
Destroyed robot120!
Destroyed robot81!
Destroyed robot50!
Destroyed robot198!
Destroyed robot228!
Destroyed robot36!
Destroyed robot51!
Destroyed robot227!
Destroyed robot204!
Destroyed robot125!
Destroyed robot96!
Destroyed robot181!
Destroyed robot47!
Destroyed robot184!
Destroyed robot162!
Destroyed robot106!
Destroyed robot241!
Destroyed robot224!
Destroyed robot44!
Destroyed robot220!
Destroyed robot1!
Destroyed robot155!
Destroyed robot149!
Destroyed robot28!
Destroyed robot71!
Destroyed robot34!
Destroyed robot56!
Destroyed robot134!
******* testar.sh 260  ********


*** determinar crescimento de RS em relacao 260 robos ****


Experimento numero 9


analise60.sh: line 22: ./testar.sh: Permission denied
mv: cannot stat 'logs': No such file or directory
/home/andersoney/algoritmotcc
Stage 4.3.0 [GUI disabled]
 [Loading automatic1.world][Include map.inc][Include sick.inc][Include pioneer.inc]
Destroyed robot20!
Destroyed robot69!
Destroyed robot60!
Destroyed robot6!
Destroyed robot82!
Destroyed robot40!
Destroyed robot250!
Destroyed robot83!
Destroyed robot66!
Destroyed robot109!
Destroyed robot5!
Destroyed robot146!
Destroyed robot46!
Destroyed robot183!
Destroyed robot93!
Destroyed robot249!
Destroyed robot94!
Destroyed robot144!
Destroyed robot137!
Destroyed robot90!
Destroyed robot248!
Destroyed robot149!
Destroyed robot206!
Destroyed robot104!
Destroyed robot97!
Destroyed robot33!
Destroyed robot26!
Destroyed robot19!
Destroyed robot44!
Destroyed robot167!
Destroyed robot95!
Destroyed robot119!
Destroyed robot247!
Destroyed robot22!
Destroyed robot209!
Destroyed robot205!
Destroyed robot231!
Destroyed robot208!
Destroyed robot100!
Destroyed robot74!
Destroyed robot52!
Destroyed robot123!
Destroyed robot178!
Destroyed robot160!
Destroyed robot110!
Destroyed robot43!
Destroyed robot132!
Destroyed robot21!
Destroyed robot184!
Destroyed robot28!
Destroyed robot120!
Destroyed robot18!
Destroyed robot133!
Destroyed robot164!
Destroyed robot182!
Destroyed robot135!
Destroyed robot201!
Destroyed robot122!
Destroyed robot151!
Destroyed robot2!
Destroyed robot77!
Destroyed robot176!
Destroyed robot70!
Destroyed robot212!
Destroyed robot244!
Destroyed robot172!
Destroyed robot181!
Destroyed robot68!
Destroyed robot155!
Destroyed robot139!
Destroyed robot171!
Destroyed robot48!
Destroyed robot89!
Destroyed robot141!
Destroyed robot157!
Destroyed robot64!
Destroyed robot51!
Destroyed robot237!
Destroyed robot147!
Destroyed robot177!
Destroyed robot29!
Destroyed robot7!
Destroyed robot235!
Destroyed robot50!
Destroyed robot202!
Destroyed robot223!
Destroyed robot168!
Destroyed robot9!
Destroyed robot39!
Destroyed robot197!
Destroyed robot192!
Destroyed robot232!
Destroyed robot84!
Destroyed robot85!
Destroyed robot210!
Destroyed robot65!
Destroyed robot199!
Destroyed robot108!
Destroyed robot0!
Destroyed robot35!
Destroyed robot153!
Destroyed robot4!
Destroyed robot63!
Destroyed robot134!
Destroyed robot258!
Destroyed robot159!
Destroyed robot121!
Destroyed robot112!
Destroyed robot220!
Destroyed robot79!
Destroyed robot91!
Destroyed robot23!
Destroyed robot242!
Destroyed robot194!
Destroyed robot203!
Destroyed robot49!
Destroyed robot75!
Destroyed robot138!
Destroyed robot169!
Destroyed robot12!
Destroyed robot118!
Destroyed robot87!
Destroyed robot254!
Destroyed robot80!
Destroyed robot15!
Destroyed robot148!
Destroyed robot17!
Destroyed robot187!
Destroyed robot218!
Destroyed robot125!
Destroyed robot42!
Destroyed robot216!
Destroyed robot179!
Destroyed robot188!
Destroyed robot152!
Destroyed robot88!
Destroyed robot219!
Destroyed robot116!
Destroyed robot72!
Destroyed robot180!
Destroyed robot211!
Destroyed robot136!
Destroyed robot81!
Destroyed robot140!
Destroyed robot193!
Destroyed robot45!
Destroyed robot225!
Destroyed robot38!
Destroyed robot130!
Destroyed robot143!
Destroyed robot207!
Destroyed robot56!
Destroyed robot221!
Destroyed robot71!
Destroyed robot142!
Destroyed robot214!
Destroyed robot175!
Destroyed robot57!
Destroyed robot3!
Destroyed robot253!
Destroyed robot173!
Destroyed robot161!
Destroyed robot156!
Destroyed robot14!
Destroyed robot25!
Destroyed robot36!
Destroyed robot145!
Destroyed robot229!
Destroyed robot233!
Destroyed robot59!
Destroyed robot150!
Destroyed robot78!
Destroyed robot236!
Destroyed robot126!
Destroyed robot170!
Destroyed robot124!
Destroyed robot31!
Destroyed robot259!
Destroyed robot37!
Destroyed robot204!
Destroyed robot98!
Destroyed robot243!
Destroyed robot115!
Destroyed robot230!
Destroyed robot92!
Destroyed robot10!
Destroyed robot8!
Destroyed robot106!
Destroyed robot174!
Destroyed robot165!
Destroyed robot99!
Destroyed robot257!
Destroyed robot185!
Destroyed robot222!
Destroyed robot228!
Destroyed robot234!
Destroyed robot238!
Destroyed robot215!
Destroyed robot129!
Destroyed robot189!
Destroyed robot13!
Destroyed robot131!
Destroyed robot107!
Destroyed robot190!
Destroyed robot252!
Destroyed robot246!
Destroyed robot62!
Destroyed robot213!
Destroyed robot117!
Destroyed robot191!
Destroyed robot127!
Destroyed robot163!
Destroyed robot162!
Destroyed robot227!
Destroyed robot73!
Destroyed robot41!
Destroyed robot200!
Destroyed robot55!
Destroyed robot103!
Destroyed robot196!
Destroyed robot240!
Destroyed robot224!
Destroyed robot61!
Destroyed robot27!
Destroyed robot96!
Destroyed robot166!
Destroyed robot54!
Destroyed robot217!
Destroyed robot30!
Destroyed robot114!
Destroyed robot102!
Destroyed robot245!
Destroyed robot195!
Destroyed robot32!
Destroyed robot58!
Destroyed robot111!
Destroyed robot113!
Destroyed robot24!
Destroyed robot158!
Destroyed robot128!
Destroyed robot255!
Destroyed robot67!
Destroyed robot251!
Destroyed robot154!
Destroyed robot186!
Destroyed robot198!
Destroyed robot16!
Destroyed robot76!
Destroyed robot241!
Destroyed robot226!
Destroyed robot256!
Destroyed robot86!
Destroyed robot105!
Destroyed robot1!
Destroyed robot239!
Destroyed robot53!
Destroyed robot11!
Destroyed robot47!
Destroyed robot101!
******* testar.sh 260  ********


*** determinar crescimento de RS em relacao 260 robos ****


Experimento numero 10


analise60.sh: line 22: ./testar.sh: Permission denied
mv: cannot stat 'logs': No such file or directory
/home/andersoney/algoritmotcc
Stage 4.3.0 [GUI disabled]
 [Loading automatic1.world][Include map.inc][Include sick.inc][Include pioneer.inc]
Destroyed robot106!
Destroyed robot52!
Destroyed robot153!
Destroyed robot189!
Destroyed robot215!
Destroyed robot6!
Destroyed robot5!
Destroyed robot197!
Destroyed robot161!
Destroyed robot21!
Destroyed robot116!
Destroyed robot51!
Destroyed robot4!
Destroyed robot100!
Destroyed robot143!
Destroyed robot8!
Destroyed robot7!
Destroyed robot252!
Destroyed robot59!
Destroyed robot245!
Destroyed robot195!
Destroyed robot83!
Destroyed robot136!
Destroyed robot248!
Destroyed robot107!
Destroyed robot44!
Destroyed robot70!
Destroyed robot69!
Destroyed robot234!
Destroyed robot198!
Destroyed robot235!
Destroyed robot129!
Destroyed robot168!
Destroyed robot133!
Destroyed robot224!
Destroyed robot218!
Destroyed robot257!
Destroyed robot60!
Destroyed robot192!
Destroyed robot74!
Destroyed robot14!
Destroyed robot43!
Destroyed robot75!
Destroyed robot66!
Destroyed robot97!
Destroyed robot191!
Destroyed robot152!
Destroyed robot150!
Destroyed robot22!
Destroyed robot196!
Destroyed robot217!
Destroyed robot254!
Destroyed robot142!
Destroyed robot108!
Destroyed robot175!
Destroyed robot122!
Destroyed robot1!
Destroyed robot226!
Destroyed robot220!
Destroyed robot160!
Destroyed robot84!
Destroyed robot188!
Destroyed robot250!
Destroyed robot249!
Destroyed robot47!
Destroyed robot88!
Destroyed robot149!
Destroyed robot203!
Destroyed robot131!
Destroyed robot58!
Destroyed robot81!
Destroyed robot123!
Destroyed robot145!
Destroyed robot229!
Destroyed robot221!
Destroyed robot205!
Destroyed robot214!
Destroyed robot211!
Destroyed robot219!
Destroyed robot170!
Destroyed robot148!
Destroyed robot158!
Destroyed robot176!
Destroyed robot165!
Destroyed robot216!
Destroyed robot32!
Destroyed robot38!
Destroyed robot102!
Destroyed robot231!
Destroyed robot223!
Destroyed robot90!
Destroyed robot167!
Destroyed robot91!
Destroyed robot0!
Destroyed robot202!
Destroyed robot63!
Destroyed robot110!
Destroyed robot16!
Destroyed robot27!
Destroyed robot3!
Destroyed robot78!
Destroyed robot242!
Destroyed robot114!
Destroyed robot222!
Destroyed robot119!
Destroyed robot199!
Destroyed robot98!
Destroyed robot212!
Destroyed robot67!
Destroyed robot208!
Destroyed robot225!
Destroyed robot18!
Destroyed robot13!
Destroyed robot56!
Destroyed robot80!
Destroyed robot24!
Destroyed robot139!
Destroyed robot86!
Destroyed robot256!
Destroyed robot144!
Destroyed robot72!
Destroyed robot182!
Destroyed robot134!
Destroyed robot132!
Destroyed robot137!
Destroyed robot155!
Destroyed robot2!
Destroyed robot89!
Destroyed robot239!
Destroyed robot259!
Destroyed robot96!
Destroyed robot237!
Destroyed robot243!
Destroyed robot141!
Destroyed robot126!
Destroyed robot227!
Destroyed robot77!
Destroyed robot101!
Destroyed robot210!
Destroyed robot177!
Destroyed robot120!
Destroyed robot240!
Destroyed robot65!
Destroyed robot194!
Destroyed robot11!
Destroyed robot68!
Destroyed robot255!
Destroyed robot111!
Destroyed robot41!
Destroyed robot73!
Destroyed robot112!
Destroyed robot151!
Destroyed robot185!
Destroyed robot236!
Destroyed robot87!
Destroyed robot166!
Destroyed robot241!
Destroyed robot190!
Destroyed robot42!
Destroyed robot61!
Destroyed robot23!
Destroyed robot105!
Destroyed robot187!
Destroyed robot82!
Destroyed robot99!
Destroyed robot19!
Destroyed robot232!
Destroyed robot31!
Destroyed robot55!
Destroyed robot104!
Destroyed robot54!
Destroyed robot130!
Destroyed robot92!
Destroyed robot36!
Destroyed robot40!
Destroyed robot171!
Destroyed robot103!
Destroyed robot206!
Destroyed robot154!
Destroyed robot156!
Destroyed robot46!
Destroyed robot12!
Destroyed robot157!
Destroyed robot25!
Destroyed robot15!
Destroyed robot201!
Destroyed robot209!
Destroyed robot233!
Destroyed robot30!
Destroyed robot50!
Destroyed robot20!
Destroyed robot17!
Destroyed robot128!
Destroyed robot115!
Destroyed robot200!
Destroyed robot125!
Destroyed robot71!
Destroyed robot48!
Destroyed robot34!
Destroyed robot174!
Destroyed robot204!
Destroyed robot246!
Destroyed robot180!
Destroyed robot37!
Destroyed robot95!
Destroyed robot251!
Destroyed robot35!
Destroyed robot184!
Destroyed robot146!
Destroyed robot163!
Destroyed robot85!
Destroyed robot121!
Destroyed robot186!
Destroyed robot138!
Destroyed robot62!
Destroyed robot159!
Destroyed robot49!
Destroyed robot147!
Destroyed robot109!
Destroyed robot178!
Destroyed robot181!
Destroyed robot53!
Destroyed robot45!
Destroyed robot94!
Destroyed robot230!
Destroyed robot64!
Destroyed robot173!
Destroyed robot135!
Destroyed robot79!
Destroyed robot169!
Destroyed robot247!
Destroyed robot33!
Destroyed robot172!
Destroyed robot124!
Destroyed robot213!
Destroyed robot258!
Destroyed robot118!
Destroyed robot238!
Destroyed robot207!
Destroyed robot228!
Destroyed robot164!
Destroyed robot29!
Destroyed robot244!
Destroyed robot179!
Destroyed robot162!
Destroyed robot127!
Destroyed robot57!
Destroyed robot117!
Destroyed robot140!
Destroyed robot253!
Destroyed robot10!
Destroyed robot39!
Destroyed robot113!
Destroyed robot93!
Destroyed robot28!
Destroyed robot26!
Destroyed robot76!
Destroyed robot183!
Destroyed robot9!
******* testar.sh 260  ********


*** determinar crescimento de RS em relacao 260 robos ****


Experimento numero 11


analise60.sh: line 22: ./testar.sh: Permission denied
mv: cannot stat 'logs': No such file or directory
/home/andersoney/algoritmotcc
Stage 4.3.0 [GUI disabled]
 [Loading automatic1.world][Include map.inc][Include sick.inc][Include pioneer.inc]
Destroyed robot140!
Destroyed robot248!
Destroyed robot128!
Destroyed robot256!
Destroyed robot241!
Destroyed robot17!
Destroyed robot106!
Destroyed robot159!
Destroyed robot18!
Destroyed robot79!
Destroyed robot67!
Destroyed robot204!
Destroyed robot60!
Destroyed robot48!
Destroyed robot20!
Destroyed robot133!
Destroyed robot206!
Destroyed robot23!
Destroyed robot21!
Destroyed robot244!
Destroyed robot84!
Destroyed robot26!
Destroyed robot86!
Destroyed robot52!
Destroyed robot246!
Destroyed robot24!
Destroyed robot203!
Destroyed robot3!
Destroyed robot205!
Destroyed robot34!
Destroyed robot71!
Destroyed robot37!
Destroyed robot200!
Destroyed robot197!
Destroyed robot63!
Destroyed robot199!
Destroyed robot35!
Destroyed robot252!
Destroyed robot233!
Destroyed robot7!
Destroyed robot239!
Destroyed robot92!
Destroyed robot151!
Destroyed robot247!
Destroyed robot44!
Destroyed robot134!
Destroyed robot108!
Destroyed robot12!
Destroyed robot217!
Destroyed robot97!
Destroyed robot219!
Destroyed robot85!
Destroyed robot50!
Destroyed robot96!
Destroyed robot135!
Destroyed robot223!
Destroyed robot215!
Destroyed robot100!
Destroyed robot1!
Destroyed robot208!
Destroyed robot196!
Destroyed robot195!
Destroyed robot259!
Destroyed robot8!
Destroyed robot184!
Destroyed robot183!
Destroyed robot103!
Destroyed robot115!
Destroyed robot144!
Destroyed robot185!
Destroyed robot74!
Destroyed robot54!
Destroyed robot9!
Destroyed robot36!
Destroyed robot170!
Destroyed robot75!
Destroyed robot226!
Destroyed robot152!
Destroyed robot162!
Destroyed robot88!
Destroyed robot189!
Destroyed robot138!
Destroyed robot163!
Destroyed robot187!
Destroyed robot179!
Destroyed robot72!
Destroyed robot59!
Destroyed robot0!
Destroyed robot174!
Destroyed robot160!
Destroyed robot29!
Destroyed robot131!
Destroyed robot123!
Destroyed robot58!
Destroyed robot255!
Destroyed robot55!
Destroyed robot99!
Destroyed robot13!
Destroyed robot211!
Destroyed robot19!
Destroyed robot113!
Destroyed robot40!
Destroyed robot127!
Destroyed robot28!
Destroyed robot209!
Destroyed robot39!
Destroyed robot117!
Destroyed robot201!
Destroyed robot149!
Destroyed robot171!
Destroyed robot180!
Destroyed robot112!
Destroyed robot109!
Destroyed robot191!
Destroyed robot214!
Destroyed robot143!
Destroyed robot221!
Destroyed robot22!
Destroyed robot222!
Destroyed robot250!
Destroyed robot202!
Destroyed robot90!
Destroyed robot64!
Destroyed robot126!
Destroyed robot38!
Destroyed robot193!
Destroyed robot216!
Destroyed robot42!
Destroyed robot237!
Destroyed robot66!
Destroyed robot125!
Destroyed robot129!
Destroyed robot81!
Destroyed robot104!
Destroyed robot235!
Destroyed robot51!
Destroyed robot167!
Destroyed robot253!
Destroyed robot119!
Destroyed robot32!
Destroyed robot218!
Destroyed robot150!
Destroyed robot91!
Destroyed robot2!
Destroyed robot139!
Destroyed robot136!
Destroyed robot173!
Destroyed robot121!
Destroyed robot242!
Destroyed robot46!
Destroyed robot31!
Destroyed robot190!
Destroyed robot254!
Destroyed robot155!
Destroyed robot228!
Destroyed robot172!
Destroyed robot16!
Destroyed robot194!
Destroyed robot186!
Destroyed robot234!
Destroyed robot153!
Destroyed robot93!
Destroyed robot251!
Destroyed robot257!
Destroyed robot110!
Destroyed robot198!
Destroyed robot68!
Destroyed robot89!
Destroyed robot145!
Destroyed robot69!
Destroyed robot65!
Destroyed robot188!
Destroyed robot30!
Destroyed robot98!
Destroyed robot166!
Destroyed robot62!
Destroyed robot11!
Destroyed robot249!
Destroyed robot73!
Destroyed robot41!
Destroyed robot78!
Destroyed robot230!
Destroyed robot114!
Destroyed robot130!
Destroyed robot43!
Destroyed robot122!
Destroyed robot105!
Destroyed robot169!
Destroyed robot240!
Destroyed robot132!
Destroyed robot33!
Destroyed robot161!
Destroyed robot142!
Destroyed robot224!
Destroyed robot157!
Destroyed robot192!
Destroyed robot70!
Destroyed robot56!
Destroyed robot231!
Destroyed robot25!
Destroyed robot243!
Destroyed robot213!
Destroyed robot15!
Destroyed robot95!
Destroyed robot225!
Destroyed robot154!
Destroyed robot175!
Destroyed robot101!
Destroyed robot181!
Destroyed robot245!
Destroyed robot82!
Destroyed robot178!
Destroyed robot141!
Destroyed robot164!
Destroyed robot148!
Destroyed robot168!
Destroyed robot212!
Destroyed robot49!
Destroyed robot47!
Destroyed robot156!
Destroyed robot45!
Destroyed robot87!
Destroyed robot94!
Destroyed robot165!
Destroyed robot137!
Destroyed robot182!
Destroyed robot107!
Destroyed robot120!
Destroyed robot229!
Destroyed robot210!
Destroyed robot57!
Destroyed robot232!
Destroyed robot118!
Destroyed robot27!
Destroyed robot53!
Destroyed robot102!
Destroyed robot177!
Destroyed robot176!
Destroyed robot147!
Destroyed robot207!
Destroyed robot111!
Destroyed robot6!
Destroyed robot10!
Destroyed robot77!
Destroyed robot236!
Destroyed robot258!
Destroyed robot227!
Destroyed robot124!
Destroyed robot80!
Destroyed robot83!
Destroyed robot116!
Destroyed robot5!
Destroyed robot220!
Destroyed robot146!
Destroyed robot158!
Destroyed robot61!
Destroyed robot76!
Destroyed robot14!
Destroyed robot238!
******* testar.sh 260  ********


*** determinar crescimento de RS em relacao 260 robos ****


Experimento numero 12


analise60.sh: line 22: ./testar.sh: Permission denied
mv: cannot stat 'logs': No such file or directory
/home/andersoney/algoritmotcc
Stage 4.3.0 [GUI disabled]
 [Loading automatic1.world][Include map.inc][Include sick.inc][Include pioneer.inc]
Destroyed robot151!
Destroyed robot197!
Destroyed robot211!
Destroyed robot246!
Destroyed robot234!
Destroyed robot12!
Destroyed robot184!
Destroyed robot85!
Destroyed robot33!
Destroyed robot3!
Destroyed robot80!
Destroyed robot99!
Destroyed robot141!
Destroyed robot31!
Destroyed robot131!
Destroyed robot90!
Destroyed robot4!
Destroyed robot23!
Destroyed robot198!
Destroyed robot17!
Destroyed robot1!
Destroyed robot240!
Destroyed robot100!
Destroyed robot236!
Destroyed robot244!
Destroyed robot52!
Destroyed robot251!
Destroyed robot191!
Destroyed robot51!
Destroyed robot185!
Destroyed robot123!
Destroyed robot149!
Destroyed robot20!
Destroyed robot181!
Destroyed robot6!
Destroyed robot205!
Destroyed robot127!
Destroyed robot36!
Destroyed robot212!
Destroyed robot253!
Destroyed robot73!
Destroyed robot190!
Destroyed robot65!
Destroyed robot7!
Destroyed robot254!
Destroyed robot222!
Destroyed robot216!
Destroyed robot96!
Destroyed robot138!
Destroyed robot140!
Destroyed robot86!
Destroyed robot165!
Destroyed robot144!
Destroyed robot220!
Destroyed robot122!
Destroyed robot77!
Destroyed robot229!
Destroyed robot199!
Destroyed robot93!
Destroyed robot70!
Destroyed robot152!
Destroyed robot27!
Destroyed robot250!
Destroyed robot136!
Destroyed robot8!
Destroyed robot21!
Destroyed robot164!
Destroyed robot201!
Destroyed robot49!
Destroyed robot155!
Destroyed robot168!
Destroyed robot38!
Destroyed robot11!
Destroyed robot41!
Destroyed robot218!
Destroyed robot203!
Destroyed robot110!
Destroyed robot182!
Destroyed robot183!
Destroyed robot18!
Destroyed robot258!
Destroyed robot40!
Destroyed robot109!
Destroyed robot22!
Destroyed robot194!
Destroyed robot82!
Destroyed robot116!
Destroyed robot241!
Destroyed robot228!
Destroyed robot46!
Destroyed robot56!
Destroyed robot98!
Destroyed robot200!
Destroyed robot117!
Destroyed robot28!
Destroyed robot129!
Destroyed robot143!
Destroyed robot89!
Destroyed robot63!
Destroyed robot135!
Destroyed robot142!
Destroyed robot26!
Destroyed robot62!
Destroyed robot107!
Destroyed robot91!
Destroyed robot95!
Destroyed robot79!
Destroyed robot186!
Destroyed robot71!
Destroyed robot104!
Destroyed robot102!
Destroyed robot146!
Destroyed robot169!
Destroyed robot35!
Destroyed robot174!
Destroyed robot97!
Destroyed robot74!
Destroyed robot0!
Destroyed robot94!
Destroyed robot112!
Destroyed robot230!
Destroyed robot2!
Destroyed robot19!
Destroyed robot92!
Destroyed robot43!
Destroyed robot192!
Destroyed robot259!
Destroyed robot189!
Destroyed robot232!
Destroyed robot223!
Destroyed robot134!
Destroyed robot106!
Destroyed robot125!
Destroyed robot196!
Destroyed robot247!
Destroyed robot132!
Destroyed robot252!
Destroyed robot24!
Destroyed robot208!
Destroyed robot161!
Destroyed robot68!
Destroyed robot171!
Destroyed robot120!
Destroyed robot119!
Destroyed robot170!
Destroyed robot37!
Destroyed robot245!
Destroyed robot83!
Destroyed robot87!
Destroyed robot133!
Destroyed robot215!
Destroyed robot60!
Destroyed robot66!
Destroyed robot180!
Destroyed robot72!
Destroyed robot10!
Destroyed robot81!
Destroyed robot219!
Destroyed robot42!
Destroyed robot57!
Destroyed robot233!
Destroyed robot187!
Destroyed robot147!
Destroyed robot207!
Destroyed robot145!
Destroyed robot69!
Destroyed robot173!
Destroyed robot75!
Destroyed robot238!
Destroyed robot30!
Destroyed robot206!
Destroyed robot237!
Destroyed robot176!
Destroyed robot227!
Destroyed robot50!
Destroyed robot209!
Destroyed robot150!
Destroyed robot210!
Destroyed robot58!
Destroyed robot204!
Destroyed robot47!
Destroyed robot235!
Destroyed robot225!
Destroyed robot179!
Destroyed robot105!
Destroyed robot193!
Destroyed robot213!
Destroyed robot45!
Destroyed robot25!
Destroyed robot224!
Destroyed robot153!
Destroyed robot159!
Destroyed robot64!
Destroyed robot175!
Destroyed robot188!
Destroyed robot137!
Destroyed robot54!
Destroyed robot148!
Destroyed robot255!
Destroyed robot108!
Destroyed robot34!
Destroyed robot154!
Destroyed robot78!
Destroyed robot217!
Destroyed robot32!
Destroyed robot84!
Destroyed robot249!
Destroyed robot157!
Destroyed robot128!
Destroyed robot88!
Destroyed robot55!
Destroyed robot115!
Destroyed robot126!
Destroyed robot256!
Destroyed robot113!
Destroyed robot248!
Destroyed robot214!
Destroyed robot29!
Destroyed robot16!
Destroyed robot48!
Destroyed robot242!
Destroyed robot124!
Destroyed robot118!
Destroyed robot221!
Destroyed robot103!
Destroyed robot13!
Destroyed robot243!
Destroyed robot59!
Destroyed robot231!
Destroyed robot172!
Destroyed robot177!
Destroyed robot39!
Destroyed robot114!
Destroyed robot121!
Destroyed robot9!
Destroyed robot257!
Destroyed robot139!
Destroyed robot15!
Destroyed robot130!
Destroyed robot162!
Destroyed robot156!
Destroyed robot44!
Destroyed robot5!
Destroyed robot53!
Destroyed robot202!
Destroyed robot178!
Destroyed robot67!
Destroyed robot167!
Destroyed robot195!
Destroyed robot160!
Destroyed robot61!
Destroyed robot166!
Destroyed robot226!
Destroyed robot111!
Destroyed robot163!
Destroyed robot14!
Destroyed robot76!
Destroyed robot101!
Destroyed robot239!
******* testar.sh 260  ********


*** determinar crescimento de RS em relacao 260 robos ****


Experimento numero 13


analise60.sh: line 22: ./testar.sh: Permission denied
mv: cannot stat 'logs': No such file or directory
/home/andersoney/algoritmotcc
Stage 4.3.0 [GUI disabled]
 [Loading automatic1.world][Include map.inc][Include sick.inc][Include pioneer.inc]
Destroyed robot28!
Destroyed robot238!
Destroyed robot14!
Destroyed robot164!
Destroyed robot45!
Destroyed robot17!
Destroyed robot19!
Destroyed robot22!
Destroyed robot210!
Destroyed robot120!
Destroyed robot80!
Destroyed robot34!
Destroyed robot149!
Destroyed robot36!
Destroyed robot76!
Destroyed robot16!
Destroyed robot240!
Destroyed robot64!
Destroyed robot139!
Destroyed robot107!
Destroyed robot227!
Destroyed robot145!
Destroyed robot57!
Destroyed robot50!
Destroyed robot199!
Destroyed robot79!
Destroyed robot21!
Destroyed robot78!
Destroyed robot252!
Destroyed robot117!
Destroyed robot220!
Destroyed robot30!
Destroyed robot61!
Destroyed robot71!
Destroyed robot112!
Destroyed robot191!
Destroyed robot206!
Destroyed robot155!
Destroyed robot137!
Destroyed robot172!
Destroyed robot90!
Destroyed robot209!
Destroyed robot194!
Destroyed robot251!
Destroyed robot221!
Destroyed robot54!
Destroyed robot170!
Destroyed robot165!
Destroyed robot93!
Destroyed robot110!
Destroyed robot111!
Destroyed robot39!
Destroyed robot213!
Destroyed robot179!
Destroyed robot65!
Destroyed robot82!
Destroyed robot185!
Destroyed robot163!
Destroyed robot182!
Destroyed robot100!
Destroyed robot160!
Destroyed robot122!
Destroyed robot35!
Destroyed robot159!
Destroyed robot197!
Destroyed robot33!
Destroyed robot116!
Destroyed robot175!
Destroyed robot68!
Destroyed robot20!
Destroyed robot184!
Destroyed robot115!
Destroyed robot46!
Destroyed robot195!
Destroyed robot94!
Destroyed robot147!
Destroyed robot63!
Destroyed robot128!
Destroyed robot146!
Destroyed robot250!
Destroyed robot27!
Destroyed robot42!
Destroyed robot235!
Destroyed robot256!
Destroyed robot4!
Destroyed robot226!
Destroyed robot81!
Destroyed robot48!
Destroyed robot40!
Destroyed robot244!
Destroyed robot32!
Destroyed robot212!
Destroyed robot121!
Destroyed robot31!
Destroyed robot2!
Destroyed robot236!
Destroyed robot216!
Destroyed robot13!
Destroyed robot15!
Destroyed robot243!
Destroyed robot114!
Destroyed robot247!
Destroyed robot222!
Destroyed robot257!
Destroyed robot233!
Destroyed robot153!
Destroyed robot75!
Destroyed robot190!
Destroyed robot88!
Destroyed robot178!
Destroyed robot167!
Destroyed robot41!
Destroyed robot225!
Destroyed robot207!
Destroyed robot18!
Destroyed robot148!
Destroyed robot104!
Destroyed robot58!
Destroyed robot203!
Destroyed robot129!
Destroyed robot118!
Destroyed robot201!
Destroyed robot133!
Destroyed robot253!
Destroyed robot173!
Destroyed robot97!
Destroyed robot73!
Destroyed robot92!
Destroyed robot123!
Destroyed robot131!
Destroyed robot134!
Destroyed robot6!
Destroyed robot49!
Destroyed robot113!
Destroyed robot25!
Destroyed robot47!
Destroyed robot224!
Destroyed robot60!
Destroyed robot144!
Destroyed robot29!
Destroyed robot52!
Destroyed robot230!
Destroyed robot55!
Destroyed robot126!
Destroyed robot202!
Destroyed robot109!
Destroyed robot83!
Destroyed robot136!
Destroyed robot59!
Destroyed robot255!
Destroyed robot44!
Destroyed robot87!
Destroyed robot38!
Destroyed robot161!
Destroyed robot258!
Destroyed robot95!
Destroyed robot84!
Destroyed robot9!
Destroyed robot157!
Destroyed robot166!
Destroyed robot70!
Destroyed robot183!
Destroyed robot132!
Destroyed robot237!
Destroyed robot138!
Destroyed robot174!
Destroyed robot99!
Destroyed robot12!
Destroyed robot72!
Destroyed robot37!
Destroyed robot108!
Destroyed robot66!
Destroyed robot24!
Destroyed robot246!
Destroyed robot89!
Destroyed robot205!
Destroyed robot192!
Destroyed robot26!
Destroyed robot127!
Destroyed robot187!
Destroyed robot189!
Destroyed robot43!
Destroyed robot51!
Destroyed robot143!
Destroyed robot74!
Destroyed robot151!
Destroyed robot67!
Destroyed robot217!
Destroyed robot56!
Destroyed robot241!
Destroyed robot142!
Destroyed robot150!
Destroyed robot196!
Destroyed robot103!
Destroyed robot180!
Destroyed robot98!
Destroyed robot231!
Destroyed robot101!
Destroyed robot176!
Destroyed robot162!
Destroyed robot10!
Destroyed robot152!
Destroyed robot219!
Destroyed robot141!
Destroyed robot119!
Destroyed robot181!
Destroyed robot168!
Destroyed robot228!
Destroyed robot23!
Destroyed robot198!
Destroyed robot96!
Destroyed robot200!
Destroyed robot69!
Destroyed robot86!
Destroyed robot53!
Destroyed robot234!
Destroyed robot177!
Destroyed robot62!
Destroyed robot245!
Destroyed robot124!
Destroyed robot85!
Destroyed robot11!
Destroyed robot171!
Destroyed robot254!
Destroyed robot242!
Destroyed robot208!
Destroyed robot211!
Destroyed robot140!
Destroyed robot259!
Destroyed robot125!
Destroyed robot105!
Destroyed robot0!
Destroyed robot91!
Destroyed robot186!
Destroyed robot218!
Destroyed robot248!
Destroyed robot215!
Destroyed robot232!
Destroyed robot229!
Destroyed robot3!
Destroyed robot169!
Destroyed robot156!
Destroyed robot249!
Destroyed robot188!
Destroyed robot214!
Destroyed robot77!
Destroyed robot106!
Destroyed robot223!
Destroyed robot130!
Destroyed robot7!
Destroyed robot8!
Destroyed robot239!
Destroyed robot102!
Destroyed robot154!
Destroyed robot135!
Destroyed robot158!
Destroyed robot5!
Destroyed robot1!
Destroyed robot193!
******* testar.sh 260  ********


*** determinar crescimento de RS em relacao 260 robos ****


Experimento numero 14


analise60.sh: line 22: ./testar.sh: Permission denied
mv: cannot stat 'logs': No such file or directory
/home/andersoney/algoritmotcc
Stage 4.3.0 [GUI disabled]
 [Loading automatic1.world][Include map.inc][Include sick.inc][Include pioneer.inc]
Destroyed robot200!
Destroyed robot202!
Destroyed robot36!
Destroyed robot151!
Destroyed robot153!
Destroyed robot228!
Destroyed robot34!
Destroyed robot146!
Destroyed robot163!
Destroyed robot21!
Destroyed robot42!
Destroyed robot208!
Destroyed robot251!
Destroyed robot197!
Destroyed robot3!
Destroyed robot13!
Destroyed robot47!
Destroyed robot230!
Destroyed robot246!
Destroyed robot33!
Destroyed robot247!
Destroyed robot121!
Destroyed robot141!
Destroyed robot23!
Destroyed robot86!
Destroyed robot175!
Destroyed robot30!
Destroyed robot187!
Destroyed robot248!
Destroyed robot219!
Destroyed robot130!
Destroyed robot93!
Destroyed robot227!
Destroyed robot233!
Destroyed robot95!
Destroyed robot74!
Destroyed robot0!
Destroyed robot6!
Destroyed robot97!
Destroyed robot145!
Destroyed robot4!
Destroyed robot111!
Destroyed robot127!
Destroyed robot201!
Destroyed robot14!
Destroyed robot209!
Destroyed robot26!
Destroyed robot43!
Destroyed robot69!
Destroyed robot235!
Destroyed robot168!
Destroyed robot136!
Destroyed robot184!
Destroyed robot48!
Destroyed robot242!
Destroyed robot83!
Destroyed robot223!
Destroyed robot68!
Destroyed robot32!
Destroyed robot203!
Destroyed robot253!
Destroyed robot9!
Destroyed robot254!
Destroyed robot182!
Destroyed robot64!
Destroyed robot198!
Destroyed robot210!
Destroyed robot88!
Destroyed robot24!
Destroyed robot240!
Destroyed robot236!
Destroyed robot155!
Destroyed robot90!
Destroyed robot49!
Destroyed robot103!
Destroyed robot207!
Destroyed robot102!
Destroyed robot11!
Destroyed robot193!
Destroyed robot59!
Destroyed robot144!
Destroyed robot204!
Destroyed robot252!
Destroyed robot57!
Destroyed robot53!
Destroyed robot243!
Destroyed robot25!
Destroyed robot82!
Destroyed robot55!
Destroyed robot225!
Destroyed robot120!
Destroyed robot16!
Destroyed robot238!
Destroyed robot195!
Destroyed robot190!
Destroyed robot142!
Destroyed robot119!
Destroyed robot44!
Destroyed robot99!
Destroyed robot8!
Destroyed robot113!
Destroyed robot71!
Destroyed robot7!
Destroyed robot189!
Destroyed robot76!
Destroyed robot46!
Destroyed robot234!
Destroyed robot226!
Destroyed robot191!
Destroyed robot213!
Destroyed robot112!
Destroyed robot104!
Destroyed robot156!
Destroyed robot98!
Destroyed robot218!
Destroyed robot12!
Destroyed robot211!
Destroyed robot181!
Destroyed robot75!
Destroyed robot160!
Destroyed robot179!
Destroyed robot256!
Destroyed robot222!
Destroyed robot150!
Destroyed robot231!
Destroyed robot217!
Destroyed robot80!
Destroyed robot135!
Destroyed robot78!
Destroyed robot250!
Destroyed robot38!
Destroyed robot10!
Destroyed robot100!
Destroyed robot96!
Destroyed robot224!
Destroyed robot62!
Destroyed robot77!
Destroyed robot171!
Destroyed robot117!
Destroyed robot1!
Destroyed robot58!
Destroyed robot125!
Destroyed robot239!
Destroyed robot79!
Destroyed robot41!
Destroyed robot140!
Destroyed robot29!
Destroyed robot92!
Destroyed robot20!
Destroyed robot149!
Destroyed robot116!
Destroyed robot2!
Destroyed robot109!
Destroyed robot147!
Destroyed robot183!
Destroyed robot22!
Destroyed robot17!
Destroyed robot165!
Destroyed robot5!
Destroyed robot133!
Destroyed robot166!
Destroyed robot87!
Destroyed robot66!
Destroyed robot196!
Destroyed robot177!
Destroyed robot61!
Destroyed robot185!
Destroyed robot199!
Destroyed robot56!
Destroyed robot257!
Destroyed robot174!
Destroyed robot192!
Destroyed robot162!
Destroyed robot173!
Destroyed robot65!
Destroyed robot214!
Destroyed robot170!
Destroyed robot139!
Destroyed robot118!
Destroyed robot126!
Destroyed robot115!
Destroyed robot194!
Destroyed robot258!
Destroyed robot84!
Destroyed robot255!
Destroyed robot129!
Destroyed robot245!
Destroyed robot18!
Destroyed robot178!
Destroyed robot108!
Destroyed robot237!
Destroyed robot70!
Destroyed robot137!
Destroyed robot37!
Destroyed robot232!
Destroyed robot89!
Destroyed robot81!
Destroyed robot73!
Destroyed robot54!
Destroyed robot123!
Destroyed robot180!
Destroyed robot94!
Destroyed robot107!
Destroyed robot52!
Destroyed robot154!
Destroyed robot40!
Destroyed robot221!
Destroyed robot186!
Destroyed robot172!
Destroyed robot148!
Destroyed robot128!
Destroyed robot188!
Destroyed robot72!
Destroyed robot31!
Destroyed robot114!
Destroyed robot28!
Destroyed robot167!
Destroyed robot122!
Destroyed robot205!
Destroyed robot91!
Destroyed robot212!
Destroyed robot134!
Destroyed robot85!
Destroyed robot51!
Destroyed robot143!
Destroyed robot15!
Destroyed robot164!
Destroyed robot101!
Destroyed robot169!
Destroyed robot220!
Destroyed robot152!
Destroyed robot19!
Destroyed robot124!
Destroyed robot27!
Destroyed robot63!
Destroyed robot241!
Destroyed robot159!
Destroyed robot161!
Destroyed robot106!
Destroyed robot244!
Destroyed robot45!
Destroyed robot249!
Destroyed robot138!
Destroyed robot229!
Destroyed robot67!
Destroyed robot110!
Destroyed robot176!
Destroyed robot35!
Destroyed robot158!
Destroyed robot39!
Destroyed robot131!
Destroyed robot132!
Destroyed robot259!
Destroyed robot105!
Destroyed robot216!
Destroyed robot50!
Destroyed robot60!
Destroyed robot157!
Destroyed robot206!
******* testar.sh 260  ********


*** determinar crescimento de RS em relacao 260 robos ****


Experimento numero 15


analise60.sh: line 22: ./testar.sh: Permission denied
mv: cannot stat 'logs': No such file or directory
/home/andersoney/algoritmotcc
Stage 4.3.0 [GUI disabled]
 [Loading automatic1.world][Include map.inc][Include sick.inc][Include pioneer.inc]
Destroyed robot176!
Destroyed robot137!
Destroyed robot172!
Destroyed robot108!
Destroyed robot94!
Destroyed robot233!
Destroyed robot177!
Destroyed robot166!
Destroyed robot154!
Destroyed robot90!
Destroyed robot259!
Destroyed robot55!
Destroyed robot18!
Destroyed robot257!
Destroyed robot15!
Destroyed robot235!
Destroyed robot221!
Destroyed robot111!
Destroyed robot215!
Destroyed robot117!
Destroyed robot46!
Destroyed robot36!
Destroyed robot31!
Destroyed robot19!
Destroyed robot127!
Destroyed robot158!
Destroyed robot175!
Destroyed robot100!
Destroyed robot114!
Destroyed robot82!
Destroyed robot246!
Destroyed robot32!
Destroyed robot250!
Destroyed robot123!
Destroyed robot34!
Destroyed robot151!
Destroyed robot65!
Destroyed robot204!
Destroyed robot248!
Destroyed robot38!
Destroyed robot5!
Destroyed robot256!
Destroyed robot135!
Destroyed robot35!
Destroyed robot241!
Destroyed robot134!
Destroyed robot48!
Destroyed robot214!
Destroyed robot120!
Destroyed robot168!
Destroyed robot163!
Destroyed robot14!
Destroyed robot211!
Destroyed robot6!
Destroyed robot242!
Destroyed robot165!
Destroyed robot189!
Destroyed robot87!
Destroyed robot74!
Destroyed robot13!
Destroyed robot4!
Destroyed robot198!
Destroyed robot124!
Destroyed robot40!
Destroyed robot133!
Destroyed robot92!
Destroyed robot217!
Destroyed robot10!
Destroyed robot28!
Destroyed robot180!
Destroyed robot20!
Destroyed robot238!
Destroyed robot244!
Destroyed robot182!
Destroyed robot216!
Destroyed robot184!
Destroyed robot62!
Destroyed robot12!
Destroyed robot64!
Destroyed robot194!
Destroyed robot21!
Destroyed robot196!
Destroyed robot51!
Destroyed robot236!
Destroyed robot101!
Destroyed robot86!
Destroyed robot52!
Destroyed robot61!
Destroyed robot54!
Destroyed robot130!
Destroyed robot109!
Destroyed robot77!
Destroyed robot224!
Destroyed robot128!
Destroyed robot212!
Destroyed robot112!
Destroyed robot199!
Destroyed robot43!
Destroyed robot253!
Destroyed robot185!
Destroyed robot26!
Destroyed robot195!
Destroyed robot63!
Destroyed robot2!
Destroyed robot239!
Destroyed robot49!
Destroyed robot81!
Destroyed robot210!
Destroyed robot226!
Destroyed robot258!
Destroyed robot104!
Destroyed robot99!
Destroyed robot173!
Destroyed robot89!
Destroyed robot179!
Destroyed robot41!
Destroyed robot219!
Destroyed robot57!
Destroyed robot9!
Destroyed robot126!
Destroyed robot197!
Destroyed robot231!
Destroyed robot136!
Destroyed robot75!
Destroyed robot201!
Destroyed robot33!
Destroyed robot24!
Destroyed robot132!
Destroyed robot103!
Destroyed robot243!
Destroyed robot187!
Destroyed robot91!
Destroyed robot79!
Destroyed robot76!
Destroyed robot110!
Destroyed robot234!
Destroyed robot183!
Destroyed robot93!
Destroyed robot228!
Destroyed robot122!
Destroyed robot152!
Destroyed robot42!
Destroyed robot66!
Destroyed robot140!
Destroyed robot147!
Destroyed robot146!
Destroyed robot218!
Destroyed robot222!
Destroyed robot129!
Destroyed robot240!
Destroyed robot22!
Destroyed robot149!
Destroyed robot237!
Destroyed robot161!
Destroyed robot107!
Destroyed robot192!
Destroyed robot159!
Destroyed robot27!
Destroyed robot203!
Destroyed robot58!
Destroyed robot69!
Destroyed robot16!
Destroyed robot202!
Destroyed robot116!
Destroyed robot50!
Destroyed robot178!
Destroyed robot188!
Destroyed robot143!
Destroyed robot97!
Destroyed robot227!
Destroyed robot254!
Destroyed robot45!
Destroyed robot160!
Destroyed robot157!
Destroyed robot252!
Destroyed robot25!
Destroyed robot255!
Destroyed robot229!
Destroyed robot230!
Destroyed robot131!
Destroyed robot44!
Destroyed robot247!
Destroyed robot191!
Destroyed robot106!
Destroyed robot72!
Destroyed robot205!
Destroyed robot105!
Destroyed robot153!
Destroyed robot60!
Destroyed robot225!
Destroyed robot59!
Destroyed robot145!
Destroyed robot47!
Destroyed robot102!
Destroyed robot83!
Destroyed robot193!
Destroyed robot144!
Destroyed robot156!
Destroyed robot251!
Destroyed robot141!
Destroyed robot80!
Destroyed robot17!
Destroyed robot164!
Destroyed robot232!
Destroyed robot150!
Destroyed robot84!
Destroyed robot88!
Destroyed robot171!
Destroyed robot148!
Destroyed robot119!
Destroyed robot1!
Destroyed robot181!
Destroyed robot113!
Destroyed robot71!
Destroyed robot39!
Destroyed robot200!
Destroyed robot170!
Destroyed robot190!
Destroyed robot115!
Destroyed robot118!
Destroyed robot30!
Destroyed robot70!
Destroyed robot207!
Destroyed robot223!
Destroyed robot8!
Destroyed robot167!
Destroyed robot206!
Destroyed robot213!
Destroyed robot96!
Destroyed robot85!
Destroyed robot142!
Destroyed robot121!
Destroyed robot125!
Destroyed robot29!
Destroyed robot162!
Destroyed robot73!
Destroyed robot95!
Destroyed robot208!
Destroyed robot23!
Destroyed robot37!
Destroyed robot0!
Destroyed robot3!
Destroyed robot245!
Destroyed robot7!
Destroyed robot220!
Destroyed robot56!
Destroyed robot67!
Destroyed robot174!
Destroyed robot169!
Destroyed robot78!
Destroyed robot11!
Destroyed robot249!
Destroyed robot138!
Destroyed robot98!
Destroyed robot53!
Destroyed robot139!
Destroyed robot68!
Destroyed robot155!
Destroyed robot186!
******* testar.sh 260  ********


*** determinar crescimento de RS em relacao 260 robos ****


Experimento numero 16


analise60.sh: line 22: ./testar.sh: Permission denied
mv: cannot stat 'logs': No such file or directory
/home/andersoney/algoritmotcc
Stage 4.3.0 [GUI disabled]
 [Loading automatic1.world][Include map.inc][Include sick.inc][Include pioneer.inc]
Destroyed robot161!
Destroyed robot115!
Destroyed robot104!
Destroyed robot219!
Destroyed robot11!
Destroyed robot155!
Destroyed robot86!
Destroyed robot101!
Destroyed robot238!
Destroyed robot187!
Destroyed robot21!
Destroyed robot156!
Destroyed robot2!
Destroyed robot228!
Destroyed robot81!
Destroyed robot212!
Destroyed robot59!
Destroyed robot236!
Destroyed robot14!
Destroyed robot82!
Destroyed robot255!
Destroyed robot0!
Destroyed robot198!
Destroyed robot57!
Destroyed robot165!
Destroyed robot65!
Destroyed robot109!
Destroyed robot197!
Destroyed robot60!
Destroyed robot52!
Destroyed robot39!
Destroyed robot145!
Destroyed robot153!
Destroyed robot170!
Destroyed robot87!
Destroyed robot9!
Destroyed robot254!
Destroyed robot151!
Destroyed robot211!
Destroyed robot1!
Destroyed robot3!
Destroyed robot244!
Destroyed robot159!
Destroyed robot20!
Destroyed robot163!
Destroyed robot250!
Destroyed robot111!
Destroyed robot15!
Destroyed robot195!
Destroyed robot220!
Destroyed robot110!
Destroyed robot26!
Destroyed robot246!
Destroyed robot175!
Destroyed robot121!
Destroyed robot118!
Destroyed robot58!
Destroyed robot218!
Destroyed robot192!
Destroyed robot47!
Destroyed robot177!
Destroyed robot224!
Destroyed robot245!
Destroyed robot190!
Destroyed robot167!
Destroyed robot83!
Destroyed robot99!
Destroyed robot53!
Destroyed robot230!
Destroyed robot147!
Destroyed robot7!
Destroyed robot112!
Destroyed robot141!
Destroyed robot252!
Destroyed robot36!
Destroyed robot237!
Destroyed robot80!
Destroyed robot241!
Destroyed robot45!
Destroyed robot28!
Destroyed robot30!
Destroyed robot120!
Destroyed robot180!
Destroyed robot41!
Destroyed robot213!
Destroyed robot70!
Destroyed robot248!
Destroyed robot242!
Destroyed robot202!
Destroyed robot164!
Destroyed robot33!
Destroyed robot35!
Destroyed robot223!
Destroyed robot253!
Destroyed robot134!
Destroyed robot90!
Destroyed robot140!
Destroyed robot189!
Destroyed robot108!
Destroyed robot63!
Destroyed robot188!
Destroyed robot56!
Destroyed robot40!
Destroyed robot181!
Destroyed robot89!
Destroyed robot37!
Destroyed robot203!
Destroyed robot206!
Destroyed robot142!
Destroyed robot24!
Destroyed robot13!
Destroyed robot96!
Destroyed robot138!
Destroyed robot199!
Destroyed robot62!
Destroyed robot38!
Destroyed robot84!
Destroyed robot221!
Destroyed robot18!
Destroyed robot128!
Destroyed robot243!
Destroyed robot43!
Destroyed robot74!
Destroyed robot179!
Destroyed robot131!
Destroyed robot225!
Destroyed robot8!
Destroyed robot132!
Destroyed robot22!
Destroyed robot73!
Destroyed robot76!
Destroyed robot222!
Destroyed robot10!
Destroyed robot234!
Destroyed robot185!
Destroyed robot251!
Destroyed robot75!
Destroyed robot106!
Destroyed robot191!
Destroyed robot204!
Destroyed robot143!
Destroyed robot169!
Destroyed robot98!
Destroyed robot114!
Destroyed robot216!
Destroyed robot49!
Destroyed robot124!
Destroyed robot135!
Destroyed robot157!
Destroyed robot233!
Destroyed robot239!
Destroyed robot214!
Destroyed robot122!
Destroyed robot34!
Destroyed robot171!
Destroyed robot12!
Destroyed robot125!
Destroyed robot93!
Destroyed robot259!
Destroyed robot144!
Destroyed robot174!
Destroyed robot116!
Destroyed robot150!
Destroyed robot55!
Destroyed robot71!
Destroyed robot258!
Destroyed robot79!
Destroyed robot88!
Destroyed robot227!
Destroyed robot235!
Destroyed robot51!
Destroyed robot103!
Destroyed robot166!
Destroyed robot50!
Destroyed robot209!
Destroyed robot172!
Destroyed robot85!
Destroyed robot69!
Destroyed robot19!
Destroyed robot130!
Destroyed robot136!
Destroyed robot137!
Destroyed robot32!
Destroyed robot27!
Destroyed robot193!
Destroyed robot183!
Destroyed robot16!
Destroyed robot25!
Destroyed robot210!
Destroyed robot207!
Destroyed robot94!
Destroyed robot205!
Destroyed robot247!
Destroyed robot4!
Destroyed robot17!
Destroyed robot178!
Destroyed robot6!
Destroyed robot176!
Destroyed robot229!
Destroyed robot257!
Destroyed robot64!
Destroyed robot44!
Destroyed robot152!
Destroyed robot72!
Destroyed robot182!
Destroyed robot240!
Destroyed robot217!
Destroyed robot133!
Destroyed robot208!
Destroyed robot149!
Destroyed robot256!
Destroyed robot77!
Destroyed robot117!
Destroyed robot158!
Destroyed robot23!
Destroyed robot146!
Destroyed robot226!
Destroyed robot123!
Destroyed robot215!
Destroyed robot78!
Destroyed robot107!
Destroyed robot194!
Destroyed robot168!
Destroyed robot148!
Destroyed robot31!
Destroyed robot97!
Destroyed robot92!
Destroyed robot68!
Destroyed robot102!
Destroyed robot95!
Destroyed robot162!
Destroyed robot154!
Destroyed robot173!
Destroyed robot139!
Destroyed robot113!
Destroyed robot105!
Destroyed robot54!
Destroyed robot231!
Destroyed robot67!
Destroyed robot119!
Destroyed robot200!
Destroyed robot46!
Destroyed robot201!
Destroyed robot126!
Destroyed robot48!
Destroyed robot129!
Destroyed robot184!
Destroyed robot29!
Destroyed robot66!
Destroyed robot127!
Destroyed robot5!
Destroyed robot42!
Destroyed robot196!
Destroyed robot249!
Destroyed robot100!
Destroyed robot186!
Destroyed robot61!
Destroyed robot160!
Destroyed robot91!
******* testar.sh 260  ********


*** determinar crescimento de RS em relacao 260 robos ****


Experimento numero 17


analise60.sh: line 22: ./testar.sh: Permission denied
mv: cannot stat 'logs': No such file or directory
/home/andersoney/algoritmotcc
Stage 4.3.0 [GUI disabled]
 [Loading automatic1.world][Include map.inc][Include sick.inc][Include pioneer.inc]
Destroyed robot76!
Destroyed robot180!
Destroyed robot67!
Destroyed robot159!
Destroyed robot142!
Destroyed robot75!
Destroyed robot13!
Destroyed robot32!
Destroyed robot190!
Destroyed robot246!
Destroyed robot59!
Destroyed robot110!
Destroyed robot202!
Destroyed robot209!
Destroyed robot80!
Destroyed robot198!
Destroyed robot3!
Destroyed robot83!
Destroyed robot257!
Destroyed robot101!
Destroyed robot113!
Destroyed robot131!
Destroyed robot153!
Destroyed robot74!
Destroyed robot122!
Destroyed robot35!
Destroyed robot155!
Destroyed robot34!
Destroyed robot258!
Destroyed robot178!
Destroyed robot239!
Destroyed robot71!
Destroyed robot66!
Destroyed robot42!
Destroyed robot6!
Destroyed robot214!
Destroyed robot29!
Destroyed robot193!
Destroyed robot98!
Destroyed robot126!
Destroyed robot181!
Destroyed robot130!
Destroyed robot124!
Destroyed robot161!
Destroyed robot232!
Destroyed robot227!
Destroyed robot156!
Destroyed robot51!
Destroyed robot87!
Destroyed robot70!
Destroyed robot150!
Destroyed robot154!
Destroyed robot90!
Destroyed robot177!
Destroyed robot240!
Destroyed robot168!
Destroyed robot15!
Destroyed robot235!
Destroyed robot254!
Destroyed robot94!
Destroyed robot206!
Destroyed robot78!
Destroyed robot145!
Destroyed robot253!
Destroyed robot86!
Destroyed robot27!
Destroyed robot252!
Destroyed robot116!
Destroyed robot163!
Destroyed robot228!
Destroyed robot238!
Destroyed robot223!
Destroyed robot241!
Destroyed robot188!
Destroyed robot104!
Destroyed robot8!
Destroyed robot26!
Destroyed robot57!
Destroyed robot95!
Destroyed robot40!
Destroyed robot52!
Destroyed robot9!
Destroyed robot157!
Destroyed robot64!
Destroyed robot60!
Destroyed robot213!
Destroyed robot201!
Destroyed robot173!
Destroyed robot39!
Destroyed robot81!
Destroyed robot121!
Destroyed robot38!
Destroyed robot195!
Destroyed robot176!
Destroyed robot234!
Destroyed robot18!
Destroyed robot139!
Destroyed robot184!
Destroyed robot20!
Destroyed robot210!
Destroyed robot100!
Destroyed robot208!
Destroyed robot204!
Destroyed robot205!
Destroyed robot84!
Destroyed robot185!
Destroyed robot21!
Destroyed robot43!
Destroyed robot169!
Destroyed robot148!
Destroyed robot37!
Destroyed robot215!
Destroyed robot4!
Destroyed robot203!
Destroyed robot89!
Destroyed robot212!
Destroyed robot25!
Destroyed robot233!
Destroyed robot111!
Destroyed robot119!
Destroyed robot61!
Destroyed robot7!
Destroyed robot23!
Destroyed robot62!
Destroyed robot141!
Destroyed robot236!
Destroyed robot105!
Destroyed robot36!
Destroyed robot137!
Destroyed robot174!
Destroyed robot48!
Destroyed robot44!
Destroyed robot199!
Destroyed robot226!
Destroyed robot220!
Destroyed robot115!
Destroyed robot30!
Destroyed robot0!
Destroyed robot55!
Destroyed robot12!
Destroyed robot120!
Destroyed robot54!
Destroyed robot77!
Destroyed robot237!
Destroyed robot125!
Destroyed robot127!
Destroyed robot91!
Destroyed robot107!
Destroyed robot224!
Destroyed robot172!
Destroyed robot33!
Destroyed robot56!
Destroyed robot135!
Destroyed robot5!
Destroyed robot164!
Destroyed robot230!
Destroyed robot58!
Destroyed robot102!
Destroyed robot222!
Destroyed robot194!
Destroyed robot109!
Destroyed robot72!
Destroyed robot65!
Destroyed robot128!
Destroyed robot158!
Destroyed robot133!
Destroyed robot114!
Destroyed robot147!
Destroyed robot242!
Destroyed robot28!
Destroyed robot225!
Destroyed robot96!
Destroyed robot14!
Destroyed robot211!
Destroyed robot151!
Destroyed robot250!
Destroyed robot166!
Destroyed robot16!
Destroyed robot200!
Destroyed robot149!
Destroyed robot2!
Destroyed robot46!
Destroyed robot108!
Destroyed robot82!
Destroyed robot17!
Destroyed robot50!
Destroyed robot219!
Destroyed robot231!
Destroyed robot207!
Destroyed robot160!
Destroyed robot251!
Destroyed robot221!
Destroyed robot229!
Destroyed robot247!
Destroyed robot259!
Destroyed robot134!
Destroyed robot165!
Destroyed robot138!
Destroyed robot132!
Destroyed robot99!
Destroyed robot245!
Destroyed robot248!
Destroyed robot217!
Destroyed robot162!
Destroyed robot117!
Destroyed robot183!
Destroyed robot191!
Destroyed robot11!
Destroyed robot41!
Destroyed robot189!
Destroyed robot196!
Destroyed robot22!
Destroyed robot143!
Destroyed robot146!
Destroyed robot47!
Destroyed robot123!
Destroyed robot68!
Destroyed robot85!
Destroyed robot24!
Destroyed robot197!
Destroyed robot88!
Destroyed robot53!
Destroyed robot69!
Destroyed robot31!
Destroyed robot182!
Destroyed robot136!
Destroyed robot19!
Destroyed robot1!
Destroyed robot244!
Destroyed robot175!
Destroyed robot218!
Destroyed robot10!
Destroyed robot192!
Destroyed robot179!
Destroyed robot144!
Destroyed robot103!
Destroyed robot256!
Destroyed robot45!
Destroyed robot79!
Destroyed robot112!
Destroyed robot243!
Destroyed robot118!
Destroyed robot129!
Destroyed robot140!
Destroyed robot73!
Destroyed robot249!
Destroyed robot216!
Destroyed robot106!
Destroyed robot170!
Destroyed robot152!
Destroyed robot93!
Destroyed robot186!
Destroyed robot97!
Destroyed robot255!
Destroyed robot187!
Destroyed robot171!
Destroyed robot167!
Destroyed robot49!
Destroyed robot63!
******* testar.sh 260  ********


*** determinar crescimento de RS em relacao 260 robos ****


Experimento numero 18


analise60.sh: line 22: ./testar.sh: Permission denied
mv: cannot stat 'logs': No such file or directory
/home/andersoney/algoritmotcc
Stage 4.3.0 [GUI disabled]
 [Loading automatic1.world][Include map.inc][Include sick.inc][Include pioneer.inc]
Destroyed robot212!
Destroyed robot59!
Destroyed robot232!
Destroyed robot29!
Destroyed robot151!
Destroyed robot7!
Destroyed robot58!
Destroyed robot73!
Destroyed robot105!
Destroyed robot184!
Destroyed robot113!
Destroyed robot23!
Destroyed robot214!
Destroyed robot40!
Destroyed robot65!
Destroyed robot46!
Destroyed robot171!
Destroyed robot226!
Destroyed robot176!
Destroyed robot215!
Destroyed robot53!
Destroyed robot102!
Destroyed robot99!
Destroyed robot112!
Destroyed robot52!
Destroyed robot233!
Destroyed robot165!
Destroyed robot39!
Destroyed robot224!
Destroyed robot251!
Destroyed robot50!
Destroyed robot137!
Destroyed robot123!
Destroyed robot115!
Destroyed robot80!
Destroyed robot125!
Destroyed robot20!
Destroyed robot227!
Destroyed robot109!
Destroyed robot79!
Destroyed robot163!
Destroyed robot146!
Destroyed robot76!
Destroyed robot144!
Destroyed robot124!
Destroyed robot96!
Destroyed robot132!
Destroyed robot69!
Destroyed robot28!
Destroyed robot22!
Destroyed robot3!
Destroyed robot92!
Destroyed robot110!
Destroyed robot97!
Destroyed robot24!
Destroyed robot117!
Destroyed robot237!
Destroyed robot218!
Destroyed robot235!
Destroyed robot126!
Destroyed robot43!
Destroyed robot67!
Destroyed robot222!
Destroyed robot244!
Destroyed robot56!
Destroyed robot185!
Destroyed robot236!
Destroyed robot252!
Destroyed robot121!
Destroyed robot72!
Destroyed robot246!
Destroyed robot122!
Destroyed robot70!
Destroyed robot197!
Destroyed robot0!
Destroyed robot203!
Destroyed robot9!
Destroyed robot228!
Destroyed robot11!
Destroyed robot133!
Destroyed robot95!
Destroyed robot170!
Destroyed robot240!
Destroyed robot189!
Destroyed robot194!
Destroyed robot154!
Destroyed robot198!
Destroyed robot139!
Destroyed robot34!
Destroyed robot149!
Destroyed robot142!
Destroyed robot100!
Destroyed robot231!
Destroyed robot57!
Destroyed robot48!
Destroyed robot181!
Destroyed robot74!
Destroyed robot258!
Destroyed robot220!
Destroyed robot201!
Destroyed robot238!
Destroyed robot66!
Destroyed robot120!
Destroyed robot75!
Destroyed robot147!
Destroyed robot195!
Destroyed robot10!
Destroyed robot211!
Destroyed robot17!
Destroyed robot85!
Destroyed robot161!
Destroyed robot18!
Destroyed robot107!
Destroyed robot164!
Destroyed robot16!
Destroyed robot8!
Destroyed robot169!
Destroyed robot12!
Destroyed robot141!
Destroyed robot202!
Destroyed robot128!
Destroyed robot172!
Destroyed robot15!
Destroyed robot87!
Destroyed robot2!
Destroyed robot33!
Destroyed robot150!
Destroyed robot143!
Destroyed robot94!
Destroyed robot255!
Destroyed robot83!
Destroyed robot44!
Destroyed robot35!
Destroyed robot71!
Destroyed robot93!
Destroyed robot177!
Destroyed robot243!
Destroyed robot180!
Destroyed robot190!
Destroyed robot207!
Destroyed robot42!
Destroyed robot230!
Destroyed robot187!
Destroyed robot160!
Destroyed robot193!
Destroyed robot134!
Destroyed robot248!
Destroyed robot61!
Destroyed robot36!
Destroyed robot245!
Destroyed robot86!
Destroyed robot127!
Destroyed robot196!
Destroyed robot49!
Destroyed robot135!
Destroyed robot64!
Destroyed robot182!
Destroyed robot153!
Destroyed robot241!
Destroyed robot179!
Destroyed robot221!
Destroyed robot37!
Destroyed robot90!
Destroyed robot114!
Destroyed robot156!
Destroyed robot157!
Destroyed robot81!
Destroyed robot89!
Destroyed robot26!
Destroyed robot116!
Destroyed robot32!
Destroyed robot1!
Destroyed robot13!
Destroyed robot60!
Destroyed robot38!
Destroyed robot148!
Destroyed robot257!
Destroyed robot183!
Destroyed robot223!
Destroyed robot225!
Destroyed robot155!
Destroyed robot213!
Destroyed robot108!
Destroyed robot131!
Destroyed robot145!
Destroyed robot216!
Destroyed robot130!
Destroyed robot204!
Destroyed robot229!
Destroyed robot208!
Destroyed robot242!
Destroyed robot119!
Destroyed robot25!
Destroyed robot136!
Destroyed robot31!
Destroyed robot168!
Destroyed robot4!
Destroyed robot129!
Destroyed robot254!
Destroyed robot217!
Destroyed robot209!
Destroyed robot178!
Destroyed robot234!
Destroyed robot253!
Destroyed robot247!
Destroyed robot62!
Destroyed robot19!
Destroyed robot249!
Destroyed robot5!
Destroyed robot27!
Destroyed robot98!
Destroyed robot21!
Destroyed robot259!
Destroyed robot199!
Destroyed robot91!
Destroyed robot188!
Destroyed robot166!
Destroyed robot162!
Destroyed robot256!
Destroyed robot45!
Destroyed robot6!
Destroyed robot106!
Destroyed robot192!
Destroyed robot54!
Destroyed robot30!
Destroyed robot250!
Destroyed robot186!
Destroyed robot51!
Destroyed robot210!
Destroyed robot239!
Destroyed robot78!
Destroyed robot205!
Destroyed robot68!
Destroyed robot206!
Destroyed robot41!
Destroyed robot104!
Destroyed robot118!
Destroyed robot152!
Destroyed robot63!
Destroyed robot101!
Destroyed robot191!
Destroyed robot175!
Destroyed robot140!
Destroyed robot219!
Destroyed robot138!
Destroyed robot47!
Destroyed robot200!
Destroyed robot55!
Destroyed robot103!
Destroyed robot82!
Destroyed robot173!
Destroyed robot158!
Destroyed robot84!
Destroyed robot111!
Destroyed robot88!
Destroyed robot14!
Destroyed robot77!
Destroyed robot174!
Destroyed robot167!
******* testar.sh 260  ********


*** determinar crescimento de RS em relacao 260 robos ****


Experimento numero 19


analise60.sh: line 22: ./testar.sh: Permission denied
mv: cannot stat 'logs': No such file or directory
/home/andersoney/algoritmotcc
Stage 4.3.0 [GUI disabled]
 [Loading automatic1.world][Include map.inc][Include sick.inc][Include pioneer.inc]
Destroyed robot88!
Destroyed robot164!
Destroyed robot174!
Destroyed robot124!
Destroyed robot163!
Destroyed robot223!
Destroyed robot12!
Destroyed robot161!
Destroyed robot190!
Destroyed robot215!
Destroyed robot243!
Destroyed robot109!
Destroyed robot196!
Destroyed robot206!
Destroyed robot52!
Destroyed robot66!
Destroyed robot25!
Destroyed robot79!
Destroyed robot237!
Destroyed robot145!
Destroyed robot211!
Destroyed robot35!
Destroyed robot182!
Destroyed robot173!
Destroyed robot55!
Destroyed robot131!
Destroyed robot175!
Destroyed robot246!
Destroyed robot86!
Destroyed robot61!
Destroyed robot16!
Destroyed robot236!
Destroyed robot128!
Destroyed robot62!
Destroyed robot200!
Destroyed robot44!
Destroyed robot178!
Destroyed robot91!
Destroyed robot179!
Destroyed robot188!
Destroyed robot3!
Destroyed robot18!
Destroyed robot83!
Destroyed robot241!
Destroyed robot48!
Destroyed robot36!
Destroyed robot7!
Destroyed robot228!
Destroyed robot69!
Destroyed robot150!
Destroyed robot103!
Destroyed robot214!
Destroyed robot176!
Destroyed robot238!
Destroyed robot146!
Destroyed robot227!
Destroyed robot204!
Destroyed robot75!
Destroyed robot183!
Destroyed robot23!
Destroyed robot76!
Destroyed robot74!
Destroyed robot10!
Destroyed robot229!
Destroyed robot149!
Destroyed robot162!
Destroyed robot4!
Destroyed robot134!
Destroyed robot53!
Destroyed robot60!
Destroyed robot108!
Destroyed robot194!
Destroyed robot27!
Destroyed robot101!
Destroyed robot156!
Destroyed robot63!
Destroyed robot43!
Destroyed robot166!
Destroyed robot224!
Destroyed robot93!
Destroyed robot144!
Destroyed robot157!
Destroyed robot58!
Destroyed robot110!
Destroyed robot77!
Destroyed robot123!
Destroyed robot59!
Destroyed robot251!
Destroyed robot102!
Destroyed robot203!
Destroyed robot121!
Destroyed robot254!
Destroyed robot242!
Destroyed robot56!
Destroyed robot245!
Destroyed robot192!
Destroyed robot8!
Destroyed robot107!
Destroyed robot201!
Destroyed robot184!
Destroyed robot42!
Destroyed robot9!
Destroyed robot50!
Destroyed robot210!
Destroyed robot256!
Destroyed robot96!
Destroyed robot208!
Destroyed robot87!
Destroyed robot6!
Destroyed robot189!
Destroyed robot152!
Destroyed robot221!
Destroyed robot252!
Destroyed robot139!
Destroyed robot225!
Destroyed robot125!
Destroyed robot202!
Destroyed robot39!
Destroyed robot235!
Destroyed robot117!
Destroyed robot47!
Destroyed robot231!
Destroyed robot65!
Destroyed robot132!
Destroyed robot34!
Destroyed robot232!
Destroyed robot195!
Destroyed robot151!
Destroyed robot138!
Destroyed robot100!
Destroyed robot158!
Destroyed robot14!
Destroyed robot140!
Destroyed robot141!
Destroyed robot126!
Destroyed robot205!
Destroyed robot165!
Destroyed robot142!
Destroyed robot168!
Destroyed robot155!
Destroyed robot32!
Destroyed robot135!
Destroyed robot24!
Destroyed robot213!
Destroyed robot70!
Destroyed robot143!
Destroyed robot199!
Destroyed robot230!
Destroyed robot153!
Destroyed robot89!
Destroyed robot41!
Destroyed robot257!
Destroyed robot250!
Destroyed robot171!
Destroyed robot54!
Destroyed robot30!
Destroyed robot90!
Destroyed robot94!
Destroyed robot40!
Destroyed robot113!
Destroyed robot116!
Destroyed robot127!
Destroyed robot15!
Destroyed robot160!
Destroyed robot148!
Destroyed robot170!
Destroyed robot219!
Destroyed robot2!
Destroyed robot234!
Destroyed robot105!
Destroyed robot137!
Destroyed robot13!
Destroyed robot253!
Destroyed robot64!
Destroyed robot68!
Destroyed robot45!
Destroyed robot233!
Destroyed robot37!
Destroyed robot191!
Destroyed robot218!
Destroyed robot180!
Destroyed robot19!
Destroyed robot46!
Destroyed robot120!
Destroyed robot51!
Destroyed robot197!
Destroyed robot99!
Destroyed robot31!
Destroyed robot220!
Destroyed robot169!
Destroyed robot248!
Destroyed robot78!
Destroyed robot258!
Destroyed robot212!
Destroyed robot17!
Destroyed robot159!
Destroyed robot73!
Destroyed robot112!
Destroyed robot255!
Destroyed robot193!
Destroyed robot5!
Destroyed robot136!
Destroyed robot20!
Destroyed robot122!
Destroyed robot187!
Destroyed robot118!
Destroyed robot1!
Destroyed robot57!
Destroyed robot71!
Destroyed robot21!
Destroyed robot226!
Destroyed robot38!
Destroyed robot119!
Destroyed robot133!
Destroyed robot217!
Destroyed robot198!
Destroyed robot177!
Destroyed robot33!
Destroyed robot82!
Destroyed robot239!
Destroyed robot186!
Destroyed robot240!
Destroyed robot104!
Destroyed robot106!
Destroyed robot29!
Destroyed robot181!
Destroyed robot84!
Destroyed robot172!
Destroyed robot222!
Destroyed robot259!
Destroyed robot97!
Destroyed robot85!
Destroyed robot147!
Destroyed robot11!
Destroyed robot207!
Destroyed robot72!
Destroyed robot81!
Destroyed robot0!
Destroyed robot216!
Destroyed robot249!
Destroyed robot115!
Destroyed robot28!
Destroyed robot22!
Destroyed robot80!
Destroyed robot114!
Destroyed robot154!
Destroyed robot185!
Destroyed robot92!
Destroyed robot167!
Destroyed robot129!
Destroyed robot67!
Destroyed robot111!
Destroyed robot98!
Destroyed robot130!
Destroyed robot95!
Destroyed robot247!
Destroyed robot209!
Destroyed robot49!
Destroyed robot26!
******* testar.sh 260  ********


*** determinar crescimento de RS em relacao 260 robos ****


Experimento numero 20


analise60.sh: line 22: ./testar.sh: Permission denied
mv: cannot stat 'logs': No such file or directory
/home/andersoney/algoritmotcc
Stage 4.3.0 [GUI disabled]
 [Loading automatic1.world][Include map.inc][Include sick.inc][Include pioneer.inc]
Destroyed robot49!
Destroyed robot70!
Destroyed robot69!
Destroyed robot56!
Destroyed robot115!
Destroyed robot218!
Destroyed robot15!
Destroyed robot43!
Destroyed robot97!
Destroyed robot163!
Destroyed robot238!
Destroyed robot74!
Destroyed robot27!
Destroyed robot203!
Destroyed robot198!
Destroyed robot167!
Destroyed robot246!
Destroyed robot9!
Destroyed robot132!
Destroyed robot171!
Destroyed robot178!
Destroyed robot223!
Destroyed robot18!
Destroyed robot87!
Destroyed robot174!
Destroyed robot21!
Destroyed robot7!
Destroyed robot130!
Destroyed robot221!
Destroyed robot220!
Destroyed robot245!
Destroyed robot54!
Destroyed robot68!
Destroyed robot182!
Destroyed robot30!
Destroyed robot102!
Destroyed robot237!
Destroyed robot177!
Destroyed robot46!
Destroyed robot254!
Destroyed robot147!
Destroyed robot230!
Destroyed robot164!
Destroyed robot108!
Destroyed robot92!
Destroyed robot53!
Destroyed robot173!
Destroyed robot205!
Destroyed robot45!
Destroyed robot240!
Destroyed robot83!
Destroyed robot239!
Destroyed robot37!
Destroyed robot11!
Destroyed robot146!
Destroyed robot224!
Destroyed robot96!
Destroyed robot199!
Destroyed robot65!
Destroyed robot212!
Destroyed robot190!
Destroyed robot82!
Destroyed robot109!
Destroyed robot75!
Destroyed robot179!
Destroyed robot57!
Destroyed robot156!
Destroyed robot19!
Destroyed robot137!
Destroyed robot98!
Destroyed robot110!
Destroyed robot142!
Destroyed robot139!
Destroyed robot111!
Destroyed robot8!
Destroyed robot150!
Destroyed robot3!
Destroyed robot176!
Destroyed robot80!
Destroyed robot197!
Destroyed robot128!
Destroyed robot85!
Destroyed robot236!
Destroyed robot119!
Destroyed robot48!
Destroyed robot122!
Destroyed robot127!
Destroyed robot118!
Destroyed robot26!
Destroyed robot52!
Destroyed robot216!
Destroyed robot191!
Destroyed robot193!
Destroyed robot149!
Destroyed robot41!
Destroyed robot195!
Destroyed robot135!
Destroyed robot10!
Destroyed robot152!
Destroyed robot175!
Destroyed robot123!
Destroyed robot247!
Destroyed robot151!
Destroyed robot232!
Destroyed robot0!
Destroyed robot31!
Destroyed robot71!
Destroyed robot217!
Destroyed robot211!
Destroyed robot229!
Destroyed robot64!
Destroyed robot114!
Destroyed robot192!
Destroyed robot5!
Destroyed robot4!
Destroyed robot201!
Destroyed robot90!
Destroyed robot166!
Destroyed robot181!
Destroyed robot258!
Destroyed robot204!
Destroyed robot34!
Destroyed robot153!
Destroyed robot117!
Destroyed robot189!
Destroyed robot256!
Destroyed robot248!
Destroyed robot219!
Destroyed robot2!
Destroyed robot32!
Destroyed robot188!
Destroyed robot169!
Destroyed robot242!
Destroyed robot17!
Destroyed robot226!
Destroyed robot253!
Destroyed robot172!
Destroyed robot185!
Destroyed robot62!
Destroyed robot215!
Destroyed robot1!
Destroyed robot58!
Destroyed robot138!
Destroyed robot39!
Destroyed robot133!
Destroyed robot63!
Destroyed robot235!
Destroyed robot95!
Destroyed robot104!
Destroyed robot81!
Destroyed robot107!
Destroyed robot129!
Destroyed robot202!
Destroyed robot131!
Destroyed robot161!
Destroyed robot160!
Destroyed robot213!
Destroyed robot94!
Destroyed robot255!
Destroyed robot155!
Destroyed robot228!
Destroyed robot225!
Destroyed robot20!
Destroyed robot183!
Destroyed robot38!
Destroyed robot88!
Destroyed robot91!
Destroyed robot105!
Destroyed robot86!
Destroyed robot209!
Destroyed robot36!
Destroyed robot93!
Destroyed robot187!
Destroyed robot136!
Destroyed robot106!
Destroyed robot233!
Destroyed robot210!
Destroyed robot214!
Destroyed robot162!
Destroyed robot257!
Destroyed robot168!
Destroyed robot103!
Destroyed robot67!
Destroyed robot50!
Destroyed robot180!
Destroyed robot250!
Destroyed robot12!
Destroyed robot72!
Destroyed robot23!
Destroyed robot47!
Destroyed robot206!
Destroyed robot13!
Destroyed robot89!
Destroyed robot84!
Destroyed robot145!
Destroyed robot73!
Destroyed robot234!
Destroyed robot143!
Destroyed robot184!
Destroyed robot196!
Destroyed robot222!
Destroyed robot79!
Destroyed robot77!
Destroyed robot157!
Destroyed robot244!
Destroyed robot259!
Destroyed robot154!
Destroyed robot200!
Destroyed robot241!
Destroyed robot101!
Destroyed robot14!
Destroyed robot24!
Destroyed robot126!
Destroyed robot113!
Destroyed robot158!
Destroyed robot51!
Destroyed robot42!
Destroyed robot61!
Destroyed robot134!
Destroyed robot22!
Destroyed robot141!
Destroyed robot159!
Destroyed robot33!
Destroyed robot252!
Destroyed robot231!
Destroyed robot100!
Destroyed robot148!
Destroyed robot125!
Destroyed robot186!
Destroyed robot28!
Destroyed robot35!
Destroyed robot60!
Destroyed robot112!
Destroyed robot59!
Destroyed robot16!
Destroyed robot144!
Destroyed robot170!
Destroyed robot66!
Destroyed robot165!
Destroyed robot29!
Destroyed robot121!
Destroyed robot78!
Destroyed robot251!
Destroyed robot124!
Destroyed robot208!
Destroyed robot243!
Destroyed robot140!
Destroyed robot44!
Destroyed robot99!
Destroyed robot6!
Destroyed robot76!
Destroyed robot40!
Destroyed robot55!
Destroyed robot207!
Destroyed robot120!
Destroyed robot194!
Destroyed robot227!
Destroyed robot116!
Destroyed robot249!
******* testar.sh 260  ********


*** determinar crescimento de RS em relacao 260 robos ****


Experimento numero 21


analise60.sh: line 22: ./testar.sh: Permission denied
mv: cannot stat 'logs': No such file or directory
/home/andersoney/algoritmotcc
Stage 4.3.0 [GUI disabled]
 [Loading automatic1.world][Include map.inc][Include sick.inc][Include pioneer.inc]
Destroyed robot144!
Destroyed robot173!
Destroyed robot250!
Destroyed robot153!
Destroyed robot178!
Destroyed robot8!
Destroyed robot44!
Destroyed robot258!
Destroyed robot62!
Destroyed robot167!
Destroyed robot54!
Destroyed robot71!
Destroyed robot0!
Destroyed robot74!
Destroyed robot94!
Destroyed robot32!
Destroyed robot142!
Destroyed robot23!
Destroyed robot61!
Destroyed robot31!
Destroyed robot119!
Destroyed robot51!
Destroyed robot46!
Destroyed robot25!
Destroyed robot59!
Destroyed robot28!
Destroyed robot191!
Destroyed robot38!
Destroyed robot49!
Destroyed robot162!
Destroyed robot182!
Destroyed robot14!
Destroyed robot133!
Destroyed robot63!
Destroyed robot140!
Destroyed robot7!
Destroyed robot33!
Destroyed robot149!
Destroyed robot247!
Destroyed robot193!
Destroyed robot55!
Destroyed robot92!
Destroyed robot110!
Destroyed robot17!
Destroyed robot230!
Destroyed robot138!
Destroyed robot102!
Destroyed robot206!
Destroyed robot29!
Destroyed robot188!
Destroyed robot18!
Destroyed robot41!
Destroyed robot103!
Destroyed robot147!
Destroyed robot232!
Destroyed robot6!
Destroyed robot20!
Destroyed robot239!
Destroyed robot81!
Destroyed robot195!
Destroyed robot107!
Destroyed robot83!
Destroyed robot52!
Destroyed robot125!
Destroyed robot100!
Destroyed robot66!
Destroyed robot69!
Destroyed robot257!
Destroyed robot56!
Destroyed robot123!
Destroyed robot131!
Destroyed robot225!
Destroyed robot201!
Destroyed robot185!
Destroyed robot146!
Destroyed robot87!
Destroyed robot143!
Destroyed robot79!
Destroyed robot3!
Destroyed robot26!
Destroyed robot126!
Destroyed robot40!
Destroyed robot158!
Destroyed robot24!
Destroyed robot30!
Destroyed robot22!
Destroyed robot241!
Destroyed robot121!
Destroyed robot168!
Destroyed robot88!
Destroyed robot95!
Destroyed robot72!
Destroyed robot16!
Destroyed robot187!
Destroyed robot246!
Destroyed robot227!
Destroyed robot122!
Destroyed robot36!
Destroyed robot199!
Destroyed robot172!
Destroyed robot220!
Destroyed robot43!
Destroyed robot210!
Destroyed robot73!
Destroyed robot76!
Destroyed robot112!
Destroyed robot166!
Destroyed robot170!
Destroyed robot200!
Destroyed robot45!
Destroyed robot84!
Destroyed robot42!
Destroyed robot175!
Destroyed robot137!
Destroyed robot57!
Destroyed robot47!
Destroyed robot184!
Destroyed robot211!
Destroyed robot181!
Destroyed robot244!
Destroyed robot226!
Destroyed robot115!
Destroyed robot35!
Destroyed robot60!
Destroyed robot253!
Destroyed robot90!
Destroyed robot219!
Destroyed robot212!
Destroyed robot209!
Destroyed robot124!
Destroyed robot50!
Destroyed robot205!
Destroyed robot259!
Destroyed robot171!
Destroyed robot238!
Destroyed robot217!
Destroyed robot99!
Destroyed robot235!
Destroyed robot157!
Destroyed robot222!
Destroyed robot174!
Destroyed robot75!
Destroyed robot234!
Destroyed robot194!
Destroyed robot252!
Destroyed robot4!
Destroyed robot179!
Destroyed robot9!
Destroyed robot106!
Destroyed robot164!
Destroyed robot98!
Destroyed robot151!
Destroyed robot189!
Destroyed robot198!
Destroyed robot229!
Destroyed robot240!
Destroyed robot111!
Destroyed robot78!
Destroyed robot223!
Destroyed robot207!
Destroyed robot245!
Destroyed robot135!
Destroyed robot242!
Destroyed robot11!
Destroyed robot113!
Destroyed robot96!
Destroyed robot190!
Destroyed robot93!
Destroyed robot196!
Destroyed robot197!
Destroyed robot86!
Destroyed robot85!
Destroyed robot136!
Destroyed robot12!
Destroyed robot169!
Destroyed robot120!
Destroyed robot208!
Destroyed robot2!
Destroyed robot129!
Destroyed robot177!
Destroyed robot58!
Destroyed robot37!
Destroyed robot163!
Destroyed robot19!
Destroyed robot192!
Destroyed robot34!
Destroyed robot152!
Destroyed robot215!
Destroyed robot5!
Destroyed robot224!
Destroyed robot64!
Destroyed robot248!
Destroyed robot118!
Destroyed robot117!
Destroyed robot139!
Destroyed robot256!
Destroyed robot150!
Destroyed robot156!
Destroyed robot70!
Destroyed robot176!
Destroyed robot203!
Destroyed robot148!
Destroyed robot80!
Destroyed robot145!
Destroyed robot243!
Destroyed robot105!
Destroyed robot108!
Destroyed robot65!
Destroyed robot134!
Destroyed robot68!
Destroyed robot251!
Destroyed robot249!
Destroyed robot213!
Destroyed robot154!
Destroyed robot216!
Destroyed robot114!
Destroyed robot180!
Destroyed robot204!
Destroyed robot48!
Destroyed robot67!
Destroyed robot53!
Destroyed robot233!
Destroyed robot228!
Destroyed robot1!
Destroyed robot202!
Destroyed robot101!
Destroyed robot132!
Destroyed robot39!
Destroyed robot255!
Destroyed robot221!
Destroyed robot141!
Destroyed robot159!
Destroyed robot165!
Destroyed robot89!
Destroyed robot109!
Destroyed robot161!
Destroyed robot160!
Destroyed robot91!
Destroyed robot104!
Destroyed robot128!
Destroyed robot237!
Destroyed robot236!
Destroyed robot77!
Destroyed robot116!
Destroyed robot186!
Destroyed robot27!
Destroyed robot127!
Destroyed robot214!
Destroyed robot82!
Destroyed robot13!
Destroyed robot130!
Destroyed robot15!
Destroyed robot97!
Destroyed robot10!
Destroyed robot155!
Destroyed robot254!
Destroyed robot183!
Destroyed robot21!
Destroyed robot231!
******* testar.sh 260  ********


*** determinar crescimento de RS em relacao 260 robos ****


Experimento numero 22


analise60.sh: line 22: ./testar.sh: Permission denied
mv: cannot stat 'logs': No such file or directory
/home/andersoney/algoritmotcc
Stage 4.3.0 [GUI disabled]
 [Loading automatic1.world][Include map.inc][Include sick.inc][Include pioneer.inc]
Destroyed robot247!
Destroyed robot184!
Destroyed robot22!
Destroyed robot246!
Destroyed robot107!
Destroyed robot16!
Destroyed robot145!
Destroyed robot163!
Destroyed robot78!
Destroyed robot175!
Destroyed robot112!
Destroyed robot188!
Destroyed robot116!
Destroyed robot136!
Destroyed robot21!
Destroyed robot12!
Destroyed robot248!
Destroyed robot28!
Destroyed robot46!
Destroyed robot54!
Destroyed robot196!
Destroyed robot10!
Destroyed robot221!
Destroyed robot202!
Destroyed robot108!
Destroyed robot235!
Destroyed robot234!
Destroyed robot254!
Destroyed robot115!
Destroyed robot90!
Destroyed robot209!
Destroyed robot204!
Destroyed robot98!
Destroyed robot119!
Destroyed robot249!
Destroyed robot194!
Destroyed robot59!
Destroyed robot240!
Destroyed robot52!
Destroyed robot64!
Destroyed robot251!
Destroyed robot150!
Destroyed robot226!
Destroyed robot83!
Destroyed robot228!
Destroyed robot223!
Destroyed robot123!
Destroyed robot43!
Destroyed robot92!
Destroyed robot69!
Destroyed robot4!
Destroyed robot174!
Destroyed robot176!
Destroyed robot148!
Destroyed robot51!
Destroyed robot237!
Destroyed robot53!
Destroyed robot162!
Destroyed robot172!
Destroyed robot220!
Destroyed robot19!
Destroyed robot15!
Destroyed robot118!
Destroyed robot73!
Destroyed robot117!
Destroyed robot71!
Destroyed robot26!
Destroyed robot242!
Destroyed robot3!
Destroyed robot20!
Destroyed robot167!
Destroyed robot100!
Destroyed robot208!
Destroyed robot149!
Destroyed robot132!
Destroyed robot7!
Destroyed robot205!
Destroyed robot106!
Destroyed robot178!
Destroyed robot37!
Destroyed robot124!
Destroyed robot211!
Destroyed robot122!
Destroyed robot50!
Destroyed robot13!
Destroyed robot233!
Destroyed robot137!
Destroyed robot87!
Destroyed robot236!
Destroyed robot84!
Destroyed robot192!
Destroyed robot126!
Destroyed robot44!
Destroyed robot259!
Destroyed robot227!
Destroyed robot138!
Destroyed robot5!
Destroyed robot93!
Destroyed robot25!
Destroyed robot166!
Destroyed robot185!
Destroyed robot222!
Destroyed robot186!
Destroyed robot143!
Destroyed robot193!
Destroyed robot89!
Destroyed robot18!
Destroyed robot40!
Destroyed robot1!
Destroyed robot232!
Destroyed robot169!
Destroyed robot212!
Destroyed robot250!
Destroyed robot165!
Destroyed robot168!
Destroyed robot216!
Destroyed robot156!
Destroyed robot255!
Destroyed robot38!
Destroyed robot97!
Destroyed robot27!
Destroyed robot79!
Destroyed robot160!
Destroyed robot213!
Destroyed robot158!
Destroyed robot49!
Destroyed robot62!
Destroyed robot102!
Destroyed robot159!
Destroyed robot109!
Destroyed robot125!
Destroyed robot2!
Destroyed robot225!
Destroyed robot14!
Destroyed robot17!
Destroyed robot121!
Destroyed robot133!
Destroyed robot45!
Destroyed robot39!
Destroyed robot219!
Destroyed robot179!
Destroyed robot76!
Destroyed robot200!
Destroyed robot104!
Destroyed robot36!
Destroyed robot191!
Destroyed robot127!
Destroyed robot11!
Destroyed robot199!
Destroyed robot111!
Destroyed robot81!
Destroyed robot96!
Destroyed robot139!
Destroyed robot29!
Destroyed robot230!
Destroyed robot218!
Destroyed robot187!
Destroyed robot67!
Destroyed robot48!
Destroyed robot231!
Destroyed robot101!
Destroyed robot86!
Destroyed robot85!
Destroyed robot103!
Destroyed robot170!
Destroyed robot135!
Destroyed robot33!
Destroyed robot197!
Destroyed robot58!
Destroyed robot140!
Destroyed robot120!
Destroyed robot253!
Destroyed robot57!
Destroyed robot114!
Destroyed robot142!
Destroyed robot23!
Destroyed robot0!
Destroyed robot224!
Destroyed robot105!
Destroyed robot91!
Destroyed robot77!
Destroyed robot258!
Destroyed robot41!
Destroyed robot130!
Destroyed robot113!
Destroyed robot243!
Destroyed robot177!
Destroyed robot47!
Destroyed robot55!
Destroyed robot146!
Destroyed robot63!
Destroyed robot32!
Destroyed robot203!
Destroyed robot239!
Destroyed robot201!
Destroyed robot110!
Destroyed robot129!
Destroyed robot195!
Destroyed robot173!
Destroyed robot152!
Destroyed robot190!
Destroyed robot131!
Destroyed robot151!
Destroyed robot182!
Destroyed robot161!
Destroyed robot65!
Destroyed robot30!
Destroyed robot42!
Destroyed robot180!
Destroyed robot134!
Destroyed robot72!
Destroyed robot61!
Destroyed robot60!
Destroyed robot155!
Destroyed robot31!
Destroyed robot207!
Destroyed robot99!
Destroyed robot206!
Destroyed robot157!
Destroyed robot75!
Destroyed robot256!
Destroyed robot56!
Destroyed robot82!
Destroyed robot181!
Destroyed robot198!
Destroyed robot66!
Destroyed robot217!
Destroyed robot70!
Destroyed robot229!
Destroyed robot215!
Destroyed robot94!
Destroyed robot24!
Destroyed robot154!
Destroyed robot6!
Destroyed robot164!
Destroyed robot153!
Destroyed robot9!
Destroyed robot80!
Destroyed robot8!
Destroyed robot34!
Destroyed robot183!
Destroyed robot171!
Destroyed robot244!
Destroyed robot252!
Destroyed robot147!
Destroyed robot189!
Destroyed robot238!
Destroyed robot128!
Destroyed robot95!
Destroyed robot144!
Destroyed robot35!
Destroyed robot210!
Destroyed robot245!
Destroyed robot88!
Destroyed robot141!
Destroyed robot214!
Destroyed robot241!
Destroyed robot257!
Destroyed robot68!
******* testar.sh 260  ********


*** determinar crescimento de RS em relacao 260 robos ****


Experimento numero 23


analise60.sh: line 22: ./testar.sh: Permission denied
mv: cannot stat 'logs': No such file or directory
/home/andersoney/algoritmotcc
Stage 4.3.0 [GUI disabled]
 [Loading automatic1.world][Include map.inc][Include sick.inc][Include pioneer.inc]
Destroyed robot134!
Destroyed robot122!
Destroyed robot210!
Destroyed robot58!
Destroyed robot79!
Destroyed robot123!
Destroyed robot184!
Destroyed robot23!
Destroyed robot208!
Destroyed robot226!
Destroyed robot43!
Destroyed robot30!
Destroyed robot5!
Destroyed robot159!
Destroyed robot63!
Destroyed robot133!
Destroyed robot253!
Destroyed robot203!
Destroyed robot7!
Destroyed robot39!
Destroyed robot113!
Destroyed robot213!
Destroyed robot139!
Destroyed robot35!
Destroyed robot104!
Destroyed robot239!
Destroyed robot40!
Destroyed robot83!
Destroyed robot25!
Destroyed robot114!
Destroyed robot196!
Destroyed robot146!
Destroyed robot254!
Destroyed robot227!
Destroyed robot119!
Destroyed robot177!
Destroyed robot229!
Destroyed robot70!
Destroyed robot163!
Destroyed robot17!
Destroyed robot244!
Destroyed robot179!
Destroyed robot160!
Destroyed robot246!
Destroyed robot65!
Destroyed robot250!
Destroyed robot88!
Destroyed robot37!
Destroyed robot188!
Destroyed robot205!
Destroyed robot33!
Destroyed robot170!
Destroyed robot86!
Destroyed robot236!
Destroyed robot199!
Destroyed robot109!
Destroyed robot242!
Destroyed robot97!
Destroyed robot3!
Destroyed robot183!
Destroyed robot238!
Destroyed robot166!
Destroyed robot87!
Destroyed robot212!
Destroyed robot207!
Destroyed robot117!
Destroyed robot156!
Destroyed robot77!
Destroyed robot220!
Destroyed robot161!
Destroyed robot230!
Destroyed robot56!
Destroyed robot45!
Destroyed robot127!
Destroyed robot128!
Destroyed robot34!
Destroyed robot257!
Destroyed robot176!
Destroyed robot204!
Destroyed robot124!
Destroyed robot143!
Destroyed robot29!
Destroyed robot102!
Destroyed robot21!
Destroyed robot60!
Destroyed robot9!
Destroyed robot74!
Destroyed robot165!
Destroyed robot140!
Destroyed robot193!
Destroyed robot152!
Destroyed robot218!
Destroyed robot131!
Destroyed robot185!
Destroyed robot147!
Destroyed robot94!
Destroyed robot151!
Destroyed robot148!
Destroyed robot237!
Destroyed robot206!
Destroyed robot234!
Destroyed robot217!
Destroyed robot81!
Destroyed robot144!
Destroyed robot89!
Destroyed robot11!
Destroyed robot150!
Destroyed robot49!
Destroyed robot174!
Destroyed robot62!
Destroyed robot248!
Destroyed robot101!
Destroyed robot121!
Destroyed robot96!
Destroyed robot153!
Destroyed robot249!
Destroyed robot61!
Destroyed robot16!
Destroyed robot15!
Destroyed robot130!
Destroyed robot67!
Destroyed robot173!
Destroyed robot228!
Destroyed robot149!
Destroyed robot164!
Destroyed robot167!
Destroyed robot14!
Destroyed robot8!
Destroyed robot155!
Destroyed robot55!
Destroyed robot106!
Destroyed robot47!
Destroyed robot222!
Destroyed robot182!
Destroyed robot73!
Destroyed robot178!
Destroyed robot154!
Destroyed robot245!
Destroyed robot105!
Destroyed robot219!
Destroyed robot19!
Destroyed robot251!
Destroyed robot129!
Destroyed robot27!
Destroyed robot158!
Destroyed robot93!
Destroyed robot85!
Destroyed robot116!
Destroyed robot137!
Destroyed robot247!
Destroyed robot1!
Destroyed robot103!
Destroyed robot186!
Destroyed robot22!
Destroyed robot78!
Destroyed robot110!
Destroyed robot69!
Destroyed robot66!
Destroyed robot171!
Destroyed robot12!
Destroyed robot50!
Destroyed robot187!
Destroyed robot18!
Destroyed robot192!
Destroyed robot71!
Destroyed robot200!
Destroyed robot135!
Destroyed robot231!
Destroyed robot142!
Destroyed robot20!
Destroyed robot125!
Destroyed robot53!
Destroyed robot168!
Destroyed robot98!
Destroyed robot211!
Destroyed robot46!
Destroyed robot235!
Destroyed robot191!
Destroyed robot90!
Destroyed robot107!
Destroyed robot224!
Destroyed robot54!
Destroyed robot42!
Destroyed robot216!
Destroyed robot0!
Destroyed robot233!
Destroyed robot82!
Destroyed robot24!
Destroyed robot99!
Destroyed robot4!
Destroyed robot223!
Destroyed robot13!
Destroyed robot243!
Destroyed robot198!
Destroyed robot10!
Destroyed robot240!
Destroyed robot255!
Destroyed robot201!
Destroyed robot51!
Destroyed robot241!
Destroyed robot31!
Destroyed robot120!
Destroyed robot141!
Destroyed robot100!
Destroyed robot172!
Destroyed robot256!
Destroyed robot190!
Destroyed robot80!
Destroyed robot111!
Destroyed robot64!
Destroyed robot221!
Destroyed robot44!
Destroyed robot38!
Destroyed robot162!
Destroyed robot232!
Destroyed robot91!
Destroyed robot92!
Destroyed robot169!
Destroyed robot225!
Destroyed robot214!
Destroyed robot26!
Destroyed robot195!
Destroyed robot41!
Destroyed robot28!
Destroyed robot115!
Destroyed robot209!
Destroyed robot75!
Destroyed robot76!
Destroyed robot6!
Destroyed robot197!
Destroyed robot57!
Destroyed robot138!
Destroyed robot72!
Destroyed robot126!
Destroyed robot36!
Destroyed robot52!
Destroyed robot215!
Destroyed robot157!
Destroyed robot202!
Destroyed robot32!
Destroyed robot2!
Destroyed robot180!
Destroyed robot118!
Destroyed robot136!
Destroyed robot175!
Destroyed robot112!
Destroyed robot258!
Destroyed robot189!
Destroyed robot59!
Destroyed robot108!
Destroyed robot84!
Destroyed robot68!
Destroyed robot252!
Destroyed robot132!
Destroyed robot48!
Destroyed robot95!
Destroyed robot194!
Destroyed robot145!
Destroyed robot259!
******* testar.sh 260  ********


*** determinar crescimento de RS em relacao 260 robos ****


Experimento numero 24


analise60.sh: line 22: ./testar.sh: Permission denied
mv: cannot stat 'logs': No such file or directory
/home/andersoney/algoritmotcc
Stage 4.3.0 [GUI disabled]
 [Loading automatic1.world][Include map.inc][Include sick.inc][Include pioneer.inc]
Destroyed robot12!
Destroyed robot66!
Destroyed robot179!
Destroyed robot176!
Destroyed robot39!
Destroyed robot156!
Destroyed robot44!
Destroyed robot139!
Destroyed robot123!
Destroyed robot55!
Destroyed robot97!
Destroyed robot250!
Destroyed robot7!
Destroyed robot13!
Destroyed robot244!
Destroyed robot79!
Destroyed robot238!
Destroyed robot76!
Destroyed robot126!
Destroyed robot71!
Destroyed robot167!
Destroyed robot43!
Destroyed robot182!
Destroyed robot75!
Destroyed robot118!
Destroyed robot17!
Destroyed robot51!
Destroyed robot120!
Destroyed robot0!
Destroyed robot226!
Destroyed robot94!
Destroyed robot73!
Destroyed robot183!
Destroyed robot21!
Destroyed robot24!
Destroyed robot69!
Destroyed robot83!
Destroyed robot206!
Destroyed robot247!
Destroyed robot36!
Destroyed robot217!
Destroyed robot232!
Destroyed robot58!
Destroyed robot149!
Destroyed robot227!
Destroyed robot109!
Destroyed robot8!
Destroyed robot189!
Destroyed robot152!
Destroyed robot240!
Destroyed robot188!
Destroyed robot111!
Destroyed robot165!
Destroyed robot196!
Destroyed robot197!
Destroyed robot201!
Destroyed robot162!
Destroyed robot256!
Destroyed robot259!
Destroyed robot54!
Destroyed robot63!
Destroyed robot236!
Destroyed robot141!
Destroyed robot172!
Destroyed robot41!
Destroyed robot239!
Destroyed robot168!
Destroyed robot258!
Destroyed robot30!
Destroyed robot164!
Destroyed robot194!
Destroyed robot112!
Destroyed robot224!
Destroyed robot78!
Destroyed robot9!
Destroyed robot221!
Destroyed robot203!
Destroyed robot40!
Destroyed robot114!
Destroyed robot10!
Destroyed robot70!
Destroyed robot198!
Destroyed robot57!
Destroyed robot135!
Destroyed robot85!
Destroyed robot92!
Destroyed robot2!
Destroyed robot255!
Destroyed robot181!
Destroyed robot222!
Destroyed robot82!
Destroyed robot249!
Destroyed robot241!
Destroyed robot127!
Destroyed robot100!
Destroyed robot50!
Destroyed robot95!
Destroyed robot130!
Destroyed robot195!
Destroyed robot200!
Destroyed robot19!
Destroyed robot91!
Destroyed robot245!
Destroyed robot45!
Destroyed robot208!
Destroyed robot211!
Destroyed robot228!
Destroyed robot35!
Destroyed robot174!
Destroyed robot140!
Destroyed robot101!
Destroyed robot68!
Destroyed robot170!
Destroyed robot242!
Destroyed robot96!
Destroyed robot115!
Destroyed robot144!
Destroyed robot26!
Destroyed robot219!
Destroyed robot52!
Destroyed robot157!
Destroyed robot124!
Destroyed robot254!
Destroyed robot225!
Destroyed robot175!
Destroyed robot34!
Destroyed robot191!
Destroyed robot202!
Destroyed robot231!
Destroyed robot61!
Destroyed robot11!
Destroyed robot218!
Destroyed robot131!
Destroyed robot209!
Destroyed robot119!
Destroyed robot53!
Destroyed robot180!
Destroyed robot220!
Destroyed robot102!
Destroyed robot133!
Destroyed robot4!
Destroyed robot184!
Destroyed robot25!
Destroyed robot230!
Destroyed robot216!
Destroyed robot27!
Destroyed robot113!
Destroyed robot46!
Destroyed robot23!
Destroyed robot121!
Destroyed robot169!
Destroyed robot107!
Destroyed robot163!
Destroyed robot15!
Destroyed robot178!
Destroyed robot148!
Destroyed robot132!
Destroyed robot89!
Destroyed robot185!
Destroyed robot110!
Destroyed robot105!
Destroyed robot177!
Destroyed robot146!
Destroyed robot49!
Destroyed robot171!
Destroyed robot80!
Destroyed robot77!
Destroyed robot166!
Destroyed robot193!
Destroyed robot1!
Destroyed robot59!
Destroyed robot86!
Destroyed robot223!
Destroyed robot159!
Destroyed robot233!
Destroyed robot47!
Destroyed robot108!
Destroyed robot134!
Destroyed robot31!
Destroyed robot33!
Destroyed robot252!
Destroyed robot62!
Destroyed robot190!
Destroyed robot99!
Destroyed robot150!
Destroyed robot28!
Destroyed robot20!
Destroyed robot246!
Destroyed robot38!
Destroyed robot214!
Destroyed robot243!
Destroyed robot72!
Destroyed robot87!
Destroyed robot104!
Destroyed robot210!
Destroyed robot151!
Destroyed robot37!
Destroyed robot117!
Destroyed robot90!
Destroyed robot22!
Destroyed robot84!
Destroyed robot207!
Destroyed robot29!
Destroyed robot64!
Destroyed robot137!
Destroyed robot128!
Destroyed robot229!
Destroyed robot125!
Destroyed robot93!
Destroyed robot248!
Destroyed robot88!
Destroyed robot5!
Destroyed robot257!
Destroyed robot42!
Destroyed robot14!
Destroyed robot60!
Destroyed robot212!
Destroyed robot136!
Destroyed robot3!
Destroyed robot138!
Destroyed robot187!
Destroyed robot98!
Destroyed robot192!
Destroyed robot143!
Destroyed robot161!
Destroyed robot67!
Destroyed robot173!
Destroyed robot160!
Destroyed robot48!
Destroyed robot186!
Destroyed robot147!
Destroyed robot205!
Destroyed robot32!
Destroyed robot129!
Destroyed robot154!
Destroyed robot213!
Destroyed robot56!
Destroyed robot142!
Destroyed robot153!
Destroyed robot251!
Destroyed robot122!
Destroyed robot81!
Destroyed robot199!
Destroyed robot18!
Destroyed robot234!
Destroyed robot235!
Destroyed robot253!
Destroyed robot65!
Destroyed robot145!
Destroyed robot215!
Destroyed robot6!
Destroyed robot116!
Destroyed robot155!
Destroyed robot158!
Destroyed robot74!
Destroyed robot204!
Destroyed robot103!
Destroyed robot237!
Destroyed robot106!
******* testar.sh 260  ********


*** determinar crescimento de RS em relacao 260 robos ****


Experimento numero 25


analise60.sh: line 22: ./testar.sh: Permission denied
mv: cannot stat 'logs': No such file or directory
/home/andersoney/algoritmotcc
Stage 4.3.0 [GUI disabled]
 [Loading automatic1.world][Include map.inc][Include sick.inc][Include pioneer.inc]
Destroyed robot164!
Destroyed robot22!
Destroyed robot231!
Destroyed robot160!
Destroyed robot46!
Destroyed robot55!
Destroyed robot135!
Destroyed robot42!
Destroyed robot59!
Destroyed robot136!
Destroyed robot125!
Destroyed robot155!
Destroyed robot134!
Destroyed robot17!
Destroyed robot9!
Destroyed robot10!
Destroyed robot44!
Destroyed robot239!
Destroyed robot191!
Destroyed robot116!
Destroyed robot124!
Destroyed robot53!
Destroyed robot83!
Destroyed robot0!
Destroyed robot172!
Destroyed robot180!
Destroyed robot217!
Destroyed robot24!
Destroyed robot259!
Destroyed robot169!
Destroyed robot35!
Destroyed robot249!
Destroyed robot100!
Destroyed robot170!
Destroyed robot143!
Destroyed robot147!
Destroyed robot63!
Destroyed robot171!
Destroyed robot228!
Destroyed robot138!
Destroyed robot130!
Destroyed robot227!
Destroyed robot149!
Destroyed robot230!
Destroyed robot148!
Destroyed robot199!
Destroyed robot166!
Destroyed robot50!
Destroyed robot233!
Destroyed robot258!
Destroyed robot190!
Destroyed robot204!
Destroyed robot66!
Destroyed robot242!
Destroyed robot195!
Destroyed robot31!
Destroyed robot58!
Destroyed robot139!
Destroyed robot183!
Destroyed robot250!
Destroyed robot178!
Destroyed robot247!
Destroyed robot5!
Destroyed robot43!
Destroyed robot205!
Destroyed robot34!
Destroyed robot73!
Destroyed robot113!
Destroyed robot62!
Destroyed robot123!
Destroyed robot179!
Destroyed robot99!
Destroyed robot118!
Destroyed robot37!
Destroyed robot64!
Destroyed robot165!
Destroyed robot32!
Destroyed robot254!
Destroyed robot11!
Destroyed robot94!
Destroyed robot224!
Destroyed robot237!
Destroyed robot181!
Destroyed robot96!
Destroyed robot246!
Destroyed robot146!
Destroyed robot182!
Destroyed robot92!
Destroyed robot61!
Destroyed robot213!
Destroyed robot211!
Destroyed robot23!
Destroyed robot210!
Destroyed robot126!
Destroyed robot107!
Destroyed robot72!
Destroyed robot221!
Destroyed robot47!
Destroyed robot1!
Destroyed robot212!
Destroyed robot68!
Destroyed robot194!
Destroyed robot54!
Destroyed robot216!
Destroyed robot36!
Destroyed robot41!
Destroyed robot158!
Destroyed robot175!
Destroyed robot226!
Destroyed robot129!
Destroyed robot57!
Destroyed robot219!
Destroyed robot20!
Destroyed robot70!
Destroyed robot167!
Destroyed robot95!
Destroyed robot192!
Destroyed robot193!
Destroyed robot177!
Destroyed robot16!
Destroyed robot223!
Destroyed robot111!
Destroyed robot122!
Destroyed robot215!
Destroyed robot218!
Destroyed robot114!
Destroyed robot82!
Destroyed robot163!
Destroyed robot88!
Destroyed robot196!
Destroyed robot45!
Destroyed robot3!
Destroyed robot6!
Destroyed robot98!
Destroyed robot7!
Destroyed robot253!
Destroyed robot33!
Destroyed robot75!
Destroyed robot176!
Destroyed robot69!
Destroyed robot200!
Destroyed robot241!
Destroyed robot109!
Destroyed robot232!
Destroyed robot87!
Destroyed robot153!
Destroyed robot86!
Destroyed robot30!
Destroyed robot189!
Destroyed robot28!
Destroyed robot51!
Destroyed robot89!
Destroyed robot15!
Destroyed robot60!
Destroyed robot85!
Destroyed robot151!
Destroyed robot202!
Destroyed robot80!
Destroyed robot173!
Destroyed robot12!
Destroyed robot203!
Destroyed robot142!
Destroyed robot184!
Destroyed robot152!
Destroyed robot220!
Destroyed robot229!
Destroyed robot4!
Destroyed robot104!
Destroyed robot238!
Destroyed robot27!
Destroyed robot252!
Destroyed robot225!
Destroyed robot197!
Destroyed robot29!
Destroyed robot21!
Destroyed robot131!
Destroyed robot67!
Destroyed robot137!
Destroyed robot49!
Destroyed robot133!
Destroyed robot84!
Destroyed robot56!
Destroyed robot91!
Destroyed robot161!
Destroyed robot52!
Destroyed robot38!
Destroyed robot157!
Destroyed robot76!
Destroyed robot235!
Destroyed robot106!
Destroyed robot115!
Destroyed robot214!
Destroyed robot71!
Destroyed robot8!
Destroyed robot110!
Destroyed robot245!
Destroyed robot48!
Destroyed robot251!
Destroyed robot244!
Destroyed robot150!
Destroyed robot201!
Destroyed robot257!
Destroyed robot154!
Destroyed robot78!
Destroyed robot101!
Destroyed robot25!
Destroyed robot40!
Destroyed robot174!
Destroyed robot207!
Destroyed robot240!
Destroyed robot128!
Destroyed robot159!
Destroyed robot102!
Destroyed robot141!
Destroyed robot103!
Destroyed robot185!
Destroyed robot93!
Destroyed robot97!
Destroyed robot39!
Destroyed robot120!
Destroyed robot140!
Destroyed robot14!
Destroyed robot209!
Destroyed robot81!
Destroyed robot132!
Destroyed robot243!
Destroyed robot186!
Destroyed robot156!
Destroyed robot144!
Destroyed robot162!
Destroyed robot168!
Destroyed robot208!
Destroyed robot206!
Destroyed robot18!
Destroyed robot19!
Destroyed robot108!
Destroyed robot119!
Destroyed robot105!
Destroyed robot256!
Destroyed robot187!
Destroyed robot236!
Destroyed robot234!
Destroyed robot198!
Destroyed robot121!
Destroyed robot188!
Destroyed robot127!
Destroyed robot145!
Destroyed robot255!
Destroyed robot112!
Destroyed robot248!
Destroyed robot79!
Destroyed robot2!
Destroyed robot65!
Destroyed robot26!
Destroyed robot90!
Destroyed robot117!
Destroyed robot77!
Destroyed robot74!
Destroyed robot13!
******* testar.sh 260  ********


*** determinar crescimento de RS em relacao 260 robos ****


Experimento numero 26


analise60.sh: line 22: ./testar.sh: Permission denied
mv: cannot stat 'logs': No such file or directory
/home/andersoney/algoritmotcc
Stage 4.3.0 [GUI disabled]
 [Loading automatic1.world][Include map.inc][Include sick.inc][Include pioneer.inc]
Destroyed robot83!
Destroyed robot175!
Destroyed robot9!
Destroyed robot130!
Destroyed robot234!
Destroyed robot111!
Destroyed robot43!
Destroyed robot187!
Destroyed robot105!
Destroyed robot163!
Destroyed robot91!
Destroyed robot14!
Destroyed robot255!
Destroyed robot225!
Destroyed robot148!
Destroyed robot94!
Destroyed robot26!
Destroyed robot158!
Destroyed robot102!
Destroyed robot115!
Destroyed robot72!
Destroyed robot202!
Destroyed robot71!
Destroyed robot86!
Destroyed robot124!
Destroyed robot229!
Destroyed robot117!
Destroyed robot128!
Destroyed robot210!
Destroyed robot259!
Destroyed robot120!
Destroyed robot112!
Destroyed robot135!
Destroyed robot235!
Destroyed robot4!
Destroyed robot107!
Destroyed robot179!
Destroyed robot108!
Destroyed robot78!
Destroyed robot140!
Destroyed robot156!
Destroyed robot246!
Destroyed robot70!
Destroyed robot95!
Destroyed robot34!
Destroyed robot247!
Destroyed robot212!
Destroyed robot87!
Destroyed robot63!
Destroyed robot146!
Destroyed robot192!
Destroyed robot67!
Destroyed robot206!
Destroyed robot62!
Destroyed robot244!
Destroyed robot55!
Destroyed robot149!
Destroyed robot52!
Destroyed robot171!
Destroyed robot23!
Destroyed robot21!
Destroyed robot100!
Destroyed robot258!
Destroyed robot181!
Destroyed robot134!
Destroyed robot125!
Destroyed robot37!
Destroyed robot113!
Destroyed robot183!
Destroyed robot19!
Destroyed robot222!
Destroyed robot257!
Destroyed robot177!
Destroyed robot248!
Destroyed robot207!
Destroyed robot224!
Destroyed robot89!
Destroyed robot12!
Destroyed robot231!
Destroyed robot93!
Destroyed robot132!
Destroyed robot27!
Destroyed robot178!
Destroyed robot40!
Destroyed robot39!
Destroyed robot216!
Destroyed robot50!
Destroyed robot145!
Destroyed robot121!
Destroyed robot13!
Destroyed robot28!
Destroyed robot5!
Destroyed robot196!
Destroyed robot253!
Destroyed robot77!
Destroyed robot165!
Destroyed robot254!
Destroyed robot3!
Destroyed robot49!
Destroyed robot99!
Destroyed robot209!
Destroyed robot84!
Destroyed robot59!
Destroyed robot30!
Destroyed robot44!
Destroyed robot51!
Destroyed robot74!
Destroyed robot208!
Destroyed robot46!
Destroyed robot81!
Destroyed robot252!
Destroyed robot10!
Destroyed robot182!
Destroyed robot160!
Destroyed robot131!
Destroyed robot106!
Destroyed robot6!
Destroyed robot7!
Destroyed robot227!
Destroyed robot205!
Destroyed robot221!
Destroyed robot119!
Destroyed robot189!
Destroyed robot184!
Destroyed robot116!
Destroyed robot73!
Destroyed robot218!
Destroyed robot64!
Destroyed robot172!
Destroyed robot169!
Destroyed robot114!
Destroyed robot97!
Destroyed robot219!
Destroyed robot17!
Destroyed robot228!
Destroyed robot195!
Destroyed robot220!
Destroyed robot31!
Destroyed robot92!
Destroyed robot168!
Destroyed robot136!
Destroyed robot57!
Destroyed robot53!
Destroyed robot237!
Destroyed robot54!
Destroyed robot190!
Destroyed robot232!
Destroyed robot82!
Destroyed robot214!
Destroyed robot79!
Destroyed robot69!
Destroyed robot129!
Destroyed robot68!
Destroyed robot0!
Destroyed robot32!
Destroyed robot61!
Destroyed robot150!
Destroyed robot41!
Destroyed robot47!
Destroyed robot159!
Destroyed robot185!
Destroyed robot33!
Destroyed robot25!
Destroyed robot22!
Destroyed robot11!
Destroyed robot173!
Destroyed robot201!
Destroyed robot45!
Destroyed robot126!
Destroyed robot16!
Destroyed robot36!
Destroyed robot203!
Destroyed robot96!
Destroyed robot166!
Destroyed robot142!
Destroyed robot141!
Destroyed robot226!
Destroyed robot60!
Destroyed robot90!
Destroyed robot249!
Destroyed robot144!
Destroyed robot243!
Destroyed robot139!
Destroyed robot180!
Destroyed robot98!
Destroyed robot174!
Destroyed robot147!
Destroyed robot233!
Destroyed robot76!
Destroyed robot198!
Destroyed robot24!
Destroyed robot223!
Destroyed robot242!
Destroyed robot256!
Destroyed robot194!
Destroyed robot161!
Destroyed robot238!
Destroyed robot152!
Destroyed robot38!
Destroyed robot217!
Destroyed robot138!
Destroyed robot58!
Destroyed robot143!
Destroyed robot167!
Destroyed robot109!
Destroyed robot110!
Destroyed robot88!
Destroyed robot197!
Destroyed robot1!
Destroyed robot101!
Destroyed robot15!
Destroyed robot213!
Destroyed robot162!
Destroyed robot157!
Destroyed robot155!
Destroyed robot245!
Destroyed robot215!
Destroyed robot118!
Destroyed robot80!
Destroyed robot241!
Destroyed robot137!
Destroyed robot204!
Destroyed robot154!
Destroyed robot191!
Destroyed robot199!
Destroyed robot29!
Destroyed robot42!
Destroyed robot122!
Destroyed robot240!
Destroyed robot239!
Destroyed robot127!
Destroyed robot186!
Destroyed robot75!
Destroyed robot2!
Destroyed robot8!
Destroyed robot48!
Destroyed robot66!
Destroyed robot35!
Destroyed robot104!
Destroyed robot151!
Destroyed robot230!
Destroyed robot170!
Destroyed robot236!
Destroyed robot123!
Destroyed robot164!
Destroyed robot211!
Destroyed robot251!
Destroyed robot133!
Destroyed robot56!
Destroyed robot250!
Destroyed robot188!
Destroyed robot176!
Destroyed robot18!
Destroyed robot65!
Destroyed robot153!
Destroyed robot200!
Destroyed robot103!
Destroyed robot193!
Destroyed robot20!
******* testar.sh 260  ********


*** determinar crescimento de RS em relacao 260 robos ****


Experimento numero 27


analise60.sh: line 22: ./testar.sh: Permission denied
mv: cannot stat 'logs': No such file or directory
/home/andersoney/algoritmotcc
Stage 4.3.0 [GUI disabled]
 [Loading automatic1.world][Include map.inc][Include sick.inc][Include pioneer.inc]
Destroyed robot170!
Destroyed robot21!
Destroyed robot81!
Destroyed robot161!
Destroyed robot67!
Destroyed robot62!
Destroyed robot11!
Destroyed robot230!
Destroyed robot158!
Destroyed robot192!
Destroyed robot111!
Destroyed robot34!
Destroyed robot52!
Destroyed robot106!
Destroyed robot10!
Destroyed robot63!
Destroyed robot121!
Destroyed robot117!
Destroyed robot131!
Destroyed robot236!
Destroyed robot177!
Destroyed robot23!
Destroyed robot105!
Destroyed robot38!
Destroyed robot51!
Destroyed robot58!
Destroyed robot204!
Destroyed robot18!
Destroyed robot114!
Destroyed robot31!
Destroyed robot118!
Destroyed robot133!
Destroyed robot197!
Destroyed robot238!
Destroyed robot54!
Destroyed robot109!
Destroyed robot220!
Destroyed robot8!
Destroyed robot9!
Destroyed robot189!
Destroyed robot130!
Destroyed robot48!
Destroyed robot116!
Destroyed robot150!
Destroyed robot16!
Destroyed robot66!
Destroyed robot5!
Destroyed robot50!
Destroyed robot207!
Destroyed robot243!
Destroyed robot98!
Destroyed robot214!
Destroyed robot40!
Destroyed robot202!
Destroyed robot39!
Destroyed robot199!
Destroyed robot149!
Destroyed robot74!
Destroyed robot123!
Destroyed robot240!
Destroyed robot129!
Destroyed robot198!
Destroyed robot252!
Destroyed robot147!
Destroyed robot35!
Destroyed robot195!
Destroyed robot15!
Destroyed robot26!
Destroyed robot241!
Destroyed robot136!
Destroyed robot3!
Destroyed robot237!
Destroyed robot138!
Destroyed robot36!
Destroyed robot132!
Destroyed robot221!
Destroyed robot165!
Destroyed robot25!
Destroyed robot146!
Destroyed robot194!
Destroyed robot155!
Destroyed robot87!
Destroyed robot17!
Destroyed robot247!
Destroyed robot91!
Destroyed robot154!
Destroyed robot208!
Destroyed robot160!
Destroyed robot248!
Destroyed robot119!
Destroyed robot257!
Destroyed robot45!
Destroyed robot229!
Destroyed robot110!
Destroyed robot126!
Destroyed robot107!
Destroyed robot205!
Destroyed robot135!
Destroyed robot70!
Destroyed robot164!
Destroyed robot108!
Destroyed robot78!
Destroyed robot71!
Destroyed robot88!
Destroyed robot30!
Destroyed robot49!
Destroyed robot167!
Destroyed robot73!
Destroyed robot20!
Destroyed robot125!
Destroyed robot43!
Destroyed robot168!
Destroyed robot6!
Destroyed robot137!
Destroyed robot216!
Destroyed robot75!
Destroyed robot59!
Destroyed robot46!
Destroyed robot120!
Destroyed robot144!
Destroyed robot200!
Destroyed robot172!
Destroyed robot57!
Destroyed robot232!
Destroyed robot223!
Destroyed robot148!
Destroyed robot196!
Destroyed robot86!
Destroyed robot181!
Destroyed robot251!
Destroyed robot259!
Destroyed robot101!
Destroyed robot145!
Destroyed robot60!
Destroyed robot92!
Destroyed robot250!
Destroyed robot215!
Destroyed robot179!
Destroyed robot249!
Destroyed robot235!
Destroyed robot212!
Destroyed robot4!
Destroyed robot156!
Destroyed robot37!
Destroyed robot166!
Destroyed robot115!
Destroyed robot224!
Destroyed robot47!
Destroyed robot0!
Destroyed robot61!
Destroyed robot222!
Destroyed robot180!
Destroyed robot84!
Destroyed robot82!
Destroyed robot231!
Destroyed robot178!
Destroyed robot242!
Destroyed robot68!
Destroyed robot142!
Destroyed robot95!
Destroyed robot143!
Destroyed robot28!
Destroyed robot254!
Destroyed robot159!
Destroyed robot65!
Destroyed robot176!
Destroyed robot153!
Destroyed robot24!
Destroyed robot163!
Destroyed robot171!
Destroyed robot112!
Destroyed robot27!
Destroyed robot193!
Destroyed robot152!
Destroyed robot175!
Destroyed robot97!
Destroyed robot1!
Destroyed robot22!
Destroyed robot244!
Destroyed robot234!
Destroyed robot169!
Destroyed robot245!
Destroyed robot127!
Destroyed robot104!
Destroyed robot217!
Destroyed robot185!
Destroyed robot93!
Destroyed robot209!
Destroyed robot83!
Destroyed robot100!
Destroyed robot29!
Destroyed robot227!
Destroyed robot2!
Destroyed robot134!
Destroyed robot89!
Destroyed robot53!
Destroyed robot174!
Destroyed robot151!
Destroyed robot96!
Destroyed robot226!
Destroyed robot55!
Destroyed robot184!
Destroyed robot157!
Destroyed robot103!
Destroyed robot14!
Destroyed robot213!
Destroyed robot44!
Destroyed robot183!
Destroyed robot188!
Destroyed robot85!
Destroyed robot42!
Destroyed robot206!
Destroyed robot246!
Destroyed robot69!
Destroyed robot203!
Destroyed robot139!
Destroyed robot90!
Destroyed robot64!
Destroyed robot56!
Destroyed robot33!
Destroyed robot12!
Destroyed robot190!
Destroyed robot102!
Destroyed robot113!
Destroyed robot41!
Destroyed robot211!
Destroyed robot256!
Destroyed robot32!
Destroyed robot201!
Destroyed robot19!
Destroyed robot239!
Destroyed robot210!
Destroyed robot182!
Destroyed robot72!
Destroyed robot140!
Destroyed robot225!
Destroyed robot77!
Destroyed robot141!
Destroyed robot80!
Destroyed robot187!
Destroyed robot128!
Destroyed robot13!
Destroyed robot228!
Destroyed robot218!
Destroyed robot255!
Destroyed robot7!
Destroyed robot253!
Destroyed robot233!
Destroyed robot76!
Destroyed robot258!
Destroyed robot173!
Destroyed robot79!
Destroyed robot219!
Destroyed robot162!
Destroyed robot94!
Destroyed robot99!
Destroyed robot124!
Destroyed robot191!
Destroyed robot186!
******* testar.sh 260  ********


*** determinar crescimento de RS em relacao 260 robos ****


Experimento numero 28


analise60.sh: line 22: ./testar.sh: Permission denied
mv: cannot stat 'logs': No such file or directory
/home/andersoney/algoritmotcc
Stage 4.3.0 [GUI disabled]
 [Loading automatic1.world][Include map.inc][Include sick.inc][Include pioneer.inc]
Destroyed robot208!
Destroyed robot116!
Destroyed robot143!
Destroyed robot171!
Destroyed robot176!
Destroyed robot58!
Destroyed robot7!
Destroyed robot229!
Destroyed robot13!
Destroyed robot85!
Destroyed robot24!
Destroyed robot120!
Destroyed robot32!
Destroyed robot14!
Destroyed robot53!
Destroyed robot241!
Destroyed robot60!
Destroyed robot54!
Destroyed robot166!
Destroyed robot209!
Destroyed robot101!
Destroyed robot2!
Destroyed robot65!
Destroyed robot25!
Destroyed robot73!
Destroyed robot23!
Destroyed robot86!
Destroyed robot142!
Destroyed robot102!
Destroyed robot110!
Destroyed robot152!
Destroyed robot170!
Destroyed robot251!
Destroyed robot57!
Destroyed robot26!
Destroyed robot231!
Destroyed robot225!
Destroyed robot203!
Destroyed robot243!
Destroyed robot257!
Destroyed robot123!
Destroyed robot29!
Destroyed robot175!
Destroyed robot155!
Destroyed robot246!
Destroyed robot221!
Destroyed robot180!
Destroyed robot214!
Destroyed robot107!
Destroyed robot97!
Destroyed robot109!
Destroyed robot255!
Destroyed robot129!
Destroyed robot211!
Destroyed robot68!
Destroyed robot183!
Destroyed robot6!
Destroyed robot164!
Destroyed robot213!
Destroyed robot121!
Destroyed robot51!
Destroyed robot205!
Destroyed robot17!
Destroyed robot174!
Destroyed robot179!
Destroyed robot119!
Destroyed robot252!
Destroyed robot56!
Destroyed robot91!
Destroyed robot134!
Destroyed robot193!
Destroyed robot162!
Destroyed robot20!
Destroyed robot49!
Destroyed robot253!
Destroyed robot81!
Destroyed robot228!
Destroyed robot217!
Destroyed robot45!
Destroyed robot237!
Destroyed robot153!
Destroyed robot201!
Destroyed robot18!
Destroyed robot199!
Destroyed robot223!
Destroyed robot249!
Destroyed robot238!
Destroyed robot215!
Destroyed robot40!
Destroyed robot114!
Destroyed robot15!
Destroyed robot33!
Destroyed robot216!
Destroyed robot187!
Destroyed robot67!
Destroyed robot10!
Destroyed robot144!
Destroyed robot161!
Destroyed robot259!
Destroyed robot140!
Destroyed robot82!
Destroyed robot149!
Destroyed robot139!
Destroyed robot124!
Destroyed robot190!
Destroyed robot112!
Destroyed robot3!
Destroyed robot87!
Destroyed robot71!
Destroyed robot55!
Destroyed robot46!
Destroyed robot197!
Destroyed robot44!
Destroyed robot212!
Destroyed robot52!
Destroyed robot42!
Destroyed robot136!
Destroyed robot137!
Destroyed robot127!
Destroyed robot157!
Destroyed robot83!
Destroyed robot69!
Destroyed robot130!
Destroyed robot224!
Destroyed robot35!
Destroyed robot195!
Destroyed robot76!
Destroyed robot236!
Destroyed robot92!
Destroyed robot234!
Destroyed robot151!
Destroyed robot254!
Destroyed robot21!
Destroyed robot242!
Destroyed robot31!
Destroyed robot106!
Destroyed robot16!
Destroyed robot72!
Destroyed robot70!
Destroyed robot96!
Destroyed robot186!
Destroyed robot22!
Destroyed robot105!
Destroyed robot4!
Destroyed robot27!
Destroyed robot90!
Destroyed robot167!
Destroyed robot128!
Destroyed robot154!
Destroyed robot63!
Destroyed robot191!
Destroyed robot220!
Destroyed robot103!
Destroyed robot99!
Destroyed robot188!
Destroyed robot141!
Destroyed robot117!
Destroyed robot80!
Destroyed robot5!
Destroyed robot247!
Destroyed robot240!
Destroyed robot132!
Destroyed robot12!
Destroyed robot59!
Destroyed robot227!
Destroyed robot133!
Destroyed robot150!
Destroyed robot43!
Destroyed robot250!
Destroyed robot181!
Destroyed robot111!
Destroyed robot222!
Destroyed robot1!
Destroyed robot244!
Destroyed robot239!
Destroyed robot47!
Destroyed robot235!
Destroyed robot113!
Destroyed robot126!
Destroyed robot39!
Destroyed robot0!
Destroyed robot226!
Destroyed robot41!
Destroyed robot50!
Destroyed robot256!
Destroyed robot48!
Destroyed robot219!
Destroyed robot108!
Destroyed robot125!
Destroyed robot79!
Destroyed robot95!
Destroyed robot178!
Destroyed robot177!
Destroyed robot122!
Destroyed robot206!
Destroyed robot202!
Destroyed robot77!
Destroyed robot61!
Destroyed robot104!
Destroyed robot148!
Destroyed robot115!
Destroyed robot36!
Destroyed robot204!
Destroyed robot172!
Destroyed robot158!
Destroyed robot160!
Destroyed robot245!
Destroyed robot11!
Destroyed robot218!
Destroyed robot165!
Destroyed robot135!
Destroyed robot84!
Destroyed robot100!
Destroyed robot163!
Destroyed robot64!
Destroyed robot118!
Destroyed robot147!
Destroyed robot131!
Destroyed robot62!
Destroyed robot93!
Destroyed robot232!
Destroyed robot169!
Destroyed robot173!
Destroyed robot30!
Destroyed robot159!
Destroyed robot8!
Destroyed robot194!
Destroyed robot146!
Destroyed robot192!
Destroyed robot210!
Destroyed robot258!
Destroyed robot233!
Destroyed robot138!
Destroyed robot248!
Destroyed robot168!
Destroyed robot89!
Destroyed robot78!
Destroyed robot98!
Destroyed robot185!
Destroyed robot88!
Destroyed robot189!
Destroyed robot19!
Destroyed robot145!
Destroyed robot66!
Destroyed robot75!
Destroyed robot94!
Destroyed robot207!
Destroyed robot74!
Destroyed robot198!
Destroyed robot230!
Destroyed robot156!
Destroyed robot182!
Destroyed robot34!
Destroyed robot37!
Destroyed robot38!
Destroyed robot28!
Destroyed robot184!
Destroyed robot196!
Destroyed robot9!
******* testar.sh 260  ********


*** determinar crescimento de RS em relacao 260 robos ****


Experimento numero 29


analise60.sh: line 22: ./testar.sh: Permission denied
mv: cannot stat 'logs': No such file or directory
/home/andersoney/algoritmotcc
Stage 4.3.0 [GUI disabled]
 [Loading automatic1.world][Include map.inc][Include sick.inc][Include pioneer.inc]
Destroyed robot230!
Destroyed robot196!
Destroyed robot28!
Destroyed robot6!
Destroyed robot10!
Destroyed robot63!
Destroyed robot88!
Destroyed robot25!
Destroyed robot231!
Destroyed robot225!
Destroyed robot237!
Destroyed robot52!
Destroyed robot129!
Destroyed robot20!
Destroyed robot15!
Destroyed robot153!
Destroyed robot26!
Destroyed robot17!
Destroyed robot172!
Destroyed robot70!
Destroyed robot42!
Destroyed robot166!
Destroyed robot14!
Destroyed robot234!
Destroyed robot110!
Destroyed robot105!
Destroyed robot122!
Destroyed robot93!
Destroyed robot197!
Destroyed robot31!
Destroyed robot229!
Destroyed robot60!
Destroyed robot44!
Destroyed robot92!
Destroyed robot112!
Destroyed robot124!
Destroyed robot35!
Destroyed robot8!
Destroyed robot120!
Destroyed robot212!
Destroyed robot189!
Destroyed robot241!
Destroyed robot176!
Destroyed robot213!
Destroyed robot68!
Destroyed robot109!
Destroyed robot238!
Destroyed robot205!
Destroyed robot78!
Destroyed robot214!
Destroyed robot37!
Destroyed robot257!
Destroyed robot123!
Destroyed robot160!
Destroyed robot12!
Destroyed robot61!
Destroyed robot201!
Destroyed robot79!
Destroyed robot21!
Destroyed robot204!
Destroyed robot224!
Destroyed robot119!
Destroyed robot5!
Destroyed robot100!
Destroyed robot84!
Destroyed robot138!
Destroyed robot157!
Destroyed robot193!
Destroyed robot248!
Destroyed robot118!
Destroyed robot45!
Destroyed robot182!
Destroyed robot199!
Destroyed robot239!
Destroyed robot151!
Destroyed robot249!
Destroyed robot137!
Destroyed robot53!
Destroyed robot221!
Destroyed robot90!
Destroyed robot85!
Destroyed robot194!
Destroyed robot54!
Destroyed robot106!
Destroyed robot89!
Destroyed robot98!
Destroyed robot76!
Destroyed robot75!
Destroyed robot242!
Destroyed robot259!
Destroyed robot215!
Destroyed robot1!
Destroyed robot240!
Destroyed robot223!
Destroyed robot46!
Destroyed robot188!
Destroyed robot2!
Destroyed robot169!
Destroyed robot136!
Destroyed robot232!
Destroyed robot141!
Destroyed robot64!
Destroyed robot62!
Destroyed robot162!
Destroyed robot39!
Destroyed robot186!
Destroyed robot116!
Destroyed robot235!
Destroyed robot219!
Destroyed robot174!
Destroyed robot206!
Destroyed robot126!
Destroyed robot220!
Destroyed robot161!
Destroyed robot19!
Destroyed robot187!
Destroyed robot125!
Destroyed robot27!
Destroyed robot127!
Destroyed robot203!
Destroyed robot67!
Destroyed robot38!
Destroyed robot115!
Destroyed robot180!
Destroyed robot148!
Destroyed robot216!
Destroyed robot3!
Destroyed robot71!
Destroyed robot236!
Destroyed robot33!
Destroyed robot34!
Destroyed robot103!
Destroyed robot178!
Destroyed robot217!
Destroyed robot40!
Destroyed robot146!
Destroyed robot69!
Destroyed robot22!
Destroyed robot185!
Destroyed robot226!
Destroyed robot163!
Destroyed robot208!
Destroyed robot147!
Destroyed robot183!
Destroyed robot57!
Destroyed robot134!
Destroyed robot81!
Destroyed robot51!
Destroyed robot251!
Destroyed robot159!
Destroyed robot250!
Destroyed robot135!
Destroyed robot207!
Destroyed robot23!
Destroyed robot130!
Destroyed robot86!
Destroyed robot227!
Destroyed robot104!
Destroyed robot94!
Destroyed robot59!
Destroyed robot18!
Destroyed robot50!
Destroyed robot195!
Destroyed robot83!
Destroyed robot168!
Destroyed robot24!
Destroyed robot149!
Destroyed robot13!
Destroyed robot152!
Destroyed robot11!
Destroyed robot156!
Destroyed robot175!
Destroyed robot143!
Destroyed robot177!
Destroyed robot66!
Destroyed robot48!
Destroyed robot95!
Destroyed robot77!
Destroyed robot198!
Destroyed robot253!
Destroyed robot55!
Destroyed robot164!
Destroyed robot7!
Destroyed robot158!
Destroyed robot202!
Destroyed robot97!
Destroyed robot256!
Destroyed robot254!
Destroyed robot171!
Destroyed robot218!
Destroyed robot211!
Destroyed robot114!
Destroyed robot140!
Destroyed robot255!
Destroyed robot142!
Destroyed robot190!
Destroyed robot184!
Destroyed robot258!
Destroyed robot9!
Destroyed robot209!
Destroyed robot233!
Destroyed robot181!
Destroyed robot165!
Destroyed robot246!
Destroyed robot191!
Destroyed robot82!
Destroyed robot99!
Destroyed robot102!
Destroyed robot133!
Destroyed robot228!
Destroyed robot145!
Destroyed robot65!
Destroyed robot167!
Destroyed robot30!
Destroyed robot252!
Destroyed robot29!
Destroyed robot56!
Destroyed robot108!
Destroyed robot117!
Destroyed robot192!
Destroyed robot111!
Destroyed robot179!
Destroyed robot96!
Destroyed robot80!
Destroyed robot247!
Destroyed robot47!
Destroyed robot41!
Destroyed robot128!
Destroyed robot87!
Destroyed robot139!
Destroyed robot36!
Destroyed robot244!
Destroyed robot49!
Destroyed robot245!
Destroyed robot101!
Destroyed robot0!
Destroyed robot132!
Destroyed robot91!
Destroyed robot121!
Destroyed robot200!
Destroyed robot150!
Destroyed robot144!
Destroyed robot155!
Destroyed robot32!
Destroyed robot4!
Destroyed robot173!
Destroyed robot73!
Destroyed robot74!
Destroyed robot222!
Destroyed robot72!
Destroyed robot154!
Destroyed robot43!
Destroyed robot107!
Destroyed robot113!
Destroyed robot58!
Destroyed robot243!
Destroyed robot170!
Destroyed robot131!
Destroyed robot16!
******* testar.sh 260  ********


*** determinar crescimento de RS em relacao 260 robos ****


Experimento numero 30


analise60.sh: line 22: ./testar.sh: Permission denied
mv: cannot stat 'logs': No such file or directory
/home/andersoney/algoritmotcc
Stage 4.3.0 [GUI disabled]
 [Loading automatic1.world][Include map.inc][Include sick.inc][Include pioneer.inc]
Destroyed robot141!
Destroyed robot122!
Destroyed robot169!
Destroyed robot89!
Destroyed robot215!
Destroyed robot77!
Destroyed robot216!
Destroyed robot37!
Destroyed robot36!
Destroyed robot112!
Destroyed robot68!
Destroyed robot251!
Destroyed robot85!
Destroyed robot87!
Destroyed robot22!
Destroyed robot128!
Destroyed robot63!
Destroyed robot48!
Destroyed robot179!
Destroyed robot14!
Destroyed robot133!
Destroyed robot178!
Destroyed robot156!
Destroyed robot219!
Destroyed robot188!
Destroyed robot157!
Destroyed robot233!
Destroyed robot121!
Destroyed robot65!
Destroyed robot153!
Destroyed robot229!
Destroyed robot182!
Destroyed robot238!
Destroyed robot88!
Destroyed robot59!
Destroyed robot205!
Destroyed robot39!
Destroyed robot124!
Destroyed robot254!
Destroyed robot255!
Destroyed robot105!
Destroyed robot40!
Destroyed robot104!
Destroyed robot96!
Destroyed robot242!
Destroyed robot256!
Destroyed robot228!
Destroyed robot26!
Destroyed robot58!
Destroyed robot247!
Destroyed robot23!
Destroyed robot244!
Destroyed robot200!
Destroyed robot3!
Destroyed robot206!
Destroyed robot253!
Destroyed robot139!
Destroyed robot235!
Destroyed robot243!
Destroyed robot245!
Destroyed robot19!
Destroyed robot190!
Destroyed robot207!
Destroyed robot146!
Destroyed robot159!
Destroyed robot7!
Destroyed robot239!
Destroyed robot194!
Destroyed robot103!
Destroyed robot98!
Destroyed robot12!
Destroyed robot51!
Destroyed robot84!
Destroyed robot47!
Destroyed robot134!
Destroyed robot76!
Destroyed robot9!
Destroyed robot250!
Destroyed robot34!
Destroyed robot75!
Destroyed robot18!
Destroyed robot204!
Destroyed robot43!
Destroyed robot165!
Destroyed robot186!
Destroyed robot72!
Destroyed robot64!
Destroyed robot176!
Destroyed robot231!
Destroyed robot189!
Destroyed robot192!
Destroyed robot140!
Destroyed robot131!
Destroyed robot180!
Destroyed robot164!
Destroyed robot148!
Destroyed robot1!
Destroyed robot132!
Destroyed robot21!
Destroyed robot109!
Destroyed robot130!
Destroyed robot213!
Destroyed robot50!
Destroyed robot29!
Destroyed robot129!
Destroyed robot138!
Destroyed robot155!
Destroyed robot113!
Destroyed robot144!
Destroyed robot5!
Destroyed robot222!
Destroyed robot115!
Destroyed robot120!
Destroyed robot0!
Destroyed robot102!
Destroyed robot78!
Destroyed robot161!
Destroyed robot230!
Destroyed robot152!
Destroyed robot221!
Destroyed robot74!
Destroyed robot111!
Destroyed robot20!
Destroyed robot197!
Destroyed robot45!
Destroyed robot93!
Destroyed robot183!
Destroyed robot52!
Destroyed robot203!
Destroyed robot172!
Destroyed robot28!
Destroyed robot97!
Destroyed robot35!
Destroyed robot108!
Destroyed robot2!
Destroyed robot79!
Destroyed robot150!
Destroyed robot198!
Destroyed robot214!
Destroyed robot38!
Destroyed robot174!
Destroyed robot258!
Destroyed robot71!
Destroyed robot30!
Destroyed robot236!
Destroyed robot80!
Destroyed robot217!
Destroyed robot56!
Destroyed robot241!
Destroyed robot42!
Destroyed robot249!
Destroyed robot70!
Destroyed robot116!
Destroyed robot168!
Destroyed robot4!
Destroyed robot82!
Destroyed robot123!
Destroyed robot119!
Destroyed robot41!
Destroyed robot49!
Destroyed robot61!
Destroyed robot142!
Destroyed robot185!
Destroyed robot69!
Destroyed robot237!
Destroyed robot177!
Destroyed robot151!
Destroyed robot181!
Destroyed robot211!
Destroyed robot27!
Destroyed robot73!
Destroyed robot10!
Destroyed robot257!
Destroyed robot167!
Destroyed robot110!
Destroyed robot226!
Destroyed robot62!
Destroyed robot195!
Destroyed robot163!
Destroyed robot126!
Destroyed robot67!
Destroyed robot32!
Destroyed robot173!
Destroyed robot17!
Destroyed robot95!
Destroyed robot246!
Destroyed robot143!
Destroyed robot118!
Destroyed robot248!
Destroyed robot218!
Destroyed robot24!
Destroyed robot162!
Destroyed robot31!
Destroyed robot99!
Destroyed robot13!
Destroyed robot127!
Destroyed robot55!
Destroyed robot201!
Destroyed robot8!
Destroyed robot232!
Destroyed robot86!
Destroyed robot94!
Destroyed robot209!
Destroyed robot227!
Destroyed robot101!
Destroyed robot224!
Destroyed robot25!
Destroyed robot53!
Destroyed robot223!
Destroyed robot252!
Destroyed robot234!
Destroyed robot92!
Destroyed robot147!
Destroyed robot117!
Destroyed robot137!
Destroyed robot66!
Destroyed robot166!
Destroyed robot81!
Destroyed robot225!
Destroyed robot11!
Destroyed robot202!
Destroyed robot60!
Destroyed robot57!
Destroyed robot106!
Destroyed robot33!
Destroyed robot6!
Destroyed robot196!
Destroyed robot193!
Destroyed robot158!
Destroyed robot136!
Destroyed robot240!
Destroyed robot170!
Destroyed robot125!
Destroyed robot208!
Destroyed robot175!
Destroyed robot149!
Destroyed robot160!
Destroyed robot16!
Destroyed robot46!
Destroyed robot154!
Destroyed robot135!
Destroyed robot15!
Destroyed robot91!
Destroyed robot199!
Destroyed robot90!
Destroyed robot191!
Destroyed robot54!
Destroyed robot220!
Destroyed robot100!
Destroyed robot184!
Destroyed robot171!
Destroyed robot114!
Destroyed robot107!
Destroyed robot44!
Destroyed robot259!
Destroyed robot187!
Destroyed robot210!
Destroyed robot83!
Destroyed robot212!
******* testar.sh 260  ********


*** determinar crescimento de RS em relacao 260 robos ****


Experimento numero 31


analise60.sh: line 22: ./testar.sh: Permission denied
mv: cannot stat 'logs': No such file or directory
/home/andersoney/algoritmotcc
Stage 4.3.0 [GUI disabled]
 [Loading automatic1.world][Include map.inc][Include sick.inc][Include pioneer.inc]
Destroyed robot116!
Destroyed robot99!
Destroyed robot0!
Destroyed robot193!
Destroyed robot73!
Destroyed robot52!
Destroyed robot215!
Destroyed robot41!
Destroyed robot102!
Destroyed robot55!
Destroyed robot222!
Destroyed robot26!
Destroyed robot109!
Destroyed robot131!
Destroyed robot48!
Destroyed robot133!
Destroyed robot8!
Destroyed robot77!
Destroyed robot93!
Destroyed robot173!
Destroyed robot198!
Destroyed robot219!
Destroyed robot51!
Destroyed robot159!
Destroyed robot76!
Destroyed robot197!
Destroyed robot172!
Destroyed robot89!
Destroyed robot141!
Destroyed robot206!
Destroyed robot92!
Destroyed robot84!
Destroyed robot217!
Destroyed robot38!
Destroyed robot239!
Destroyed robot34!
Destroyed robot248!
Destroyed robot136!
Destroyed robot250!
Destroyed robot221!
Destroyed robot155!
Destroyed robot47!
Destroyed robot241!
Destroyed robot36!
Destroyed robot108!
Destroyed robot203!
Destroyed robot180!
Destroyed robot185!
Destroyed robot137!
Destroyed robot128!
Destroyed robot40!
Destroyed robot2!
Destroyed robot63!
Destroyed robot208!
Destroyed robot75!
Destroyed robot10!
Destroyed robot191!
Destroyed robot233!
Destroyed robot101!
Destroyed robot224!
Destroyed robot50!
Destroyed robot22!
Destroyed robot181!
Destroyed robot79!
Destroyed robot150!
Destroyed robot17!
Destroyed robot251!
Destroyed robot183!
Destroyed robot96!
Destroyed robot228!
Destroyed robot122!
Destroyed robot227!
Destroyed robot54!
Destroyed robot124!
Destroyed robot201!
Destroyed robot135!
Destroyed robot204!
Destroyed robot12!
Destroyed robot45!
Destroyed robot94!
Destroyed robot194!
Destroyed robot231!
Destroyed robot254!
Destroyed robot157!
Destroyed robot31!
Destroyed robot192!
Destroyed robot107!
Destroyed robot43!
Destroyed robot175!
Destroyed robot70!
Destroyed robot1!
Destroyed robot161!
Destroyed robot125!
Destroyed robot129!
Destroyed robot25!
Destroyed robot3!
Destroyed robot33!
Destroyed robot223!
Destroyed robot16!
Destroyed robot91!
Destroyed robot220!
Destroyed robot15!
Destroyed robot158!
Destroyed robot87!
Destroyed robot236!
Destroyed robot6!
Destroyed robot184!
Destroyed robot88!
Destroyed robot160!
Destroyed robot166!
Destroyed robot216!
Destroyed robot249!
Destroyed robot138!
Destroyed robot118!
Destroyed robot80!
Destroyed robot49!
Destroyed robot97!
Destroyed robot174!
Destroyed robot256!
Destroyed robot235!
Destroyed robot167!
Destroyed robot209!
Destroyed robot24!
Destroyed robot74!
Destroyed robot71!
Destroyed robot144!
Destroyed robot146!
Destroyed robot57!
Destroyed robot56!
Destroyed robot13!
Destroyed robot246!
Destroyed robot19!
Destroyed robot103!
Destroyed robot202!
Destroyed robot61!
Destroyed robot46!
Destroyed robot60!
Destroyed robot115!
Destroyed robot21!
Destroyed robot23!
Destroyed robot28!
Destroyed robot258!
Destroyed robot112!
Destroyed robot226!
Destroyed robot245!
Destroyed robot104!
Destroyed robot127!
Destroyed robot142!
Destroyed robot234!
Destroyed robot139!
Destroyed robot67!
Destroyed robot114!
Destroyed robot252!
Destroyed robot188!
Destroyed robot35!
Destroyed robot85!
Destroyed robot211!
Destroyed robot44!
Destroyed robot151!
Destroyed robot126!
Destroyed robot7!
Destroyed robot58!
Destroyed robot140!
Destroyed robot189!
Destroyed robot18!
Destroyed robot162!
Destroyed robot32!
Destroyed robot200!
Destroyed robot29!
Destroyed robot218!
Destroyed robot105!
Destroyed robot100!
Destroyed robot168!
Destroyed robot111!
Destroyed robot145!
Destroyed robot27!
Destroyed robot149!
Destroyed robot134!
Destroyed robot213!
Destroyed robot65!
Destroyed robot95!
Destroyed robot68!
Destroyed robot53!
Destroyed robot120!
Destroyed robot132!
Destroyed robot152!
Destroyed robot196!
Destroyed robot244!
Destroyed robot82!
Destroyed robot72!
Destroyed robot257!
Destroyed robot9!
Destroyed robot130!
Destroyed robot177!
Destroyed robot113!
Destroyed robot225!
Destroyed robot165!
Destroyed robot147!
Destroyed robot169!
Destroyed robot210!
Destroyed robot212!
Destroyed robot170!
Destroyed robot110!
Destroyed robot186!
Destroyed robot4!
Destroyed robot78!
Destroyed robot30!
Destroyed robot90!
Destroyed robot182!
Destroyed robot237!
Destroyed robot190!
Destroyed robot230!
Destroyed robot69!
Destroyed robot5!
Destroyed robot14!
Destroyed robot247!
Destroyed robot106!
Destroyed robot199!
Destroyed robot240!
Destroyed robot238!
Destroyed robot81!
Destroyed robot64!
Destroyed robot242!
Destroyed robot154!
Destroyed robot11!
Destroyed robot153!
Destroyed robot214!
Destroyed robot148!
Destroyed robot121!
Destroyed robot229!
Destroyed robot123!
Destroyed robot164!
Destroyed robot259!
Destroyed robot98!
Destroyed robot163!
Destroyed robot156!
Destroyed robot232!
Destroyed robot39!
Destroyed robot59!
Destroyed robot66!
Destroyed robot86!
Destroyed robot179!
Destroyed robot143!
Destroyed robot62!
Destroyed robot205!
Destroyed robot178!
Destroyed robot207!
Destroyed robot243!
Destroyed robot117!
Destroyed robot171!
Destroyed robot253!
Destroyed robot37!
Destroyed robot83!
Destroyed robot187!
Destroyed robot195!
Destroyed robot42!
Destroyed robot255!
Destroyed robot20!
Destroyed robot119!
******* testar.sh 260  ********


*** determinar crescimento de RS em relacao 260 robos ****


Experimento numero 32


analise60.sh: line 22: ./testar.sh: Permission denied
mv: cannot stat 'logs': No such file or directory
/home/andersoney/algoritmotcc
Stage 4.3.0 [GUI disabled]
 [Loading automatic1.world][Include map.inc][Include sick.inc][Include pioneer.inc]
Destroyed robot196!
Destroyed robot113!
Destroyed robot14!
Destroyed robot129!
Destroyed robot4!
Destroyed robot224!
Destroyed robot72!
Destroyed robot55!
Destroyed robot57!
Destroyed robot147!
Destroyed robot23!
Destroyed robot102!
Destroyed robot68!
Destroyed robot93!
Destroyed robot69!
Destroyed robot153!
Destroyed robot109!
Destroyed robot217!
Destroyed robot136!
Destroyed robot36!
Destroyed robot82!
Destroyed robot234!
Destroyed robot8!
Destroyed robot150!
Destroyed robot155!
Destroyed robot87!
Destroyed robot151!
Destroyed robot148!
Destroyed robot44!
Destroyed robot99!
Destroyed robot142!
Destroyed robot34!
Destroyed robot132!
Destroyed robot110!
Destroyed robot175!
Destroyed robot105!
Destroyed robot177!
Destroyed robot201!
Destroyed robot176!
Destroyed robot38!
Destroyed robot197!
Destroyed robot232!
Destroyed robot51!
Destroyed robot5!
Destroyed robot125!
Destroyed robot163!
Destroyed robot31!
Destroyed robot111!
Destroyed robot179!
Destroyed robot173!
Destroyed robot256!
Destroyed robot139!
Destroyed robot79!
Destroyed robot53!
Destroyed robot140!
Destroyed robot7!
Destroyed robot137!
Destroyed robot40!
Destroyed robot106!
Destroyed robot235!
Destroyed robot240!
Destroyed robot35!
Destroyed robot60!
Destroyed robot195!
Destroyed robot10!
Destroyed robot223!
Destroyed robot185!
Destroyed robot33!
Destroyed robot170!
Destroyed robot121!
Destroyed robot15!
Destroyed robot80!
Destroyed robot75!
Destroyed robot19!
Destroyed robot112!
Destroyed robot85!
Destroyed robot178!
Destroyed robot209!
Destroyed robot169!
Destroyed robot59!
Destroyed robot48!
Destroyed robot171!
Destroyed robot124!
Destroyed robot199!
Destroyed robot11!
Destroyed robot237!
Destroyed robot208!
Destroyed robot245!
Destroyed robot39!
Destroyed robot231!
Destroyed robot143!
Destroyed robot220!
Destroyed robot47!
Destroyed robot253!
Destroyed robot6!
Destroyed robot215!
Destroyed robot21!
Destroyed robot182!
Destroyed robot78!
Destroyed robot95!
Destroyed robot83!
Destroyed robot192!
Destroyed robot188!
Destroyed robot41!
Destroyed robot242!
Destroyed robot239!
Destroyed robot92!
Destroyed robot166!
Destroyed robot243!
Destroyed robot238!
Destroyed robot52!
Destroyed robot119!
Destroyed robot225!
Destroyed robot181!
Destroyed robot138!
Destroyed robot165!
Destroyed robot107!
Destroyed robot90!
Destroyed robot30!
Destroyed robot76!
Destroyed robot108!
Destroyed robot160!
Destroyed robot159!
Destroyed robot186!
Destroyed robot103!
Destroyed robot211!
Destroyed robot130!
Destroyed robot25!
Destroyed robot118!
Destroyed robot236!
Destroyed robot42!
Destroyed robot86!
Destroyed robot16!
Destroyed robot67!
Destroyed robot123!
Destroyed robot24!
Destroyed robot180!
Destroyed robot56!
Destroyed robot135!
Destroyed robot190!
Destroyed robot205!
Destroyed robot248!
Destroyed robot127!
Destroyed robot254!
Destroyed robot131!
Destroyed robot207!
Destroyed robot26!
Destroyed robot257!
Destroyed robot128!
Destroyed robot97!
Destroyed robot149!
Destroyed robot144!
Destroyed robot22!
Destroyed robot167!
Destroyed robot230!
Destroyed robot133!
Destroyed robot37!
Destroyed robot152!
Destroyed robot141!
Destroyed robot213!
Destroyed robot226!
Destroyed robot1!
Destroyed robot164!
Destroyed robot100!
Destroyed robot247!
Destroyed robot66!
Destroyed robot120!
Destroyed robot32!
Destroyed robot61!
Destroyed robot65!
Destroyed robot3!
Destroyed robot115!
Destroyed robot43!
Destroyed robot94!
Destroyed robot145!
Destroyed robot27!
Destroyed robot46!
Destroyed robot218!
Destroyed robot233!
Destroyed robot249!
Destroyed robot29!
Destroyed robot191!
Destroyed robot203!
Destroyed robot193!
Destroyed robot204!
Destroyed robot89!
Destroyed robot126!
Destroyed robot58!
Destroyed robot104!
Destroyed robot258!
Destroyed robot77!
Destroyed robot71!
Destroyed robot259!
Destroyed robot210!
Destroyed robot156!
Destroyed robot227!
Destroyed robot221!
Destroyed robot250!
Destroyed robot246!
Destroyed robot222!
Destroyed robot154!
Destroyed robot214!
Destroyed robot122!
Destroyed robot63!
Destroyed robot255!
Destroyed robot172!
Destroyed robot20!
Destroyed robot81!
Destroyed robot134!
Destroyed robot228!
Destroyed robot200!
Destroyed robot157!
Destroyed robot62!
Destroyed robot158!
Destroyed robot18!
Destroyed robot117!
Destroyed robot9!
Destroyed robot98!
Destroyed robot202!
Destroyed robot49!
Destroyed robot12!
Destroyed robot244!
Destroyed robot13!
Destroyed robot45!
Destroyed robot0!
Destroyed robot50!
Destroyed robot96!
Destroyed robot187!
Destroyed robot146!
Destroyed robot183!
Destroyed robot184!
Destroyed robot194!
Destroyed robot54!
Destroyed robot91!
Destroyed robot212!
Destroyed robot174!
Destroyed robot189!
Destroyed robot206!
Destroyed robot162!
Destroyed robot73!
Destroyed robot229!
Destroyed robot28!
Destroyed robot74!
Destroyed robot251!
Destroyed robot84!
Destroyed robot216!
Destroyed robot168!
Destroyed robot88!
Destroyed robot70!
Destroyed robot114!
Destroyed robot17!
Destroyed robot161!
Destroyed robot2!
Destroyed robot101!
Destroyed robot219!
Destroyed robot198!
Destroyed robot252!
Destroyed robot241!
Destroyed robot116!
/home/andersoney/algoritmotcc
Stage 4.3.0 [GUI disabled]
 [Loading automatic1.world][Include map.inc][Include sick.inc][Include pioneer.inc]
Destroyed robot170!
Destroyed robot133!
Destroyed robot99!
Destroyed robot104!
Destroyed robot178!
Destroyed robot28!
Destroyed robot208!
Destroyed robot92!
Destroyed robot185!
Destroyed robot233!
Destroyed robot231!
Destroyed robot88!
Destroyed robot247!
Destroyed robot214!
Destroyed robot80!
Destroyed robot230!
Destroyed robot18!
Destroyed robot111!
Destroyed robot3!
Destroyed robot19!
Destroyed robot45!
Destroyed robot130!
Destroyed robot152!
Destroyed robot223!
Destroyed robot58!
Destroyed robot98!
Destroyed robot147!
Destroyed robot198!
Destroyed robot6!
Destroyed robot250!
Destroyed robot184!
Destroyed robot212!
Destroyed robot246!
Destroyed robot56!
Destroyed robot221!
Destroyed robot134!
Destroyed robot97!
Destroyed robot253!
Destroyed robot62!
Destroyed robot84!
Destroyed robot23!
Destroyed robot103!
Destroyed robot227!
Destroyed robot143!
Destroyed robot167!
Destroyed robot48!
Destroyed robot83!
Destroyed robot207!
Destroyed robot81!
Destroyed robot199!
Destroyed robot234!
Destroyed robot154!
Destroyed robot76!
Destroyed robot237!
Destroyed robot172!
Destroyed robot180!
Destroyed robot36!
Destroyed robot38!
Destroyed robot241!
Destroyed robot203!
Destroyed robot251!
Destroyed robot47!
Destroyed robot249!
Destroyed robot101!
Destroyed robot72!
Destroyed robot77!
Destroyed robot75!
Destroyed robot206!
Destroyed robot90!
Destroyed robot229!
Destroyed robot197!
Destroyed robot226!
Destroyed robot73!
Destroyed robot67!
Destroyed robot259!
Destroyed robot57!
Destroyed robot144!
Destroyed robot202!
Destroyed robot63!
Destroyed robot33!
Destroyed robot128!
Destroyed robot236!
Destroyed robot51!
Destroyed robot112!
Destroyed robot105!
Destroyed robot169!
Destroyed robot10!
Destroyed robot44!
Destroyed robot89!
Destroyed robot100!
Destroyed robot94!
Destroyed robot183!
Destroyed robot159!
Destroyed robot24!
Destroyed robot217!
Destroyed robot218!
Destroyed robot122!
Destroyed robot136!
Destroyed robot188!
Destroyed robot20!
Destroyed robot59!
Destroyed robot161!
Destroyed robot177!
Destroyed robot129!
Destroyed robot31!
Destroyed robot165!
Destroyed robot204!
Destroyed robot168!
Destroyed robot11!
Destroyed robot211!
Destroyed robot190!
Destroyed robot60!
Destroyed robot254!
Destroyed robot118!
Destroyed robot121!
Destroyed robot193!
Destroyed robot224!
Destroyed robot153!
Destroyed robot5!
Destroyed robot186!
Destroyed robot4!
Destroyed robot102!
Destroyed robot243!
Destroyed robot131!
Destroyed robot106!
Destroyed robot1!
Destroyed robot8!
Destroyed robot65!
Destroyed robot96!
Destroyed robot52!
Destroyed robot82!
Destroyed robot182!
Destroyed robot142!
Destroyed robot2!
Destroyed robot110!
Destroyed robot34!
Destroyed robot232!
Destroyed robot116!
Destroyed robot244!
Destroyed robot149!
Destroyed robot160!
Destroyed robot37!
Destroyed robot78!
Destroyed robot235!
Destroyed robot222!
Destroyed robot238!
Destroyed robot245!
Destroyed robot115!
Destroyed robot200!
Destroyed robot109!
Destroyed robot257!
Destroyed robot175!
Destroyed robot61!
Destroyed robot191!
Destroyed robot124!
Destroyed robot29!
Destroyed robot171!
Destroyed robot30!
Destroyed robot120!
Destroyed robot173!
Destroyed robot141!
Destroyed robot16!
Destroyed robot114!
Destroyed robot258!
Destroyed robot117!
Destroyed robot108!
Destroyed robot140!
Destroyed robot166!
Destroyed robot215!
Destroyed robot66!
Destroyed robot93!
Destroyed robot189!
Destroyed robot220!
Destroyed robot107!
Destroyed robot55!
Destroyed robot219!
Destroyed robot0!
Destroyed robot162!
Destroyed robot42!
Destroyed robot53!
Destroyed robot25!
Destroyed robot46!
Destroyed robot187!
Destroyed robot192!
Destroyed robot113!
Destroyed robot176!
Destroyed robot39!
Destroyed robot138!
Destroyed robot17!
Destroyed robot256!
Destroyed robot174!
Destroyed robot86!
Destroyed robot179!
Destroyed robot64!
Destroyed robot68!
Destroyed robot194!
Destroyed robot201!
Destroyed robot135!
Destroyed robot126!
Destroyed robot150!
Destroyed robot12!
Destroyed robot87!
Destroyed robot164!
Destroyed robot205!
Destroyed robot35!
Destroyed robot210!
Destroyed robot79!
Destroyed robot22!
Destroyed robot132!
Destroyed robot27!
Destroyed robot225!
Destroyed robot54!
Destroyed robot95!
Destroyed robot14!
Destroyed robot248!
Destroyed robot119!
Destroyed robot163!
Destroyed robot156!
Destroyed robot74!
Destroyed robot196!
Destroyed robot195!
Destroyed robot69!
Destroyed robot145!
Destroyed robot148!
Destroyed robot127!
Destroyed robot252!
Destroyed robot15!
Destroyed robot41!
Destroyed robot158!
Destroyed robot49!
Destroyed robot239!
Destroyed robot213!
Destroyed robot216!
Destroyed robot21!
Destroyed robot9!
Destroyed robot255!
Destroyed robot40!
Destroyed robot137!
Destroyed robot139!
Destroyed robot125!
Destroyed robot7!
Destroyed robot50!
Destroyed robot242!
Destroyed robot91!
Destroyed robot71!
Destroyed robot43!
Destroyed robot155!
Destroyed robot209!
Destroyed robot85!
Destroyed robot32!
Destroyed robot240!
Destroyed robot146!
Destroyed robot26!
Destroyed robot181!
Destroyed robot13!
Destroyed robot70!
Destroyed robot123!
Destroyed robot157!
Destroyed robot228!
******* testar.sh 260  ********


*** determinar crescimento de RS em relacao 260 robos ****


Experimento numero 33


analise60.sh: line 22: ./testar.sh: Permission denied
mv: cannot stat 'logs': No such file or directory
/home/andersoney/algoritmotcc
Stage 4.3.0 [GUI disabled]
 [Loading automatic1.world][Include map.inc][Include sick.inc][Include pioneer.inc]
Destroyed robot34!
Destroyed robot14!
Destroyed robot231!
Destroyed robot182!
Destroyed robot105!
Destroyed robot16!
Destroyed robot126!
Destroyed robot243!
Destroyed robot227!
Destroyed robot239!
Destroyed robot15!
Destroyed robot66!
Destroyed robot36!
Destroyed robot111!
Destroyed robot73!
Destroyed robot143!
Destroyed robot69!
Destroyed robot234!
Destroyed robot7!
Destroyed robot84!
Destroyed robot35!
Destroyed robot56!
Destroyed robot31!
Destroyed robot68!
Destroyed robot122!
Destroyed robot220!
Destroyed robot20!
Destroyed robot258!
Destroyed robot89!
Destroyed robot64!
Destroyed robot176!
Destroyed robot248!
Destroyed robot153!
Destroyed robot174!
Destroyed robot54!
Destroyed robot146!
Destroyed robot96!
Destroyed robot119!
Destroyed robot43!
Destroyed robot81!
Destroyed robot83!
Destroyed robot125!
Destroyed robot191!
Destroyed robot168!
Destroyed robot38!
Destroyed robot173!
Destroyed robot115!
Destroyed robot181!
Destroyed robot103!
Destroyed robot77!
Destroyed robot71!
Destroyed robot225!
Destroyed robot133!
Destroyed robot170!
Destroyed robot167!
Destroyed robot218!
Destroyed robot207!
Destroyed robot46!
Destroyed robot209!
Destroyed robot108!
Destroyed robot100!
Destroyed robot67!
Destroyed robot193!
Destroyed robot186!
Destroyed robot74!
Destroyed robot241!
Destroyed robot11!
Destroyed robot129!
Destroyed robot155!
Destroyed robot211!
Destroyed robot252!
Destroyed robot244!
Destroyed robot210!
Destroyed robot151!
Destroyed robot149!
Destroyed robot152!
Destroyed robot166!
Destroyed robot178!
Destroyed robot95!
Destroyed robot177!
Destroyed robot48!
Destroyed robot199!
Destroyed robot205!
Destroyed robot106!
Destroyed robot156!
Destroyed robot230!
Destroyed robot79!
Destroyed robot13!
Destroyed robot10!
Destroyed robot238!
Destroyed robot169!
Destroyed robot215!
Destroyed robot123!
Destroyed robot135!
Destroyed robot9!
Destroyed robot41!
Destroyed robot33!
Destroyed robot75!
Destroyed robot19!
Destroyed robot0!
Destroyed robot63!
Destroyed robot47!
Destroyed robot255!
Destroyed robot242!
Destroyed robot136!
Destroyed robot29!
Destroyed robot188!
Destroyed robot80!
Destroyed robot259!
Destroyed robot1!
Destroyed robot222!
Destroyed robot132!
Destroyed robot144!
Destroyed robot101!
Destroyed robot233!
Destroyed robot118!
Destroyed robot140!
Destroyed robot17!
Destroyed robot70!
Destroyed robot203!
Destroyed robot179!
Destroyed robot4!
Destroyed robot256!
Destroyed robot171!
Destroyed robot27!
Destroyed robot150!
Destroyed robot97!
Destroyed robot128!
Destroyed robot116!
Destroyed robot24!
Destroyed robot45!
Destroyed robot250!
Destroyed robot51!
Destroyed robot57!
Destroyed robot214!
Destroyed robot44!
Destroyed robot30!
Destroyed robot110!
Destroyed robot213!
Destroyed robot50!
Destroyed robot201!
Destroyed robot236!
Destroyed robot104!
Destroyed robot42!
Destroyed robot113!
Destroyed robot49!
Destroyed robot37!
Destroyed robot32!
Destroyed robot240!
Destroyed robot28!
Destroyed robot114!
Destroyed robot76!
Destroyed robot189!
Destroyed robot221!
Destroyed robot217!
Destroyed robot23!
Destroyed robot62!
Destroyed robot160!
Destroyed robot232!
Destroyed robot40!
Destroyed robot147!
Destroyed robot200!
Destroyed robot117!
Destroyed robot154!
Destroyed robot202!
Destroyed robot237!
Destroyed robot254!
Destroyed robot98!
Destroyed robot107!
Destroyed robot175!
Destroyed robot88!
Destroyed robot8!
Destroyed robot185!
Destroyed robot142!
Destroyed robot109!
Destroyed robot94!
Destroyed robot212!
Destroyed robot159!
Destroyed robot2!
Destroyed robot158!
Destroyed robot6!
Destroyed robot53!
Destroyed robot139!
Destroyed robot72!
Destroyed robot183!
Destroyed robot121!
Destroyed robot120!
Destroyed robot246!
Destroyed robot164!
Destroyed robot187!
Destroyed robot26!
Destroyed robot196!
Destroyed robot65!
Destroyed robot91!
Destroyed robot134!
Destroyed robot253!
Destroyed robot52!
Destroyed robot59!
Destroyed robot58!
Destroyed robot127!
Destroyed robot18!
Destroyed robot219!
Destroyed robot138!
Destroyed robot229!
Destroyed robot165!
Destroyed robot245!
Destroyed robot85!
Destroyed robot195!
Destroyed robot172!
Destroyed robot21!
Destroyed robot228!
Destroyed robot226!
Destroyed robot124!
Destroyed robot204!
Destroyed robot216!
Destroyed robot93!
Destroyed robot5!
Destroyed robot198!
Destroyed robot60!
Destroyed robot102!
Destroyed robot87!
Destroyed robot161!
Destroyed robot257!
Destroyed robot192!
Destroyed robot180!
Destroyed robot184!
Destroyed robot86!
Destroyed robot25!
Destroyed robot235!
Destroyed robot92!
Destroyed robot206!
Destroyed robot251!
Destroyed robot3!
Destroyed robot55!
Destroyed robot82!
Destroyed robot197!
Destroyed robot112!
Destroyed robot90!
Destroyed robot131!
Destroyed robot194!
Destroyed robot162!
Destroyed robot145!
Destroyed robot157!
Destroyed robot141!
Destroyed robot39!
Destroyed robot223!
Destroyed robot130!
Destroyed robot224!
Destroyed robot12!
Destroyed robot61!
Destroyed robot99!
Destroyed robot137!
Destroyed robot249!
Destroyed robot78!
Destroyed robot22!
Destroyed robot247!
Destroyed robot163!
Destroyed robot208!
Destroyed robot190!
******* testar.sh 260  ********


*** determinar crescimento de RS em relacao 260 robos ****


Experimento numero 34


analise60.sh: line 22: ./testar.sh: Permission denied
mv: cannot stat 'logs': No such file or directory
/home/andersoney/algoritmotcc
Stage 4.3.0 [GUI disabled]
 [Loading automatic1.world][Include map.inc][Include sick.inc][Include pioneer.inc]
Destroyed robot235!
Destroyed robot160!
Destroyed robot121!
Destroyed robot49!
Destroyed robot252!
Destroyed robot174!
Destroyed robot15!
Destroyed robot72!
Destroyed robot210!
Destroyed robot207!
Destroyed robot14!
Destroyed robot205!
Destroyed robot30!
Destroyed robot31!
Destroyed robot189!
Destroyed robot41!
Destroyed robot76!
Destroyed robot35!
Destroyed robot154!
Destroyed robot6!
Destroyed robot117!
Destroyed robot132!
Destroyed robot36!
Destroyed robot143!
Destroyed robot10!
Destroyed robot214!
Destroyed robot63!
Destroyed robot4!
Destroyed robot200!
Destroyed robot77!
Destroyed robot149!
Destroyed robot26!
Destroyed robot95!
Destroyed robot17!
Destroyed robot211!
Destroyed robot162!
Destroyed robot7!
Destroyed robot244!
Destroyed robot60!
Destroyed robot176!
Destroyed robot128!
Destroyed robot232!
Destroyed robot209!
Destroyed robot116!
Destroyed robot70!
Destroyed robot3!
Destroyed robot182!
Destroyed robot94!
Destroyed robot46!
Destroyed robot9!
Destroyed robot68!
Destroyed robot66!
Destroyed robot73!
Destroyed robot21!
Destroyed robot28!
Destroyed robot147!
Destroyed robot33!
Destroyed robot246!
Destroyed robot156!
Destroyed robot69!
Destroyed robot150!
Destroyed robot99!
Destroyed robot67!
Destroyed robot130!
Destroyed robot233!
Destroyed robot153!
Destroyed robot105!
Destroyed robot258!
Destroyed robot74!
Destroyed robot141!
Destroyed robot58!
Destroyed robot234!
Destroyed robot179!
Destroyed robot2!
Destroyed robot93!
Destroyed robot38!
Destroyed robot144!
Destroyed robot140!
Destroyed robot125!
Destroyed robot104!
Destroyed robot178!
Destroyed robot170!
Destroyed robot172!
Destroyed robot203!
Destroyed robot248!
Destroyed robot255!
Destroyed robot106!
Destroyed robot118!
Destroyed robot122!
Destroyed robot204!
Destroyed robot16!
Destroyed robot59!
Destroyed robot134!
Destroyed robot218!
Destroyed robot112!
Destroyed robot54!
Destroyed robot12!
Destroyed robot184!
Destroyed robot18!
Destroyed robot84!
Destroyed robot90!
Destroyed robot103!
Destroyed robot222!
Destroyed robot166!
Destroyed robot5!
Destroyed robot61!
Destroyed robot231!
Destroyed robot114!
Destroyed robot62!
Destroyed robot201!
Destroyed robot87!
Destroyed robot88!
Destroyed robot157!
Destroyed robot50!
Destroyed robot142!
Destroyed robot131!
Destroyed robot250!
Destroyed robot51!
Destroyed robot237!
Destroyed robot25!
Destroyed robot65!
Destroyed robot242!
Destroyed robot225!
Destroyed robot180!
Destroyed robot19!
Destroyed robot123!
Destroyed robot175!
Destroyed robot80!
Destroyed robot48!
Destroyed robot155!
Destroyed robot13!
Destroyed robot81!
Destroyed robot238!
Destroyed robot240!
Destroyed robot47!
Destroyed robot198!
Destroyed robot197!
Destroyed robot173!
Destroyed robot92!
Destroyed robot89!
Destroyed robot71!
Destroyed robot236!
Destroyed robot177!
Destroyed robot27!
Destroyed robot256!
Destroyed robot139!
Destroyed robot111!
Destroyed robot185!
Destroyed robot221!
Destroyed robot127!
Destroyed robot137!
Destroyed robot52!
Destroyed robot124!
Destroyed robot191!
Destroyed robot158!
Destroyed robot119!
Destroyed robot243!
Destroyed robot164!
Destroyed robot241!
Destroyed robot212!
Destroyed robot86!
Destroyed robot113!
Destroyed robot37!
Destroyed robot136!
Destroyed robot216!
Destroyed robot223!
Destroyed robot163!
Destroyed robot98!
Destroyed robot32!
Destroyed robot168!
Destroyed robot97!
Destroyed robot115!
Destroyed robot181!
Destroyed robot187!
Destroyed robot219!
Destroyed robot133!
Destroyed robot161!
Destroyed robot129!
Destroyed robot82!
Destroyed robot152!
Destroyed robot259!
Destroyed robot1!
Destroyed robot257!
Destroyed robot151!
Destroyed robot202!
Destroyed robot44!
Destroyed robot108!
Destroyed robot208!
Destroyed robot224!
Destroyed robot101!
Destroyed robot165!
Destroyed robot24!
Destroyed robot120!
Destroyed robot245!
Destroyed robot83!
Destroyed robot254!
Destroyed robot39!
Destroyed robot78!
Destroyed robot96!
Destroyed robot196!
Destroyed robot102!
Destroyed robot135!
Destroyed robot34!
Destroyed robot57!
Destroyed robot45!
Destroyed robot91!
Destroyed robot56!
Destroyed robot85!
Destroyed robot247!
Destroyed robot213!
Destroyed robot0!
Destroyed robot145!
Destroyed robot146!
Destroyed robot107!
Destroyed robot195!
Destroyed robot186!
Destroyed robot159!
Destroyed robot229!
Destroyed robot79!
Destroyed robot138!
Destroyed robot199!
Destroyed robot20!
Destroyed robot220!
Destroyed robot226!
Destroyed robot109!
Destroyed robot169!
Destroyed robot190!
Destroyed robot249!
Destroyed robot183!
Destroyed robot64!
Destroyed robot206!
Destroyed robot100!
Destroyed robot42!
Destroyed robot148!
Destroyed robot215!
Destroyed robot193!
Destroyed robot11!
Destroyed robot110!
Destroyed robot253!
Destroyed robot23!
Destroyed robot75!
Destroyed robot53!
Destroyed robot227!
Destroyed robot194!
Destroyed robot230!
Destroyed robot167!
Destroyed robot188!
Destroyed robot192!
Destroyed robot217!
Destroyed robot228!
Destroyed robot8!
Destroyed robot126!
Destroyed robot22!
Destroyed robot43!
Destroyed robot171!
Destroyed robot251!
Destroyed robot29!
Destroyed robot239!
Destroyed robot40!
******* testar.sh 260  ********


*** determinar crescimento de RS em relacao 260 robos ****


Experimento numero 35


analise60.sh: line 22: ./testar.sh: Permission denied
mv: cannot stat 'logs': No such file or directory
/home/andersoney/algoritmotcc
Stage 4.3.0 [GUI disabled]
 [Loading automatic1.world][Include map.inc][Include sick.inc][Include pioneer.inc]
Destroyed robot188!
Destroyed robot24!
Destroyed robot11!
Destroyed robot21!
Destroyed robot202!
Destroyed robot206!
Destroyed robot27!
Destroyed robot75!
Destroyed robot9!
Destroyed robot216!
Destroyed robot82!
Destroyed robot168!
Destroyed robot26!
Destroyed robot201!
Destroyed robot107!
Destroyed robot58!
Destroyed robot22!
Destroyed robot232!
Destroyed robot119!
Destroyed robot106!
Destroyed robot20!
Destroyed robot222!
Destroyed robot34!
Destroyed robot230!
Destroyed robot52!
Destroyed robot174!
Destroyed robot99!
Destroyed robot157!
Destroyed robot239!
Destroyed robot137!
Destroyed robot241!
Destroyed robot10!
Destroyed robot37!
Destroyed robot30!
Destroyed robot194!
Destroyed robot56!
Destroyed robot92!
Destroyed robot212!
Destroyed robot87!
Destroyed robot173!
Destroyed robot170!
Destroyed robot95!
Destroyed robot221!
Destroyed robot210!
Destroyed robot250!
Destroyed robot63!
Destroyed robot146!
Destroyed robot116!
Destroyed robot59!
Destroyed robot147!
Destroyed robot8!
Destroyed robot64!
Destroyed robot111!
Destroyed robot124!
Destroyed robot39!
Destroyed robot126!
Destroyed robot100!
Destroyed robot156!
Destroyed robot79!
Destroyed robot3!
Destroyed robot117!
Destroyed robot182!
Destroyed robot234!
Destroyed robot134!
Destroyed robot135!
Destroyed robot185!
Destroyed robot259!
Destroyed robot153!
Destroyed robot142!
Destroyed robot149!
Destroyed robot74!
Destroyed robot136!
Destroyed robot242!
Destroyed robot40!
Destroyed robot14!
Destroyed robot208!
Destroyed robot110!
Destroyed robot85!
Destroyed robot93!
Destroyed robot138!
Destroyed robot71!
Destroyed robot101!
Destroyed robot133!
Destroyed robot226!
Destroyed robot218!
Destroyed robot89!
Destroyed robot167!
Destroyed robot184!
Destroyed robot181!
Destroyed robot54!
Destroyed robot0!
Destroyed robot158!
Destroyed robot67!
Destroyed robot81!
Destroyed robot204!
Destroyed robot114!
Destroyed robot53!
Destroyed robot172!
Destroyed robot166!
Destroyed robot151!
Destroyed robot213!
Destroyed robot215!
Destroyed robot247!
Destroyed robot127!
Destroyed robot7!
Destroyed robot251!
Destroyed robot51!
Destroyed robot31!
Destroyed robot19!
Destroyed robot104!
Destroyed robot253!
Destroyed robot150!
Destroyed robot13!
Destroyed robot33!
Destroyed robot159!
Destroyed robot132!
Destroyed robot94!
Destroyed robot189!
Destroyed robot55!
Destroyed robot125!
Destroyed robot161!
Destroyed robot139!
Destroyed robot195!
Destroyed robot91!
Destroyed robot90!
Destroyed robot49!
Destroyed robot154!
Destroyed robot42!
Destroyed robot47!
Destroyed robot65!
Destroyed robot211!
Destroyed robot228!
Destroyed robot45!
Destroyed robot80!
Destroyed robot29!
Destroyed robot60!
Destroyed robot240!
Destroyed robot96!
Destroyed robot46!
Destroyed robot5!
Destroyed robot113!
Destroyed robot98!
Destroyed robot145!
Destroyed robot23!
Destroyed robot255!
Destroyed robot235!
Destroyed robot70!
Destroyed robot231!
Destroyed robot203!
Destroyed robot162!
Destroyed robot32!
Destroyed robot62!
Destroyed robot83!
Destroyed robot72!
Destroyed robot183!
Destroyed robot36!
Destroyed robot177!
Destroyed robot248!
Destroyed robot187!
Destroyed robot105!
Destroyed robot73!
Destroyed robot4!
Destroyed robot164!
Destroyed robot179!
Destroyed robot192!
Destroyed robot180!
Destroyed robot205!
Destroyed robot48!
Destroyed robot198!
Destroyed robot238!
Destroyed robot122!
Destroyed robot120!
Destroyed robot176!
Destroyed robot143!
Destroyed robot224!
Destroyed robot84!
Destroyed robot246!
Destroyed robot25!
Destroyed robot109!
Destroyed robot233!
Destroyed robot1!
Destroyed robot131!
Destroyed robot103!
Destroyed robot57!
Destroyed robot38!
Destroyed robot256!
Destroyed robot190!
Destroyed robot77!
Destroyed robot86!
Destroyed robot199!
Destroyed robot141!
Destroyed robot43!
Destroyed robot160!
Destroyed robot223!
Destroyed robot41!
Destroyed robot217!
Destroyed robot66!
Destroyed robot209!
Destroyed robot115!
Destroyed robot18!
Destroyed robot163!
Destroyed robot44!
Destroyed robot6!
Destroyed robot28!
Destroyed robot121!
Destroyed robot186!
Destroyed robot237!
Destroyed robot254!
Destroyed robot258!
Destroyed robot78!
Destroyed robot69!
Destroyed robot169!
Destroyed robot236!
Destroyed robot249!
Destroyed robot118!
Destroyed robot175!
Destroyed robot191!
Destroyed robot257!
Destroyed robot108!
Destroyed robot35!
Destroyed robot196!
Destroyed robot68!
Destroyed robot2!
Destroyed robot229!
Destroyed robot76!
Destroyed robot165!
Destroyed robot15!
Destroyed robot252!
Destroyed robot214!
Destroyed robot123!
Destroyed robot243!
Destroyed robot130!
Destroyed robot152!
Destroyed robot102!
Destroyed robot244!
Destroyed robot155!
Destroyed robot12!
Destroyed robot220!
Destroyed robot171!
Destroyed robot225!
Destroyed robot200!
Destroyed robot17!
Destroyed robot88!
Destroyed robot97!
Destroyed robot129!
Destroyed robot193!
Destroyed robot50!
Destroyed robot227!
Destroyed robot219!
Destroyed robot140!
Destroyed robot128!
Destroyed robot178!
Destroyed robot197!
Destroyed robot16!
Destroyed robot112!
Destroyed robot207!
Destroyed robot148!
Destroyed robot245!
Destroyed robot61!
******* testar.sh 260  ********


*** determinar crescimento de RS em relacao 260 robos ****


Experimento numero 36


analise60.sh: line 22: ./testar.sh: Permission denied
mv: cannot stat 'logs': No such file or directory
/home/andersoney/algoritmotcc
Stage 4.3.0 [GUI disabled]
 [Loading automatic1.world][Include map.inc][Include sick.inc][Include pioneer.inc]
Destroyed robot227!
Destroyed robot236!
Destroyed robot23!
Destroyed robot38!
Destroyed robot229!
Destroyed robot98!
Destroyed robot96!
Destroyed robot118!
Destroyed robot235!
Destroyed robot51!
Destroyed robot67!
Destroyed robot248!
Destroyed robot42!
Destroyed robot83!
Destroyed robot16!
Destroyed robot134!
Destroyed robot112!
Destroyed robot258!
Destroyed robot57!
Destroyed robot218!
Destroyed robot99!
Destroyed robot119!
Destroyed robot250!
Destroyed robot7!
Destroyed robot94!
Destroyed robot210!
Destroyed robot15!
Destroyed robot56!
Destroyed robot167!
Destroyed robot230!
Destroyed robot168!
Destroyed robot189!
Destroyed robot31!
Destroyed robot19!
Destroyed robot144!
Destroyed robot237!
Destroyed robot174!
Destroyed robot183!
Destroyed robot173!
Destroyed robot26!
Destroyed robot206!
Destroyed robot253!
Destroyed robot3!
Destroyed robot33!
Destroyed robot159!
Destroyed robot86!
Destroyed robot92!
Destroyed robot243!
Destroyed robot247!
Destroyed robot139!
Destroyed robot245!
Destroyed robot73!
Destroyed robot120!
Destroyed robot201!
Destroyed robot176!
Destroyed robot72!
Destroyed robot182!
Destroyed robot82!
Destroyed robot190!
Destroyed robot191!
Destroyed robot27!
Destroyed robot109!
Destroyed robot111!
Destroyed robot61!
Destroyed robot156!
Destroyed robot68!
Destroyed robot74!
Destroyed robot125!
Destroyed robot249!
Destroyed robot80!
Destroyed robot148!
Destroyed robot115!
Destroyed robot37!
Destroyed robot233!
Destroyed robot97!
Destroyed robot177!
Destroyed robot164!
Destroyed robot55!
Destroyed robot30!
Destroyed robot60!
Destroyed robot35!
Destroyed robot89!
Destroyed robot255!
Destroyed robot202!
Destroyed robot215!
Destroyed robot58!
Destroyed robot32!
Destroyed robot242!
Destroyed robot151!
Destroyed robot170!
Destroyed robot63!
Destroyed robot17!
Destroyed robot108!
Destroyed robot171!
Destroyed robot2!
Destroyed robot186!
Destroyed robot129!
Destroyed robot158!
Destroyed robot91!
Destroyed robot126!
Destroyed robot140!
Destroyed robot122!
Destroyed robot113!
Destroyed robot107!
Destroyed robot77!
Destroyed robot147!
Destroyed robot162!
Destroyed robot127!
Destroyed robot50!
Destroyed robot219!
Destroyed robot209!
Destroyed robot41!
Destroyed robot199!
Destroyed robot87!
Destroyed robot157!
Destroyed robot13!
Destroyed robot163!
Destroyed robot71!
Destroyed robot228!
Destroyed robot256!
Destroyed robot188!
Destroyed robot131!
Destroyed robot197!
Destroyed robot121!
Destroyed robot205!
Destroyed robot8!
Destroyed robot169!
Destroyed robot241!
Destroyed robot76!
Destroyed robot149!
Destroyed robot194!
Destroyed robot40!
Destroyed robot100!
Destroyed robot62!
Destroyed robot132!
Destroyed robot181!
Destroyed robot220!
Destroyed robot192!
Destroyed robot84!
Destroyed robot251!
Destroyed robot64!
Destroyed robot101!
Destroyed robot207!
Destroyed robot1!
Destroyed robot252!
Destroyed robot225!
Destroyed robot116!
Destroyed robot5!
Destroyed robot154!
Destroyed robot10!
Destroyed robot238!
Destroyed robot47!
Destroyed robot103!
Destroyed robot70!
Destroyed robot54!
Destroyed robot141!
Destroyed robot222!
Destroyed robot105!
Destroyed robot161!
Destroyed robot214!
Destroyed robot185!
Destroyed robot196!
Destroyed robot172!
Destroyed robot153!
Destroyed robot21!
Destroyed robot78!
Destroyed robot59!
Destroyed robot198!
Destroyed robot49!
Destroyed robot88!
Destroyed robot160!
Destroyed robot136!
Destroyed robot211!
Destroyed robot165!
Destroyed robot138!
Destroyed robot79!
Destroyed robot187!
Destroyed robot180!
Destroyed robot257!
Destroyed robot110!
Destroyed robot81!
Destroyed robot178!
Destroyed robot44!
Destroyed robot25!
Destroyed robot213!
Destroyed robot216!
Destroyed robot18!
Destroyed robot0!
Destroyed robot28!
Destroyed robot195!
Destroyed robot11!
Destroyed robot114!
Destroyed robot75!
Destroyed robot221!
Destroyed robot6!
Destroyed robot200!
Destroyed robot124!
Destroyed robot48!
Destroyed robot90!
Destroyed robot232!
Destroyed robot193!
Destroyed robot246!
Destroyed robot133!
Destroyed robot22!
Destroyed robot142!
Destroyed robot130!
Destroyed robot135!
Destroyed robot34!
Destroyed robot45!
Destroyed robot179!
Destroyed robot43!
Destroyed robot231!
Destroyed robot259!
Destroyed robot53!
Destroyed robot234!
Destroyed robot145!
Destroyed robot137!
Destroyed robot204!
Destroyed robot203!
Destroyed robot36!
Destroyed robot12!
Destroyed robot123!
Destroyed robot212!
Destroyed robot85!
Destroyed robot226!
Destroyed robot93!
Destroyed robot244!
Destroyed robot152!
Destroyed robot69!
Destroyed robot146!
Destroyed robot65!
Destroyed robot166!
Destroyed robot143!
Destroyed robot29!
Destroyed robot24!
Destroyed robot155!
Destroyed robot95!
Destroyed robot254!
Destroyed robot128!
Destroyed robot223!
Destroyed robot224!
Destroyed robot117!
Destroyed robot240!
Destroyed robot102!
Destroyed robot175!
Destroyed robot106!
Destroyed robot217!
Destroyed robot4!
Destroyed robot39!
Destroyed robot9!
Destroyed robot66!
Destroyed robot14!
Destroyed robot150!
Destroyed robot184!
Destroyed robot20!
Destroyed robot52!
Destroyed robot104!
Destroyed robot208!
Destroyed robot239!
******* testar.sh 260  ********


*** determinar crescimento de RS em relacao 260 robos ****


Experimento numero 37


analise60.sh: line 22: ./testar.sh: Permission denied
mv: cannot stat 'logs': No such file or directory
/home/andersoney/algoritmotcc
Stage 4.3.0 [GUI disabled]
 [Loading automatic1.world][Include map.inc][Include sick.inc][Include pioneer.inc]
Destroyed robot81!
Destroyed robot82!
Destroyed robot88!
Destroyed robot150!
Destroyed robot133!
Destroyed robot219!
Destroyed robot151!
Destroyed robot138!
Destroyed robot215!
Destroyed robot84!
Destroyed robot168!
Destroyed robot27!
Destroyed robot36!
Destroyed robot257!
Destroyed robot234!
Destroyed robot33!
Destroyed robot24!
Destroyed robot227!
Destroyed robot25!
Destroyed robot17!
Destroyed robot43!
Destroyed robot231!
Destroyed robot95!
Destroyed robot114!
Destroyed robot80!
Destroyed robot2!
Destroyed robot94!
Destroyed robot42!
Destroyed robot93!
Destroyed robot180!
Destroyed robot184!
Destroyed robot29!
Destroyed robot129!
Destroyed robot60!
Destroyed robot198!
Destroyed robot221!
Destroyed robot146!
Destroyed robot240!
Destroyed robot53!
Destroyed robot251!
Destroyed robot65!
Destroyed robot246!
Destroyed robot20!
Destroyed robot63!
Destroyed robot104!
Destroyed robot115!
Destroyed robot109!
Destroyed robot51!
Destroyed robot70!
Destroyed robot213!
Destroyed robot210!
Destroyed robot143!
Destroyed robot28!
Destroyed robot226!
Destroyed robot253!
Destroyed robot116!
Destroyed robot237!
Destroyed robot185!
Destroyed robot163!
Destroyed robot243!
Destroyed robot242!
Destroyed robot101!
Destroyed robot202!
Destroyed robot175!
Destroyed robot128!
Destroyed robot201!
Destroyed robot120!
Destroyed robot124!
Destroyed robot106!
Destroyed robot57!
Destroyed robot99!
Destroyed robot136!
Destroyed robot55!
Destroyed robot214!
Destroyed robot98!
Destroyed robot166!
Destroyed robot0!
Destroyed robot241!
Destroyed robot171!
Destroyed robot153!
Destroyed robot170!
Destroyed robot47!
Destroyed robot123!
Destroyed robot8!
Destroyed robot76!
Destroyed robot194!
Destroyed robot45!
Destroyed robot92!
Destroyed robot67!
Destroyed robot218!
Destroyed robot178!
Destroyed robot26!
Destroyed robot156!
Destroyed robot110!
Destroyed robot248!
Destroyed robot239!
Destroyed robot206!
Destroyed robot5!
Destroyed robot162!
Destroyed robot259!
Destroyed robot173!
Destroyed robot38!
Destroyed robot6!
Destroyed robot159!
Destroyed robot230!
Destroyed robot39!
Destroyed robot48!
Destroyed robot44!
Destroyed robot183!
Destroyed robot158!
Destroyed robot139!
Destroyed robot161!
Destroyed robot31!
Destroyed robot61!
Destroyed robot155!
Destroyed robot35!
Destroyed robot21!
Destroyed robot211!
Destroyed robot125!
Destroyed robot11!
Destroyed robot167!
Destroyed robot223!
Destroyed robot90!
Destroyed robot176!
Destroyed robot189!
Destroyed robot190!
Destroyed robot85!
Destroyed robot205!
Destroyed robot235!
Destroyed robot224!
Destroyed robot142!
Destroyed robot40!
Destroyed robot16!
Destroyed robot102!
Destroyed robot152!
Destroyed robot193!
Destroyed robot41!
Destroyed robot78!
Destroyed robot186!
Destroyed robot148!
Destroyed robot204!
Destroyed robot196!
Destroyed robot64!
Destroyed robot135!
Destroyed robot217!
Destroyed robot13!
Destroyed robot229!
Destroyed robot23!
Destroyed robot131!
Destroyed robot199!
Destroyed robot212!
Destroyed robot207!
Destroyed robot118!
Destroyed robot66!
Destroyed robot15!
Destroyed robot112!
Destroyed robot12!
Destroyed robot256!
Destroyed robot75!
Destroyed robot169!
Destroyed robot9!
Destroyed robot132!
Destroyed robot108!
Destroyed robot97!
Destroyed robot244!
Destroyed robot103!
Destroyed robot154!
Destroyed robot73!
Destroyed robot250!
Destroyed robot30!
Destroyed robot22!
Destroyed robot228!
Destroyed robot111!
Destroyed robot121!
Destroyed robot191!
Destroyed robot187!
Destroyed robot249!
Destroyed robot96!
Destroyed robot232!
Destroyed robot54!
Destroyed robot107!
Destroyed robot34!
Destroyed robot58!
Destroyed robot79!
Destroyed robot69!
Destroyed robot181!
Destroyed robot220!
Destroyed robot14!
Destroyed robot182!
Destroyed robot52!
Destroyed robot3!
Destroyed robot188!
Destroyed robot37!
Destroyed robot127!
Destroyed robot71!
Destroyed robot7!
Destroyed robot72!
Destroyed robot245!
Destroyed robot165!
Destroyed robot83!
Destroyed robot18!
Destroyed robot19!
Destroyed robot117!
Destroyed robot137!
Destroyed robot10!
Destroyed robot32!
Destroyed robot177!
Destroyed robot46!
Destroyed robot126!
Destroyed robot140!
Destroyed robot225!
Destroyed robot91!
Destroyed robot4!
Destroyed robot252!
Destroyed robot216!
Destroyed robot247!
Destroyed robot203!
Destroyed robot209!
Destroyed robot197!
Destroyed robot1!
Destroyed robot160!
Destroyed robot113!
Destroyed robot200!
Destroyed robot77!
Destroyed robot62!
Destroyed robot49!
Destroyed robot141!
Destroyed robot174!
Destroyed robot195!
Destroyed robot145!
Destroyed robot222!
Destroyed robot179!
Destroyed robot192!
Destroyed robot208!
Destroyed robot258!
Destroyed robot254!
Destroyed robot144!
Destroyed robot134!
Destroyed robot149!
Destroyed robot130!
Destroyed robot119!
Destroyed robot100!
Destroyed robot50!
Destroyed robot59!
Destroyed robot236!
Destroyed robot68!
Destroyed robot56!
Destroyed robot255!
Destroyed robot147!
Destroyed robot233!
Destroyed robot89!
Destroyed robot157!
Destroyed robot238!
Destroyed robot164!
Destroyed robot74!
Destroyed robot172!
Destroyed robot105!
Destroyed robot87!
Destroyed robot86!
******* testar.sh 260  ********


*** determinar crescimento de RS em relacao 260 robos ****


Experimento numero 38


analise60.sh: line 22: ./testar.sh: Permission denied
mv: cannot stat 'logs': No such file or directory
/home/andersoney/algoritmotcc
Stage 4.3.0 [GUI disabled]
 [Loading automatic1.world][Include map.inc][Include sick.inc][Include pioneer.inc]
Destroyed robot195!
Destroyed robot117!
Destroyed robot84!
Destroyed robot43!
Destroyed robot208!
Destroyed robot115!
Destroyed robot239!
Destroyed robot107!
Destroyed robot251!
Destroyed robot3!
Destroyed robot62!
Destroyed robot187!
Destroyed robot105!
Destroyed robot39!
Destroyed robot232!
Destroyed robot252!
Destroyed robot89!
Destroyed robot234!
Destroyed robot152!
Destroyed robot26!
Destroyed robot174!
Destroyed robot155!
Destroyed robot42!
Destroyed robot156!
Destroyed robot204!
Destroyed robot47!
Destroyed robot140!
Destroyed robot65!
Destroyed robot35!
Destroyed robot52!
Destroyed robot33!
Destroyed robot133!
Destroyed robot70!
Destroyed robot245!
Destroyed robot56!
Destroyed robot172!
Destroyed robot220!
Destroyed robot218!
Destroyed robot54!
Destroyed robot63!
Destroyed robot142!
Destroyed robot165!
Destroyed robot149!
Destroyed robot222!
Destroyed robot209!
Destroyed robot205!
Destroyed robot185!
Destroyed robot87!
Destroyed robot241!
Destroyed robot124!
Destroyed robot186!
Destroyed robot53!
Destroyed robot9!
Destroyed robot171!
Destroyed robot135!
Destroyed robot246!
Destroyed robot48!
Destroyed robot242!
Destroyed robot4!
Destroyed robot81!
Destroyed robot200!
Destroyed robot61!
Destroyed robot60!
Destroyed robot221!
Destroyed robot19!
Destroyed robot196!
Destroyed robot243!
Destroyed robot178!
Destroyed robot49!
Destroyed robot248!
Destroyed robot247!
Destroyed robot136!
Destroyed robot203!
Destroyed robot95!
Destroyed robot250!
Destroyed robot82!
Destroyed robot8!
Destroyed robot22!
Destroyed robot13!
Destroyed robot2!
Destroyed robot72!
Destroyed robot219!
Destroyed robot123!
Destroyed robot199!
Destroyed robot129!
Destroyed robot55!
Destroyed robot148!
Destroyed robot112!
Destroyed robot97!
Destroyed robot182!
Destroyed robot143!
Destroyed robot184!
Destroyed robot177!
Destroyed robot154!
Destroyed robot180!
Destroyed robot77!
Destroyed robot134!
Destroyed robot121!
Destroyed robot44!
Destroyed robot224!
Destroyed robot23!
Destroyed robot212!
Destroyed robot106!
Destroyed robot51!
Destroyed robot202!
Destroyed robot98!
Destroyed robot181!
Destroyed robot194!
Destroyed robot192!
Destroyed robot126!
Destroyed robot150!
Destroyed robot91!
Destroyed robot233!
Destroyed robot237!
Destroyed robot249!
Destroyed robot206!
Destroyed robot167!
Destroyed robot151!
Destroyed robot176!
Destroyed robot122!
Destroyed robot125!
Destroyed robot7!
Destroyed robot29!
Destroyed robot211!
Destroyed robot80!
Destroyed robot229!
Destroyed robot255!
Destroyed robot162!
Destroyed robot161!
Destroyed robot193!
Destroyed robot24!
Destroyed robot75!
Destroyed robot130!
Destroyed robot18!
Destroyed robot50!
Destroyed robot86!
Destroyed robot74!
Destroyed robot94!
Destroyed robot138!
Destroyed robot179!
Destroyed robot78!
Destroyed robot257!
Destroyed robot12!
Destroyed robot32!
Destroyed robot21!
Destroyed robot183!
Destroyed robot157!
Destroyed robot41!
Destroyed robot27!
Destroyed robot110!
Destroyed robot68!
Destroyed robot141!
Destroyed robot111!
Destroyed robot1!
Destroyed robot169!
Destroyed robot236!
Destroyed robot37!
Destroyed robot5!
Destroyed robot158!
Destroyed robot119!
Destroyed robot66!
Destroyed robot109!
Destroyed robot79!
Destroyed robot146!
Destroyed robot6!
Destroyed robot85!
Destroyed robot118!
Destroyed robot28!
Destroyed robot17!
Destroyed robot227!
Destroyed robot20!
Destroyed robot108!
Destroyed robot160!
Destroyed robot254!
Destroyed robot215!
Destroyed robot147!
Destroyed robot10!
Destroyed robot175!
Destroyed robot137!
Destroyed robot189!
Destroyed robot58!
Destroyed robot153!
Destroyed robot113!
Destroyed robot168!
Destroyed robot99!
Destroyed robot226!
Destroyed robot256!
Destroyed robot198!
Destroyed robot57!
Destroyed robot114!
Destroyed robot163!
Destroyed robot173!
Destroyed robot131!
Destroyed robot102!
Destroyed robot15!
Destroyed robot213!
Destroyed robot238!
Destroyed robot223!
Destroyed robot30!
Destroyed robot46!
Destroyed robot216!
Destroyed robot207!
Destroyed robot132!
Destroyed robot191!
Destroyed robot67!
Destroyed robot31!
Destroyed robot104!
Destroyed robot116!
Destroyed robot69!
Destroyed robot240!
Destroyed robot83!
Destroyed robot59!
Destroyed robot0!
Destroyed robot73!
Destroyed robot36!
Destroyed robot253!
Destroyed robot103!
Destroyed robot71!
Destroyed robot166!
Destroyed robot96!
Destroyed robot244!
Destroyed robot201!
Destroyed robot101!
Destroyed robot11!
Destroyed robot25!
Destroyed robot197!
Destroyed robot64!
Destroyed robot40!
Destroyed robot16!
Destroyed robot34!
Destroyed robot210!
Destroyed robot159!
Destroyed robot170!
Destroyed robot120!
Destroyed robot231!
Destroyed robot258!
Destroyed robot90!
Destroyed robot139!
Destroyed robot145!
Destroyed robot225!
Destroyed robot127!
Destroyed robot88!
Destroyed robot164!
Destroyed robot93!
Destroyed robot188!
Destroyed robot76!
Destroyed robot230!
Destroyed robot14!
Destroyed robot217!
Destroyed robot228!
Destroyed robot235!
Destroyed robot144!
Destroyed robot259!
Destroyed robot190!
Destroyed robot128!
Destroyed robot92!
Destroyed robot45!
Destroyed robot100!
Destroyed robot214!
******* testar.sh 260  ********


*** determinar crescimento de RS em relacao 260 robos ****


Experimento numero 39


analise60.sh: line 22: ./testar.sh: Permission denied
mv: cannot stat 'logs': No such file or directory
/home/andersoney/algoritmotcc
Stage 4.3.0 [GUI disabled]
 [Loading automatic1.world][Include map.inc][Include sick.inc][Include pioneer.inc]
Destroyed robot82!
Destroyed robot136!
Destroyed robot177!
Destroyed robot216!
Destroyed robot79!
Destroyed robot32!
Destroyed robot196!
Destroyed robot240!
Destroyed robot66!
Destroyed robot236!
Destroyed robot180!
Destroyed robot59!
Destroyed robot151!
Destroyed robot205!
Destroyed robot170!
Destroyed robot0!
Destroyed robot13!
Destroyed robot135!
Destroyed robot92!
Destroyed robot115!
Destroyed robot44!
Destroyed robot106!
Destroyed robot200!
Destroyed robot40!
Destroyed robot119!
Destroyed robot85!
Destroyed robot128!
Destroyed robot183!
Destroyed robot62!
Destroyed robot213!
Destroyed robot226!
Destroyed robot148!
Destroyed robot252!
Destroyed robot181!
Destroyed robot121!
Destroyed robot21!
Destroyed robot89!
Destroyed robot63!
Destroyed robot88!
Destroyed robot25!
Destroyed robot215!
Destroyed robot47!
Destroyed robot43!
Destroyed robot124!
Destroyed robot164!
Destroyed robot15!
Destroyed robot139!
Destroyed robot125!
Destroyed robot18!
Destroyed robot194!
Destroyed robot185!
Destroyed robot91!
Destroyed robot158!
Destroyed robot94!
Destroyed robot137!
Destroyed robot168!
Destroyed robot243!
Destroyed robot218!
Destroyed robot247!
Destroyed robot198!
Destroyed robot46!
Destroyed robot4!
Destroyed robot36!
Destroyed robot255!
Destroyed robot86!
Destroyed robot110!
Destroyed robot189!
Destroyed robot249!
Destroyed robot199!
Destroyed robot68!
Destroyed robot57!
Destroyed robot149!
Destroyed robot58!
Destroyed robot127!
Destroyed robot51!
Destroyed robot187!
Destroyed robot257!
Destroyed robot225!
Destroyed robot38!
Destroyed robot17!
Destroyed robot214!
Destroyed robot73!
Destroyed robot27!
Destroyed robot143!
Destroyed robot152!
Destroyed robot192!
Destroyed robot2!
Destroyed robot107!
Destroyed robot134!
Destroyed robot112!
Destroyed robot131!
Destroyed robot209!
Destroyed robot163!
Destroyed robot65!
Destroyed robot49!
Destroyed robot93!
Destroyed robot83!
Destroyed robot7!
Destroyed robot250!
Destroyed robot246!
Destroyed robot117!
Destroyed robot29!
Destroyed robot1!
Destroyed robot120!
Destroyed robot210!
Destroyed robot78!
Destroyed robot33!
Destroyed robot159!
Destroyed robot165!
Destroyed robot161!
Destroyed robot233!
Destroyed robot87!
Destroyed robot154!
Destroyed robot34!
Destroyed robot248!
Destroyed robot174!
Destroyed robot241!
Destroyed robot133!
Destroyed robot239!
Destroyed robot253!
Destroyed robot75!
Destroyed robot147!
Destroyed robot52!
Destroyed robot20!
Destroyed robot80!
Destroyed robot144!
Destroyed robot50!
Destroyed robot97!
Destroyed robot45!
Destroyed robot37!
Destroyed robot229!
Destroyed robot113!
Destroyed robot111!
Destroyed robot156!
Destroyed robot70!
Destroyed robot153!
Destroyed robot71!
Destroyed robot61!
Destroyed robot56!
Destroyed robot22!
Destroyed robot169!
Destroyed robot179!
Destroyed robot129!
Destroyed robot23!
Destroyed robot31!
Destroyed robot138!
Destroyed robot74!
Destroyed robot114!
Destroyed robot77!
Destroyed robot19!
Destroyed robot220!
Destroyed robot207!
Destroyed robot184!
Destroyed robot211!
Destroyed robot72!
Destroyed robot116!
Destroyed robot232!
Destroyed robot172!
Destroyed robot234!
Destroyed robot155!
Destroyed robot202!
Destroyed robot150!
Destroyed robot90!
Destroyed robot258!
Destroyed robot171!
Destroyed robot140!
Destroyed robot230!
Destroyed robot251!
Destroyed robot123!
Destroyed robot48!
Destroyed robot182!
Destroyed robot195!
Destroyed robot64!
Destroyed robot96!
Destroyed robot11!
Destroyed robot81!
Destroyed robot42!
Destroyed robot221!
Destroyed robot105!
Destroyed robot256!
Destroyed robot84!
Destroyed robot197!
Destroyed robot235!
Destroyed robot39!
Destroyed robot222!
Destroyed robot166!
Destroyed robot67!
Destroyed robot219!
Destroyed robot5!
Destroyed robot208!
Destroyed robot203!
Destroyed robot101!
Destroyed robot9!
Destroyed robot53!
Destroyed robot60!
Destroyed robot14!
Destroyed robot98!
Destroyed robot24!
Destroyed robot76!
Destroyed robot188!
Destroyed robot132!
Destroyed robot245!
Destroyed robot224!
Destroyed robot223!
Destroyed robot175!
Destroyed robot212!
Destroyed robot16!
Destroyed robot118!
Destroyed robot190!
Destroyed robot217!
Destroyed robot206!
Destroyed robot99!
Destroyed robot104!
Destroyed robot160!
Destroyed robot109!
Destroyed robot100!
Destroyed robot108!
Destroyed robot126!
Destroyed robot12!
Destroyed robot167!
Destroyed robot69!
Destroyed robot142!
Destroyed robot8!
Destroyed robot30!
Destroyed robot178!
Destroyed robot3!
Destroyed robot259!
Destroyed robot242!
Destroyed robot244!
Destroyed robot228!
Destroyed robot173!
Destroyed robot238!
Destroyed robot193!
Destroyed robot130!
Destroyed robot186!
Destroyed robot141!
Destroyed robot102!
Destroyed robot10!
Destroyed robot122!
Destroyed robot254!
Destroyed robot28!
Destroyed robot54!
Destroyed robot146!
Destroyed robot176!
Destroyed robot162!
Destroyed robot227!
Destroyed robot145!
Destroyed robot95!
Destroyed robot237!
Destroyed robot201!
Destroyed robot55!
Destroyed robot103!
Destroyed robot26!
Destroyed robot157!
Destroyed robot191!
Destroyed robot6!
Destroyed robot204!
Destroyed robot41!
Destroyed robot35!
******* testar.sh 260  ********


*** determinar crescimento de RS em relacao 260 robos ****


Experimento numero 40


analise60.sh: line 22: ./testar.sh: Permission denied
mv: cannot stat 'logs': No such file or directory
/home/andersoney/algoritmotcc
Stage 4.3.0 [GUI disabled]
 [Loading automatic1.world][Include map.inc][Include sick.inc][Include pioneer.inc]
Destroyed robot239!
Destroyed robot73!
Destroyed robot76!
Destroyed robot142!
Destroyed robot8!
Destroyed robot132!
Destroyed robot197!
Destroyed robot154!
Destroyed robot13!
Destroyed robot122!
Destroyed robot255!
Destroyed robot81!
Destroyed robot146!
Destroyed robot226!
Destroyed robot12!
Destroyed robot194!
Destroyed robot246!
Destroyed robot156!
Destroyed robot26!
Destroyed robot32!
Destroyed robot58!
Destroyed robot51!
Destroyed robot34!
Destroyed robot161!
Destroyed robot164!
Destroyed robot3!
Destroyed robot228!
Destroyed robot184!
Destroyed robot227!
Destroyed robot123!
Destroyed robot60!
Destroyed robot162!
Destroyed robot49!
Destroyed robot206!
Destroyed robot0!
Destroyed robot250!
Destroyed robot240!
Destroyed robot248!
Destroyed robot188!
Destroyed robot159!
Destroyed robot158!
Destroyed robot79!
Destroyed robot109!
Destroyed robot173!
Destroyed robot24!
Destroyed robot193!
Destroyed robot96!
Destroyed robot148!
Destroyed robot126!
Destroyed robot10!
Destroyed robot252!
Destroyed robot201!
Destroyed robot236!
Destroyed robot176!
Destroyed robot67!
Destroyed robot18!
Destroyed robot181!
Destroyed robot14!
Destroyed robot25!
Destroyed robot52!
Destroyed robot183!
Destroyed robot186!
Destroyed robot179!
Destroyed robot33!
Destroyed robot175!
Destroyed robot256!
Destroyed robot171!
Destroyed robot72!
Destroyed robot249!
Destroyed robot4!
Destroyed robot77!
Destroyed robot222!
Destroyed robot70!
Destroyed robot83!
Destroyed robot1!
Destroyed robot151!
Destroyed robot57!
Destroyed robot84!
Destroyed robot157!
Destroyed robot217!
Destroyed robot114!
Destroyed robot211!
Destroyed robot238!
Destroyed robot168!
Destroyed robot55!
Destroyed robot223!
Destroyed robot134!
Destroyed robot133!
Destroyed robot160!
Destroyed robot28!
Destroyed robot208!
Destroyed robot118!
Destroyed robot253!
Destroyed robot112!
Destroyed robot63!
Destroyed robot39!
Destroyed robot62!
Destroyed robot166!
Destroyed robot88!
Destroyed robot145!
Destroyed robot105!
Destroyed robot198!
Destroyed robot85!
Destroyed robot212!
Destroyed robot121!
Destroyed robot15!
Destroyed robot21!
Destroyed robot104!
Destroyed robot43!
Destroyed robot30!
Destroyed robot244!
Destroyed robot100!
Destroyed robot225!
Destroyed robot138!
Destroyed robot190!
Destroyed robot234!
Destroyed robot139!
Destroyed robot215!
Destroyed robot141!
Destroyed robot140!
Destroyed robot47!
Destroyed robot192!
Destroyed robot102!
Destroyed robot177!
Destroyed robot153!
Destroyed robot200!
Destroyed robot174!
Destroyed robot113!
Destroyed robot48!
Destroyed robot71!
Destroyed robot101!
Destroyed robot235!
Destroyed robot172!
Destroyed robot147!
Destroyed robot40!
Destroyed robot61!
Destroyed robot110!
Destroyed robot94!
Destroyed robot251!
Destroyed robot93!
Destroyed robot231!
Destroyed robot214!
Destroyed robot69!
Destroyed robot165!
Destroyed robot169!
Destroyed robot163!
Destroyed robot241!
Destroyed robot53!
Destroyed robot182!
Destroyed robot87!
Destroyed robot9!
Destroyed robot136!
Destroyed robot5!
Destroyed robot99!
Destroyed robot155!
Destroyed robot64!
Destroyed robot219!
Destroyed robot90!
Destroyed robot37!
Destroyed robot68!
Destroyed robot137!
Destroyed robot130!
Destroyed robot144!
Destroyed robot6!
Destroyed robot216!
Destroyed robot221!
Destroyed robot150!
Destroyed robot75!
Destroyed robot124!
Destroyed robot115!
Destroyed robot45!
Destroyed robot19!
Destroyed robot106!
Destroyed robot195!
Destroyed robot202!
Destroyed robot125!
Destroyed robot135!
Destroyed robot16!
Destroyed robot185!
Destroyed robot78!
Destroyed robot44!
Destroyed robot91!
Destroyed robot59!
Destroyed robot95!
Destroyed robot31!
Destroyed robot80!
Destroyed robot50!
Destroyed robot27!
Destroyed robot20!
Destroyed robot92!
Destroyed robot230!
Destroyed robot120!
Destroyed robot131!
Destroyed robot178!
Destroyed robot207!
Destroyed robot66!
Destroyed robot213!
Destroyed robot117!
Destroyed robot107!
Destroyed robot23!
Destroyed robot247!
Destroyed robot128!
Destroyed robot38!
Destroyed robot65!
Destroyed robot229!
Destroyed robot232!
Destroyed robot41!
Destroyed robot224!
Destroyed robot54!
Destroyed robot203!
Destroyed robot119!
Destroyed robot98!
Destroyed robot17!
Destroyed robot258!
Destroyed robot187!
Destroyed robot11!
Destroyed robot259!
Destroyed robot233!
Destroyed robot191!
Destroyed robot257!
Destroyed robot143!
Destroyed robot218!
Destroyed robot242!
Destroyed robot152!
Destroyed robot103!
Destroyed robot111!
Destroyed robot22!
Destroyed robot220!
Destroyed robot149!
Destroyed robot97!
Destroyed robot205!
Destroyed robot129!
Destroyed robot196!
Destroyed robot180!
Destroyed robot243!
Destroyed robot199!
Destroyed robot86!
Destroyed robot127!
Destroyed robot254!
Destroyed robot237!
Destroyed robot42!
Destroyed robot29!
Destroyed robot108!
Destroyed robot35!
Destroyed robot116!
Destroyed robot170!
Destroyed robot245!
Destroyed robot210!
Destroyed robot2!
Destroyed robot36!
Destroyed robot209!
Destroyed robot7!
Destroyed robot82!
Destroyed robot204!
Destroyed robot167!
Destroyed robot189!
Destroyed robot56!
Destroyed robot46!
Destroyed robot89!
******* testar.sh 360  ********
analise60.sh: line 22: ./testar.sh: Permission denied


*** determinar crescimento de RS em relacao 360 robos ****


Experimento numero 1


mv: cannot stat 'logs': No such file or directory
/home/andersoney/algoritmotcc
